nodeID	nodeLabel	DNA_methylation_logFC	DNA_methylation_P.Value	GRN_logFC	GRN_P.Value	GRN_eigenvalue	GRN_Page_Rank	GRN_size	GRN_nes	GRN_pval	fPPI_Mutations_of_interest_vs_Group_control_diff	fPPI_Mutations_of_interest_vs_Group_control_p.val	Metabo_mean.diff	Metabo_pvalue	eigen_pchic
36	frag_158430	0.27833152467644	1.29801125695079e-05	0	1	-0,01045008435012	-10,0111331994152	0	0	1	0	1	0	1	6.38567667782662e-18
37	frag_162561	-0.259729439242764	2.75837568372898e-05	0	1	-0,01045008435012	-10,0111331994152	0	0	1	0	1	0	1	3.11200109651828e-17
65	frag_277582	-0.315355732637674	8.66657218956473e-06	0	1	-0,01045008435012	-10,0111331994152	0	0	1	0	1	0	1	2.39714762162479e-17
67	frag_280754	0.249991790681588	4.85404904561518e-06	0	1	-0,01045008435012	-10,0111331994152	0	0	1	0	1	0	1	0
103	frag_403753	0.0541190288455543	8.02621468394443e-06	0	1	-0,01045008435012	-10,0111331994152	0	0	1	0	1	0	1	1.57604675184817e-18
113	frag_483816	0.244216660964687	8.5762340232386e-06	0	1	-0,01045008435012	-10,0111331994152	0	0	1	0	1	0	1	1.47438953426185e-17
120	frag_51905	0.0382520603294026	1.20406141599853e-05	0	1	-0,01045008435012	-10,0111331994152	0	0	1	0	1	0	1	3.15682017982824e-17
137	frag_610694	-0.272832460062808	3.9815581964219e-06	0	1	-0,01045008435012	-10,0111331994152	0	0	1	0	1	0	1	0
167	frag_6990	-0.0368189172611617	2.08481274268645e-05	0	1	-0,01045008435012	-10,0111331994152	0	0	1	0	1	0	1	0
280	AC005624.2	0.240307014508155	6.43787683707491e-06	0	1	-0,01045008435012	-10,0111331994152	0	0	1	0	1	0	1	0
281	AC009336.1	0.219379228312129	4.17355955992966e-08	0	1	-0,01045008435012	-10,0111331994152	0	0	1	0	1	0	1	4.01191630226513e-17
283	AC068831.6	0.279817997633943	2.80453592325609e-05	0	1	-0,01045008435012	-10,0111331994152	0	0	1	0	1	0	1	0
284	AC073957.15	0.29109708272295	1.88182139714404e-05	0	1	-0,01045008435012	-10,0111331994152	0	0	1	0	1	0	1	0
285	AC078883.3	-0.0220408150328601	6.26591951754794e-06	0	1	-0,01045008435012	-10,0111331994152	0	0	1	0	1	0	1	0
286	AC106782.20	0.265368916596213	8.94219377471588e-06	0	1	-0,01045008435012	-10,0111331994152	0	0	1	0	1	0	1	7.0336159901429e-17
288	AC139149.1	0.0198567551124742	2.81960999341725e-05	0	1	-0,01045008435012	-10,0111331994152	0	0	1	0	1	0	1	1
289	AC144521.1	-0.0544714477929186	3.71903865185696e-06	0	1	-0,01045008435012	-10,0111331994152	0	0	1	0	1	0	1	4.01153417706856e-17
290	ACAA1	0.0200017278027195	2.5729574539486e-06	0	1	-0,01045008435012	-10,0111331994152	0	0	1	-0.126538148778293	0.617775256654079	0	1	2.81443532685399e-18
323	ACLY	0.288718862415734	2.48044348981552e-06	-0,018957448711963	0,911622143032992	-7,59180307655545	-10,2127328303318	0	0	1	0.145094526288215	0.300422618144484	0	1	0
363	ACTG1	0.0198567551124742	2.81960999341725e-05	0	1	-0,01045008435012	-10,0111331994152	0	0	1	0	1	0	1	0.847127088383037
444	ADIRF-AS1	0.209448695086878	2.68378269726718e-05	0	1	-0,01045008435012	-10,0111331994152	0	0	1	0	1	0	1	1.59544844938638e-17
447	ADNP	-0.0443856273504203	2.0879258865936e-05	-0,153691555613615	0,449592160264549	-6,1909002936461	-7,67218199932329	19	-0,568884156423852	0,569434758039594	0.207894068290297	0.284155005165938	0	1	1.23915859182748e-17
450	ADORA2A-AS1	0.266809502734777	2.91710625912719e-05	0	1	-0,01045008435012	-10,0111331994152	0	0	1	0	1	0	1	3.31527298295051e-17
557	AKT2	0.207939950370118	1.77765914236275e-06	-0,021004090629653	0,897080006758215	-7,72514275250906	-10,2833711237554	0	0	1	-0.0869104157140956	0.623858758975285	0	1	1.53230112574102e-17
560	AL034553.1	-0.0443856273504203	2.0879258865936e-05	0	1	-0,01045008435012	-10,0111331994152	0	0	1	0	1	0	1	2.90913725074934e-17
561	AL136531.1	0.24993504630299	1.67590283206908e-05	0	1	-0,01045008435012	-10,0111331994152	0	0	1	0	1	0	1	1.52618652299376e-17
582	ALDH6A1	0.0282356121054307	2.94623974161348e-05	0,138655986915905	0,558337101022459	-6,26891134344945	-9,81617171420353	0	0	1	-0.163353557213799	0.455802428508178	0	1	0
644	AMT	0.233293810296891	2.21152050069618e-05	0,0560044858023	0,631356395739537	-7,78178914276935	-10,2599021771589	0	0	1	0	1	0	1	0
730	ANXA11	0.258109446250799	3.10845256581527e-05	0,922637710463595	0,162519299751348	-10,4553011172079	-10,2167323416945	0	0	1	-0.0435097396526736	0.847032542748465	0	1	0
820	AQP10	0.0296310737791326	1.3451924156803e-05	-1,67550363064978	0,19358961724159	-7,20064874926997	-10,2200075338971	0	0	1	0	1	0	1	0
963	ARVCF	0.0385455560160299	1.0809652255658e-05	0	1	-0,01045008435012	-10,0111331994152	0	0	1	0	1	0	1	0
985	ASIC3	-0.039331382343399	3.14019493339679e-05	0	1	-0,01045008435012	-10,0111331994152	0	0	1	0	1	0	1	2.99298998360777e-17
1040	ATL2	-0.0724244692648347	1.9916216975293e-05	0	1	-0,01045008435012	-10,0111331994152	0	0	1	-0.450963158335414	0.0578984492743386	0	1	1.84002242039988e-17
1107	ATP8A1	-0.0770203507307613	1.69156748319918e-05	-0,460342782608694	0,112628011512185	-7,91127566270674	-9,7623767641382	0	0	1	-0.7523124729783	0.0287825401582704	0	1	0
1109	ATP8B2	0.0296310737791326	1.3451924156803e-05	0,574337552795035	0,152385680859509	-6,37438019328205	-9,48548088806111	0	0	1	0	1	0	1	0
1205	BBIP1	-0.0285473796103131	2.48146521230895e-05	0	1	-0,01045008435012	-10,0111331994152	0	0	1	0	1	0	1	0
1213	BCAP29	0.0647345601007236	5.84075616014549e-06	0,167546229813665	0,537965414121201	-8,2306223920351	-10,1980348356112	0	0	1	-0.386169392446368	0.192470251706926	0	1	0
1240	BCL7C	0.265368916596213	8.94219377471588e-06	-0,023035925465837	0,936187125102884	-7,62234007590225	-9,81179760584416	0	0	1	0	1	0	1	7.60279602340481e-17
1366	BTBD19	0.225008034306723	8.74889203863148e-06	0,581230496024845	0,225723442502004	-8,7858412585229	-10,242980729097	0	0	1	0	1	0	1	2.68300080535093e-17
1393	BX322557.10	0.264517501069326	7.58462230884363e-06	0	1	-0,01045008435012	-10,0111331994152	0	0	1	0	1	0	1	0
1423	C12orf80	-0.239142234865312	1.71293590337191e-05	0	1	-0,01045008435012	-10,0111331994152	0	0	1	0	1	0	1	0
1549	C7orf50	0.29109708272295	1.88182139714404e-05	-0,156070726708075	0,530489590021972	-9,17592287987938	-9,67805966249956	0	0	1	0.0340050522950737	0.866010166961246	0	1	0
1727	CCDC137	0.23404543486579	1.90412394072479e-05	0	1	-0,01045008435012	-10,0111331994152	0	0	1	0	1	0	1	0
1730	CCDC140	0.166910521380047	3.27608778688289e-05	0	1	-0,01045008435012	-10,0111331994152	0	0	1	0	1	0	1	0
1970	CDK5	-0.039331382343399	3.14019493339679e-05	0,396761813664597	0,01684498392682	-8,68008365798007	-10,2470210210796	0	0	1	0.248465570016362	0.148851834119379	0	1	2.78455949674581e-17
1983	CDKN2A	0.191081472218954	1.24746740484469e-05	0,185406145341615	0,404362266226937	-8,05730907328837	-9,7695211653243	0	0	1	0	1	0	1	8.30433299006792e-17
1986	CDKN2B	0.191081472218954	1.24746740484469e-05	0	1	-0,01045008435012	-10,0111331994152	0	0	1	0	1	0	1	8.51326242950176e-17
1987	CDKN2B-AS1	0.191081472218954	1.24746740484469e-05	0	1	-0,01045008435012	-10,0111331994152	0	0	1	0	1	0	1	6.15338503168028e-17
2012	CEBPZ	-0.0358716222024126	1.74410744319879e-06	0,0333508136646	0,869128829538775	-5,78831407695352	-7,42908928147859	23	0,783033275498948	0,433607571875009	-0.0191912081089995	0.924871150462237	0	1	1.69593670289319e-17
2030	CENPL	-0.0443309883889657	6.16157725657016e-07	-0,234967080869565	0,52812819585804	-5,76134969500111	-9,53208882342121	0	0	1	0	1	0	1	0
2115	CHKB	0.0219859651605731	1.73361884248253e-05	0	1	-0,01045008435012	-10,0111331994152	0	0	1	0.516612764657637	0.250412142323849	0	1	0
2116	CHKB-AS1	0.0219859651605731	1.73361884248253e-05	0	1	-0,01045008435012	-10,0111331994152	0	0	1	0	1	0	1	0
2117	CHKB-CPT1B	0.0219859651605731	1.73361884248253e-05	0,298267304347819	0,307165692033226	-8,65493813212058	-10,1736326200637	0	0	1	0	1	0	1	0
2236	CLMP	-0.228539273166591	3.00285074751316e-05	0	1	-0,01045008435012	-10,0111331994152	0	0	1	0	1	0	1	1.24055515599446e-17
2260	CLUHP3	-0.0832690860870739	1.41079244491912e-05	0	1	-0,01045008435012	-10,0111331994152	0	0	1	0	1	0	1	1.04106487867184e-17
2291	CNOT2	-0.093750694437127	4.11673505266682e-06	0,071856857142858	0,6214444541275	-7,70294981563044	-9,754428752595	0	0	1	0.355409771509025	0.0805031310648471	0	1	2.92956969484519e-17
2439	CPT1B	0.0219859651605731	1.73361884248253e-05	-0,07717409937888	0,801128419833738	-9,0523956087285	-10,2147103301605	0	0	1	0	1	0	1	0
2533	CTA-384D8.33	0.0219859651605731	1.73361884248253e-05	0	1	-0,01045008435012	-10,0111331994152	0	0	1	0	1	0	1	0
2534	CTA-984G1.5	-0.0681281257888411	1.82342403432188e-05	0	1	-0,01045008435012	-10,0111331994152	0	0	1	0	1	0	1	2.721255648931e-17
2538	CTB-174O21.2	-0.0230817217073699	3.10676812500966e-05	0	1	-0,01045008435012	-10,0111331994152	0	0	1	0	1	0	1	1.31581402129298e-17
2542	CTC-338M12.4	-0.0866893501895363	2.61751499799479e-05	0	1	-0,01045008435012	-10,0111331994152	0	0	1	0	1	0	1	2.59227622690883e-16
2543	CTC-425O23.2	0.207939950370118	1.77765914236275e-06	0	1	-0,01045008435012	-10,0111331994152	0	0	1	0	1	0	1	2.51968559945157e-17
2544	CTC-435M10.3	-0.0305802835151539	4.85749694092228e-06	0	1	-0,01045008435012	-10,0111331994152	0	0	1	0	1	0	1	9.13558851060638e-18
2546	CTD-2192J16.11	0.230667196006713	5.89838577395788e-07	0	1	-0,01045008435012	-10,0111331994152	0	0	1	0	1	0	1	0
2547	CTD-2358C21.4	-0.0832690860870739	1.41079244491912e-05	0	1	-0,01045008435012	-10,0111331994152	0	0	1	0	1	0	1	4.11683728465948e-17
2548	CTD-2528A14.5	-0.0600971290674154	2.22736659941679e-05	0	1	-0,01045008435012	-10,0111331994152	0	0	1	0	1	0	1	0
2549	CTD-2544N14.3	0.272876887067697	3.48469388803217e-05	0	1	-0,01045008435012	-10,0111331994152	0	0	1	0	1	0	1	2.44559517967787e-17
2553	CTF1	0.265368916596213	8.94219377471588e-06	0	1	-0,01045008435012	-10,0111331994152	0	0	1	0	1	0	1	5.59039318122389e-17
2645	CYP26C1	0.253438877756714	7.66820564248578e-06	0	1	-0,01045008435012	-10,0111331994152	0	0	1	0	1	0	1	0
2697	DARS2	-0.0443309883889657	6.16157725657016e-07	0	1	-0,01045008435012	-10,0111331994152	0	0	1	0.116268181051677	0.481456687668637	0	1	0
2706	DBNDD2	0.21976257435667	1.16540795673491e-06	-1,04527202484472	0,113286172266356	-7,9360855933565	-9,74536859388841	0	0	1	0	1	0	1	0
2726	DCDC2B	-0.0703356177952262	5.00268823077676e-06	0	1	-0,01045008435012	-10,0111331994152	0	0	1	0	1	0	1	0
2889	DICER1	-0.0898495125323444	3.47724576283832e-05	0,060805012422362	0,75440234802304	-6,69026065297246	-9,8339836700399	0	0	1	0	1	0	1	0
2890	DICER1-AS1	-0.0898495125323444	3.47724576283832e-05	0	1	-0,01045008435012	-10,0111331994152	0	0	1	0	1	0	1	0
2898	DIS3	-0.0479993743122012	9.8708654930204e-06	0	1	-0,01045008435012	-10,0111331994152	0	0	1	0.0401141156733615	0.80388490882821	0	1	0
2935	DNAAF1	-0.0447283760575761	2.5288436882707e-05	0	1	-0,01045008435012	-10,0111331994152	0	0	1	0	1	0	1	1.91423730632901e-17
3075	DTL	-0.138341233104297	6.77098020358149e-06	-0,258126577639752	0,600151119797019	-3,30235179954433	-8,79859496648107	0	0	1	0	1	0	1	0
3251	EIF3I	-0.0703356177952262	5.00268823077676e-06	-0,348231677018638	0,364303485155333	-6,70072021270094	-10,2911331250652	0	0	1	0.0494773256927665	0.718645270433075	0	1	0
3261	EIF4E1B	0.274652918840694	3.02813435832662e-05	0	1	-0,01045008435012	-10,0111331994152	0	0	1	0	1	0	1	4.57872603534349e-17
3351	ENTPD3-AS1	-0.0610526821939703	2.85822470304581e-05	0	1	-0,01045008435012	-10,0111331994152	0	0	1	0	1	0	1	0
3400	ERAL1	-0.0184300553727826	3.5408118129444e-05	0	1	-0,01045008435012	-10,0111331994152	0	0	1	-0.00297691037270198	0.990793441906476	0	1	2.78311698059436e-17
3471	EWSR1	-0.0681281257888411	1.82342403432188e-05	0,130740024844725	0,358563694362274	-10,9675672489907	-10,0887332011602	0	0	1	0.193558938041612	0.297912213295282	0	1	3.48394348741795e-17
3536	FAIM3	-0.269012289419001	6.87399908106143e-07	0	1	-0,01045008435012	-10,0111331994152	0	0	1	0	1	0	1	2.0150683230049e-17
3607	FAM216A	-0.0758854097740564	1.29931962056051e-06	0	1	-0,01045008435012	-10,0111331994152	0	0	1	0	1	0	1	0
3609	FAM222B	-0.0184300553727826	3.5408118129444e-05	0	1	-0,01045008435012	-10,0111331994152	0	0	1	0	1	0	1	2.25357652704005e-17
3610	FAM229B	-0.0186530800697431	7.72458684267942e-06	0	1	-0,01045008435012	-10,0111331994152	0	0	1	0	1	0	1	0
3822	FLOT1	-0.0544741642919082	4.23655034324627e-06	-0,620536211180123	0,030671110588487	-9,77100047470278	-10,2171895374188	0	0	1	-0.921472934147101	0.0289901400232667	0	1	3.89052788887815e-17
3864	FOXF2	0.134576441667471	2.55052649889484e-05	0	1	-0,01045008435012	-10,0111331994152	0	0	1	0	1	0	1	0
3879	FOXP1	-0.0314870907279003	1.22160026867231e-05	0,036546049689442	0,887820921499347	-6,02206890238231	-8,21366118876606	11	0,129300559894036	0,897119828422351	0	1	0	1	0
3974	GADD45B	0.240307014508155	6.43787683707491e-06	-0,521171267080744	0,172188715342657	-6,76989473974402	-9,00037192546642	0	0	1	0	1	0	1	2.82740715364908e-17
3994	GALNT4	0.0440602624026318	2.56811668036316e-05	-1,09710152919254	0,026202183212971	-7,70713993589478	-9,2434408582243	0	0	1	0	1	0	1	9.32843733744286e-17
4021	GAS7	-0.0333905873542454	1.91713146305279e-06	0	1	-0,01045008435012	-10,0111331994152	0	0	1	0	1	0	1	0
4105	GIGYF1	0.151927875567591	2.47416648299409e-05	-0,269027012422359	0,30025858985099	-9,37624696869699	-10,2909891768053	0	0	1	0	1	0	1	0
4140	GLI1	-0.0159675728878999	3.44651505738193e-05	-0,331776727726708	0,424567412636928	-6,19208952527159	-7,82310590683696	14	0,602542686643895	0,546812957801842	0	1	0	1	1.50786791912359e-17
4174	GLYCTK	-0.0757669180508409	8.14051963108906e-06	0,10585147826087	0,702582891579039	-6,13556582512436	-9,24607220896592	0	0	1	0	1	0	1	4.26161717722197e-17
4206	GNB2	0.151927875567591	2.47416648299409e-05	-0,092527913043476	0,731566298859874	-6,98264387301897	-9,82815671990188	0	0	1	0	1	0	1	0
4207	GNB2L1	-0.0866893501895363	2.61751499799479e-05	0	1	-0,01045008435012	-10,0111331994152	0	0	1	0.00469199999999859	0.97986145752988	0	1	2.71432808963486e-16
4233	GOLGA2	-0.0712037111526421	3.48690105424592e-05	0	1	-0,01045008435012	-10,0111331994152	0	0	1	-0.0492998822067534	0.752762602730315	0	1	0
4283	GPN3	-0.0758854097740564	1.29931962056051e-06	0,44252445962733	0,148141654018824	-7,30435621317392	-9,80845754868212	0	0	1	0	1	0	1	0
4381	GSTA4	-0.025275851046887	3.26127694798452e-06	0	1	-0,01045008435012	-10,0111331994152	0	0	1	0	1	0	1	0
4511	HCP5	0.171907537624994	6.31569979365096e-06	0,282962526521739	0,660426455008822	-9,77100047470279	-10,2171895374188	0	0	1	0	1	0	1	1.5151602508292e-17
4512	HCST	-0.181234128357611	2.76114562395145e-05	0,414644496894411	0,273714397476528	-7,73839331485633	-9,803655368226	0	0	1	0	1	0	1	0
4551	HERC3	0.242278623136416	2.67171035706766e-05	0,232318329192548	0,107887195261395	-8,80602860077742	-9,721772941869	0	0	1	0	1	0	1	1.03792944859986e-16
4723	HOXD10	0.219379228312129	4.17355955992966e-08	0	1	-0,01045008435012	-10,0111331994152	0	0	1	0	1	0	1	1.92469260790328e-17
4724	HOXD11	0.219379228312129	4.17355955992966e-08	0	1	-0,01045008435012	-10,0111331994152	0	0	1	0	1	0	1	2.95176319757155e-17
4765	HSDL1	-0.0447283760575761	2.5288436882707e-05	0	1	-0,01045008435012	-10,0111331994152	0	0	1	0	1	0	1	7.76709850767278e-18
4787	HSPA8	-0.228539273166591	3.00285074751316e-05	0,083071863354038	0,623606366012958	-6,939365734214	-9,4734500745547	0	0	1	-0.0942465507246411	0.505030647035372	0	1	1.04914479948892e-17
4807	HTRA4	0.272876887067697	3.48469388803217e-05	-0,298637411428572	0,730064721207753	-2,72686002818967	-9,28106716959019	0	0	1	0	1	0	1	2.43272786454276e-17
4808	HTT	0.259315377077666	1.35604506022956e-05	0,173018583850937	0,311059956313	-6,77585670561453	-10,257148600036	0	0	1	0.0391583039503942	0.81761076877708	0	1	0
4809	HTT-AS	0.259315377077666	1.35604506022956e-05	0	1	-0,01045008435012	-10,0111331994152	0	0	1	0	1	0	1	0
4843	IER3	-0.0544741642919082	4.23655034324627e-06	0,115902627329195	0,557838991095825	-9,33685664211709	-10,2460800199381	0	0	1	0	1	0	1	8.30768845175568e-18
4985	INHBE	-0.0159675728878999	3.44651505738193e-05	0,408530273291923	0,582159127872202	-8,84711705837105	-10,1774263135319	0	0	1	0	1	0	1	3.18349082497139e-18
5014	INTS7	-0.138341233104297	6.77098020358149e-06	0	1	-0,01045008435012	-10,0111331994152	0	0	1	0.0743268436471958	0.716728418612332	0	1	0
5092	ITGA6	-0.0220408150328601	6.26591951754794e-06	0,570661012422363	0,151053030464519	-5,1432429111553	-9,26209340794327	0	0	1	0	1	0	1	0
5102	ITGB2	-0.196172195509188	2.57411153567115e-05	-0,114885024844719	0,780991642136952	-7,26635865885009	-9,80856396412329	0	0	1	-0.534037014492757	0.104334874019709	0	1	6.32595594793582e-17
5103	ITGB2-AS1	-0.196172195509188	2.57411153567115e-05	0	1	-0,01045008435012	-10,0111331994152	0	0	1	0	1	0	1	7.43439850989887e-17
5275	KIAA0391	-0.0347845869805819	6.19602557415434e-06	0	1	-0,01045008435012	-10,0111331994152	0	0	1	-0.0165165739271611	0.937066688310999	0	1	0
5346	KLC4	-0.0318862869726504	5.38447008281493e-06	-1,09277245248447	0,165903578214743	-7,933100176196	-9,75549176025172	0	0	1	-0.0322161265682244	0.888638071967629	0	1	0
5401	KMT2E	-0.070875765190029	2.12455557505171e-06	0	1	-0,01045008435012	-10,0111331994152	0	0	1	0	1	0	1	2.40004259948595e-17
5402	KMT2E-AS1	-0.070875765190029	2.12455557505171e-06	0	1	-0,01045008435012	-10,0111331994152	0	0	1	0	1	0	1	3.03682190222906e-18
5433	KRT80	-0.239142234865312	1.71293590337191e-05	0	1	-0,01045008435012	-10,0111331994152	0	0	1	0	1	0	1	0
5435	KRTAP12-3	-0.289173333559759	3.22407300635555e-05	0	1	-0,01045008435012	-10,0111331994152	0	0	1	0	1	0	1	1.17531803963048e-20
5436	KRTAP12-4	-0.289173333559759	3.22407300635555e-05	0	1	-0,01045008435012	-10,0111331994152	0	0	1	0	1	0	1	0
5480	LAPTM4B	0.28115496510443	2.21748531380528e-05	0	1	-0,01045008435012	-10,0111331994152	0	0	1	0	1	0	1	0
5588	LIN52	0.0282356121054307	2.94623974161348e-05	0	1	-0,01045008435012	-10,0111331994152	0	0	1	0	1	0	1	0
5592	LINC00857	0.258109446250799	3.10845256581527e-05	0	1	-0,01045008435012	-10,0111331994152	0	0	1	0	1	0	1	0
5593	LINC01004	-0.070875765190029	2.12455557505171e-06	0	1	-0,01045008435012	-10,0111331994152	0	0	1	0	1	0	1	1.10148356127625e-17
5616	LL21NC02-1C16.1	-0.196172195509188	2.57411153567115e-05	0	1	-0,01045008435012	-10,0111331994152	0	0	1	0	1	0	1	9.06910032315122e-17
5617	LL21NC02-1C16.2	-0.196172195509188	2.57411153567115e-05	0	1	-0,01045008435012	-10,0111331994152	0	0	1	0	1	0	1	4.77091887714545e-17
5633	LMNB2	0.240307014508155	6.43787683707491e-06	-0,180953440993785	0,575177395921353	-9,1950616146147	-9,76511664115684	0	0	1	-0.129586985507252	0.435693044751499	0	1	3.7155109284416e-18
5772	LY86	-0.264496016343841	4.6740751383246e-06	2,65154620484472	0,00214859424261	-6,26554124465799	-10,3038224765992	0	0	1	0	1	0	1	0
5773	LY86-AS1	-0.264496016343841	4.6740751383246e-06	0	1	-0,01045008435012	-10,0111331994152	0	0	1	0	1	0	1	0
5861	MAP1LC3B2	-0.116633439650565	2.35015780680693e-07	-0,38414658385093	0,196207202070076	-8,83497855868274	-10,2056419106649	0	0	1	0	1	0	1	0
6345	MICA	0.171907537624994	6.31569979365096e-06	0	1	-0,01045008435012	-10,0111331994152	0	0	1	0	1	0	1	1.98382134802011e-17
6365	MIR135A1	-0.0757669180508409	8.14051963108906e-06	0	1	-0,01045008435012	-10,0111331994152	0	0	1	0	1	0	1	1.78503469457978e-17
6368	MIR219-1	0.175651806596689	2.20526373620634e-05	0	1	-0,01045008435012	-10,0111331994152	0	0	1	0	1	0	1	2.18615524596728e-17
6369	MIR320A	0.24687295475894	2.52712366664285e-05	0	1	-0,01045008435012	-10,0111331994152	0	0	1	0	1	0	1	1.69007905421083e-17
6370	MIR4281	0.274652918840694	3.02813435832662e-05	0	1	-0,01045008435012	-10,0111331994152	0	0	1	0	1	0	1	3.42210446967515e-17
6371	MIR641	0.207939950370118	1.77765914236275e-06	0	1	-0,01045008435012	-10,0111331994152	0	0	1	0	1	0	1	1.62167540405508e-17
6372	MIR762	0.265368916596213	8.94219377471588e-06	0	1	-0,01045008435012	-10,0111331994152	0	0	1	0	1	0	1	4.9864394254774e-17
6413	MMRN2	0.209448695086878	2.68378269726718e-05	0,068695241614904	0,948611238933353	-8,14934031053376	-10,2328717099187	0	0	1	0	1	0	1	1.15175562275098e-17
6484	MRPL2	-0.0318862869726504	5.38447008281493e-06	0,034894068322982	0,868184031313937	-7,04279869199013	-10,247437981276	0	0	1	0.0893887359953354	0.633042012571872	0	1	0
6665	MYD88	0.0200017278027195	2.5729574539486e-06	-0,258943422360248	0,530110016149213	-3,68015719692955	-9,82099029823105	0	0	1	-0.0250294853590987	0.896582889811068	0	1	0
6686	MYO15B	0.195815132653139	2.30464395481412e-05	-0,091342248447203	0,806258735043768	-10,5024600394381	-10,241979002291	0	0	1	0	1	0	1	9.67069353085852e-18
6705	MYO9B	-0.0600971290674154	2.22736659941679e-05	-0,217345062111798	0,173857443467394	-7,82549534333973	-9,75923346717723	0	0	1	0.108342805035992	0.526050563419293	0	1	0
6877	NDUFAF7	-0.0358716222024126	1.74410744319879e-06	0	1	-0,01045008435012	-10,0111331994152	0	0	1	0.426791244292849	0.0350524565108476	0	1	1.05612970475815e-17
6961	NFKBID	-0.181234128357611	2.76114562395145e-05	-0,086670459627325	0,828741592900079	-7,79214007575065	-9,75619043616645	0	0	1	0	1	0	1	0
6987	NICN1-AS1	0.233293810296891	2.21152050069618e-05	0	1	-0,01045008435012	-10,0111331994152	0	0	1	0	1	0	1	0
7105	NPLOC4	0.23404543486579	1.90412394072479e-05	0	1	-0,01045008435012	-10,0111331994152	0	0	1	-0.029598183099079	0.835863063943184	0	1	0
7236	NUP98	-0.0304465294067877	1.20597349977794e-05	-0,11470556521739	0,418498943688144	-9,99642694270471	-9,74097835933952	0	0	1	0.0391837853216046	0.762176229966545	0	1	0
7332	ORC6	-0.0680279	4.314846e-06	0	1	-0,01045008435012	-10,0111331994152	0	0	1	0	1	0	1	0
7379	OXLD1	0.2340454	1.904124e-05	0	1	-0,01045008435012	-10,0111331994152	0	0	1	0	1	0	1	0
7490	PAX3	0.1669105	3.276088e-05	0	1	-0,01045008435012	-10,0111331994152	0	0	1	0	1	0	1	0
7587	PDE6G	0.2340454	1.904124e-05	-0,15341360416149	0,786289654222273	-8,73777384244011	-9,73727683191379	0	0	1	0	1	0	1	0
7692	PGAP2	-0.03044653	1.205973e-05	0,010545347826088	0,957559132731748	-8,38603231726675	-10,2174562523492	0	0	1	0	1	0	1	0
7700	PGK1P2	0.2306672	5.898386e-07	0	1	-0,01045008435012	-10,0111331994152	0	0	1	0	1	0	1	0
7756	PHLDA2	0.1998215	2.762706e-05	-0,673826205900621	0,450069989635305	-10,9675672489907	-10,0887332011602	0	0	1	0	1	0	1	0
7767	PHYHIP	0.246873	2.527124e-05	0	1	-0,01045008435012	-10,0111331994152	0	0	1	0	1	0	1	1.71495770546857e-17
7780	PIBF1	-0.04799937	9.870865e-06	0,332403527950309	0,190843751137803	-6,35262103535784	-9,07349491506508	0	0	1	0	1	0	1	0
7794	PIGR	-0.2690123	6.873999e-07	0	1	-0,01045008435012	-10,0111331994152	0	0	1	0	1	0	1	2.88215165975716e-17
7800	PIGY	0.2422786	2.67171e-05	0,037447285714285	0,861311725135298	-7,41248646239238	-9,49067154405553	0	0	1	0	1	0	1	9.92343517116735e-17
7901	PLEKHA2	0.2728769	3.484694e-05	0	1	-0,01045008435012	-10,0111331994152	0	0	1	0.1044799	0.5740751	0	1	0
7991	POC1B	0.04406026	2.568117e-05	0	1	-0,01045008435012	-10,0111331994152	0	0	1	0	1	0	1	6.92493792051652e-17
7992	POC1B-GALNT4	0.04406026	2.568117e-05	0	1	-0,01045008435012	-10,0111331994152	0	0	1	0	1	0	1	7.03491677938709e-17
8000	POFUT2	0.2645175	7.584622e-06	0,043303527950312	0,845090131645819	-8,30470432115607	-10,2350968586368	0	0	1	0	1	0	1	1.64172497731437e-18
8042	POLR3D	0.246873	2.527124e-05	0,394080403726709	0,135534727524565	-8,36945788633583	-10,1685234607803	0	0	1	0	1	0	1	0
8164	PPP2R3C	-0.03478459	6.196026e-06	0,003752726708075	0,980145513187648	-7,16056621189324	-9,75251695404164	0	0	1	0	1	0	1	0
8246	PRKD2	-0.02308172	3.106768e-05	0	1	-0,01045008435012	-10,0111331994152	0	0	1	-0.07809295	0.702386	0	1	1.91067999515041e-17
8398	PTCH2	0.225008	8.748892e-06	0,217953683229815	0,246049163711481	-9,24471489264729	-10,2428227657232	0	0	1	0	1	0	1	0
8492	PYURF	0.2422786	2.67171e-05	0	1	-0,01045008435012	-10,0111331994152	0	0	1	0	1	0	1	5.64643691293538e-17
8737	RCCD1	0.279818	2.804536e-05	-0,033480913043478	0,904802413370176	-8,50601210081305	-9,67358605210069	0	0	1	0	1	0	1	0
8761	RECQL5	0.1958151	2.304644e-05	0,231779403726709	0,202316763016002	-8,15833412786093	-9,464990878055	0	0	1	-0.01553358	0.9629444	0	1	5.54373357546652e-17
8844	RHBDD3	-0.06812813	1.823424e-05	-0,094304695652172	0,720523580051322	-7,88380392400009	-10,2671445170045	0	0	1	0	1	0	1	2.51672697398722e-17
8882	RING1	0.1756518	2.205264e-05	0	1	-0,01045008435012	-10,0111331994152	0	0	1	0.2449281	0.2720065	0	1	3.29145398909172e-17
8901	RN7SK	-0.02527585	3.261277e-06	0	1	-0,01045008435012	-10,0111331994152	0	0	1	0	1	0	1	0
8982	RNU5E-6P	0.225008	8.748892e-06	0	1	-0,01045008435012	-10,0111331994152	0	0	1	0	1	0	1	1.94785456799757e-17
8984	RNU6-43P	0.2068943	1.971603e-05	0	1	-0,01045008435012	-10,0111331994152	0	0	1	0	1	0	1	1.84772218701026e-17
8985	RNU6-940P	0.2198932	1.520408e-06	0	1	-0,01045008435012	-10,0111331994152	0	0	1	0	1	0	1	5.03524068198642e-18
8986	RNU7-177P	0.281155	2.217485e-05	0	1	-0,01045008435012	-10,0111331994152	0	0	1	0	1	0	1	0
8998	RP11-109E24.2	-0.07702035	1.691567e-05	0	1	-0,01045008435012	-10,0111331994152	0	0	1	0	1	0	1	0
8999	RP11-149I2.4	0.1910815	1.247467e-05	0	1	-0,01045008435012	-10,0111331994152	0	0	1	0	1	0	1	9.4398975942582e-17
9000	RP11-154H23.3	-0.03148709	1.2216e-05	0	1	-0,01045008435012	-10,0111331994152	0	0	1	0	1	0	1	0
9001	RP11-20B24.3	-0.01843006	3.540812e-05	0	1	-0,01045008435012	-10,0111331994152	0	0	1	0	1	0	1	1.75264313641086e-17
9002	RP11-348J12.2	0.2534389	7.668206e-06	0	1	-0,01045008435012	-10,0111331994152	0	0	1	0	1	0	1	0
9003	RP11-466G12.2	0.2422786	2.67171e-05	0	1	-0,01045008435012	-10,0111331994152	0	0	1	0	1	0	1	9.38112147321103e-17
9004	RP11-486O13.2	0.2614029	1.231789e-05	0	1	-0,01045008435012	-10,0111331994152	0	0	1	0	1	0	1	0
9005	RP11-611E13.2	-0.09375069	4.116735e-06	0	1	-0,01045008435012	-10,0111331994152	0	0	1	0	1	0	1	2.40548326076771e-17
9006	RP11-734K2.4	0.04406026	2.568117e-05	0	1	-0,01045008435012	-10,0111331994152	0	0	1	0	1	0	1	7.23270997800179e-17
9007	RP11-809C9.2	-0.1166334	2.350158e-07	0	1	-0,01045008435012	-10,0111331994152	0	0	1	0	1	0	1	0
9008	RP11-81N13.1	-0.06939251	3.594647e-05	0	1	-0,01045008435012	-10,0111331994152	0	0	1	0	1	0	1	0
9009	RP13-467H17.1	-0.02867605	4.276597e-06	0	1	-0,01045008435012	-10,0111331994152	0	0	1	0	1	0	1	0
9010	RP13-766D20.1	0.01985676	2.81961e-05	0	1	-0,01045008435012	-10,0111331994152	0	0	1	0	1	0	1	0.847127088383037
9011	RP13-766D20.2	0.01985676	2.81961e-05	0	1	-0,01045008435012	-10,0111331994152	0	0	1	0	1	0	1	1
9014	RP4-593H12.1	0.06473456	5.840756e-06	0	1	-0,01045008435012	-10,0111331994152	0	0	1	0	1	0	1	0
9015	RP4-622L5.7	-0.07033562	5.002688e-06	0	1	-0,01045008435012	-10,0111331994152	0	0	1	0	1	0	1	0
9016	RP5-914P20.5	-0.04438563	2.087926e-05	0	1	-0,01045008435012	-10,0111331994152	0	0	1	0	1	0	1	4.07726404816313e-18
9041	RPL14	-0.06105268	2.858225e-05	0,504043267080744	0,396233837769346	-6,80648968945322	-9,50313161808308	0	0	1	0.02089228	0.9066364	0	1	0
9249	SAE1	-0.0390176	1.936475e-05	0,290727677018637	0,208543326780529	-7,19267673697271	-9,48597528109985	0	0	1	0.2412238	0.2598541	0	1	0
9284	SATB1	-0.05447145	3.719039e-06	-0,08784905590062	0,702587750155704	-5,12572997688299	-7,93362167508311	14	0,955917671948978	0,339113829983746	0.2653855	0.3607838	0	1	1.47301025629659e-17
9368	SDCBP2	0.249935	1.675903e-05	0	1	-0,01045008435012	-10,0111331994152	0	0	1	0	1	0	1	3.12659513220151e-17
9574	SHOC2	-0.02854738	2.481465e-05	-0,211511478260869	0,345960144285049	-5,99752337414192	-9,5028903923037	0	0	1	0.01730774	0.9405322	0	1	0
9685	SLC22A18	0.1998215	2.762706e-05	-1,36102983968944	0,198118531633548	-6,43457692160728	-9,49825870832881	0	0	1	0	1	0	1	0
9820	SLC4A1AP	-0.01680614	2.584819e-05	1,04914784037267	0,390609640004914	-6,52258670746233	-9,48582368426536	0	0	1	-0.0843001	0.4986852	0	1	0
9821	SLC4A2	-0.03933138	3.140195e-05	0,11862643478261	0,570959743422075	-8,26560010573529	-9,74443393591767	0	0	1	0	1	0	1	3.54202207015622e-17
9845	SLC8A3	0.2614029	1.231789e-05	-0,60748137888199	0,404710651455664	-8,17293263541524	-9,74022027377124	0	0	1	0	1	0	1	0
9908	SMIM5	0.1958151	2.304644e-05	0	1	-0,01045008435012	-10,0111331994152	0	0	1	0	1	0	1	1.34445686190719e-17
9942	SNCB	0.2746529	3.028134e-05	0	1	-0,01045008435012	-10,0111331994152	0	0	1	0	1	0	1	0
9943	SNCG	0.2094487	2.683783e-05	0	1	-0,01045008435012	-10,0111331994152	0	0	1	0	1	0	1	3.74702504251676e-18
10026	SNORD12C	-0.03904061	2.36778e-05	-0,610915248447208	0,197225385169467	-8,27222865342493	-9,68788313588601	0	0	1	0	1	0	1	2.1815623328424e-17
10073	SNORD95	-0.08668935	2.617515e-05	-0,02680612546584	0,966075844883147	-6,72679190040963	-9,09644561848423	0	0	1	0	1	0	1	0
10074	SNORD96A	-0.08668935	2.617515e-05	0	1	-0,01045008435012	-10,0111331994152	0	0	1	0	1	0	1	0
10304	SSBP1	-0.02794475	3.473817e-05	0	1	-0,01045008435012	-10,0111331994152	0	0	1	-0.01938249	0.9261836	0	1	4.85424627633133e-18
10317	SSU72	0.3444037	1.247609e-05	0,05600465217391	0,678407474833484	-5,94600641452517	-10,3050211829115	0	0	1	0.07295868	0.7851276	0	1	0
10412	STRN4	-0.02308172	3.106768e-05	0	1	-0,01045008435012	-10,0111331994152	0	0	1	-0.08754135	0.6402763	0	1	1.39105681686408e-17
10448	SUCLG2	-0.06939251	3.594647e-05	-0,040130161490682	0,829489633058368	-2,3829213272509	-9,95968117243188	0	0	1	-0.3027538	0.319513	0	1	0
10451	SUFU	0.2068943	1.971603e-05	0,178530888198759	0,268595594167253	-7,60012810985641	-9,6910162105592	0	0	1	0	1	0	1	1.52564433782594e-18
10480	SUPT7L	-0.01680614	2.584819e-05	0	1	-0,01045008435012	-10,0111331994152	0	0	1	-0.08469638	0.535527	0	1	0
10497	SWI5	-0.07120371	3.486901e-05	0	1	-0,01045008435012	-10,0111331994152	0	0	1	0	1	0	1	4.38032480952539e-18
10567	TANGO2	0.03854556	1.080965e-05	0	1	-0,01045008435012	-10,0111331994152	0	0	1	0	1	0	1	0
10618	TBC1D5	-0.05447145	3.719039e-06	0,423181341614904	0,620514562848504	-8,74444086491389	-9,79610043198576	0	0	1	-0.09514958	0.5841795	0	1	1.32273754589378e-17
10736	TGFB1	-0.03058028	4.857497e-06	-0,440503949689441	0,416738665639635	-8,09848385279387	-9,50104149512015	0	0	1	-0.07861752	0.8134171	0	1	2.69063097279218e-17
10819	TIPARP	-0.1421311	6.308931e-06	0,05600465217391	0,631355419450001	-8,99215740486914	-10,235483210288	0	0	1	0	1	0	1	3.10681175857398e-17
10820	TIPARP-AS1	-0.1421311	6.308931e-06	0	1	-0,01045008435012	-10,0111331994152	0	0	1	0	1	0	1	3.15986477612497e-17
10955	TMEM234	-0.07033562	5.002688e-06	0	1	-0,01045008435012	-10,0111331994152	0	0	1	0	1	0	1	0
10956	TMEM240	0.3444037	1.247609e-05	0	1	-0,01045008435012	-10,0111331994152	0	0	1	0	1	0	1	0
10999	TMEM91	-0.03058028	4.857497e-06	0	1	-0,01045008435012	-10,0111331994152	0	0	1	0	1	0	1	3.15516563924639e-17
11129	TP53TG5	0.2197626	1.165408e-06	-0,812251860745341	0,17217723919114	-5,81400706731562	-9,84034099143062	0	0	1	0	1	0	1	0
11314	TSHZ1	0.2765741	3.34431e-05	0,295291658385095	0,405236126157926	-5,24047718861236	-7,69375279957853	15	1,35927591627834	0,174059172722592	0	1	0	1	0
11321	TSNARE1	-0.02867605	4.276597e-06	0,223221920062111	0,858220267191552	-8,33120212143151	-9,45404982416378	0	0	1	0	1	0	1	0
11325	TSPAN10	0.2340454	1.904124e-05	0,468426310559006	0,034068641794432	-9,48486421925994	-10,1956182901097	0	0	1	0	1	0	1	0
11369	TTC25	0.2887189	2.480443e-06	0	1	-0,01045008435012	-10,0111331994152	0	0	1	0	1	0	1	0
11422	TUBE1	-0.01865308	7.724587e-06	0,643661080745344	0,314597185910036	-7,02121261228236	-10,2462862604616	0	0	1	0	1	0	1	0
11600	UPB1	0.2668095	2.917106e-05	-0,060026217391301	0,898139931646019	-7,83040686433064	-9,74736527454942	0	0	1	0	1	0	1	2.78288448903897e-17
11757	VPS35	-0.0680279	4.314846e-06	0	1	-0,01045008435012	-10,0111331994152	0	0	1	0.1373998	0.4038781	0	1	0
11847	WDR82	-0.07576692	8.14052e-06	0,55489214720497	0,083543749797204	-6,90936356985067	-9,47110799355193	0	0	1	0.09132114	0.5001083	0	1	5.39873928191552e-18
11857	WEE2-AS1	-0.02794475	3.473817e-05	0	1	-0,01045008435012	-10,0111331994152	0	0	1	0	1	0	1	0
11871	WNT1	0.2198932	1.520408e-06	0,50766197484472	0,57497699360916	-5,98036534205082	-10,2673631769612	0	0	1	0	1	0	1	0
11873	WNT10B	0.2198932	1.520408e-06	0,397957140602484	0,452572324715733	-6,49149700039605	-9,76190475284376	0	0	1	0	1	0	1	2.72995434375572e-17
11928	XXbac-BPG181B23.7	0.1719075	6.3157e-06	0	1	-0,01045008435012	-10,0111331994152	0	0	1	0	1	0	1	1.28608399415337e-17
11929	XXbac-BPG252P9.10	-0.05447416	4.23655e-06	0	1	-0,01045008435012	-10,0111331994152	0	0	1	0	1	0	1	2.57216798830674e-17
11970	ZADH2	0.2765741	3.34431e-05	0,55966775552795	0,062613884963611	-8,25158904096336	-9,73911796047818	0	0	1	0.4090695	0.05648873	0	1	0
12025	ZC3H4	-0.0390176	1.936475e-05	-0,082251391304346	0,686042956346776	-8,9001224576656	-10,2211475463931	0	0	1	0.0536366	0.6651818	0	1	0
12070	ZFAS1	-0.03904061	2.36778e-05	0	1	-0,01045008435012	-10,0111331994152	0	0	1	0	1	0	1	2.29728521688785e-17
12087	ZFP62	0.03610838	9.889294e-06	0,05600465217391	0,631355419450001	-6,08124329998135	-7,63599767379518	16	1,34323231909138	0,179196759651974	-0.01623482	0.9765498	0	1	0
12113	ZIC1	0.2339818	3.497005e-05	0	1	-0,01045008435012	-10,0111331994152	0	0	1	0	1	0	1	0
12114	ZIC4	0.2339818	3.497005e-05	0	1	-0,01045008435012	-10,0111331994152	0	0	1	0	1	0	1	0
12515	ZNF70P1	0.1756518	2.205264e-05	0	1	-0,01045008435012	-10,0111331994152	0	0	1	0	1	0	1	0
12523	ZNF720	-0.08326909	1.410792e-05	0	1	-0,01045008435012	-10,0111331994152	0	0	1	0	1	0	1	2.57216798830674e-17
12610	ZNFX1	-0.03904061	2.36778e-05	-2,63131003447205	0,051838363120188	-8,13183193451141	-9,45272361463842	0	0	1	0	1	0	1	5.14433597661349e-17
