logFC	AveExpr	t	P.Value	adj.P.Val	B	ID
2.42973649689441	-5.45081064705882	5.14513883178436	4.90977695891952e-06	0.100709344981357	2.75395648443585	C12orf48
3.36160987701864	2.18125637019608	4.53419940709941	3.85920586421096e-05	0.231994696961255	1.28808492634712	GPA33
1.27100525857143	-0.144692606078431	4.41088000420036	5.79518576721983e-05	0.231994696961255	0.996789916110817	SNHG6
-2.09193088467816	-6.9116196093791	-4.33952442919251	7.31939079709148e-05	0.231994696961255	0.829221659088432	ANKS4B
2.21797445341615	-4.7222947254902	4.3362792646084	7.39729697282526e-05	0.231994696961255	0.821619232518713	ZNF75A
2.67558970807453	-5.11032294117647	4.29851316173608	8.36554583620475e-05	0.231994696961255	0.733267016157046	C15orf29
2.59838491782609	-1.89721508019608	4.27967208529573	8.89370591666894e-05	0.231994696961255	0.689274969439913	C5orf54
-4.84701823298137	-1.03976744372549	-4.27436815196341	9.04815510769326e-05	0.231994696961255	0.67690133488239	BICC1
2.65562651118012	-3.26265332941176	4.20516706284858	0.000113189051906342	0.257970425855877	0.515897790854892	PDCD10
0.802334289068323	0.836608820980392	4.05279487702411	0.00018441200317137	0.376839093778082	0.16446065106004	ELAC1
-1.87205213664597	-7.03814209803922	-4.02397358422301	0.000202088047560399	0.376839093778082	0.0984981576986694	C20orf194
2.3915398068368	-1.56004324203157	3.90582577701413	0.000293280822877903	0.458038707847724	-0.170051445827522	ALMS1
1.10211518865763	2.07866599980132	3.86779565995364	0.000330307936104861	0.458038707847724	-0.255828121444153	AP4S1
0.950752650310559	1.02375720078431	3.84516233238232	0.000354443962240412	0.458038707847724	-0.306716292078726	GREB1
2.76020167763975	-3.25566548431373	3.7970713181284	0.000411500252839161	0.458038707847724	-0.414432574473864	TAS2R50
1.70405716149068	3.48832594117647	3.79309345594957	0.000416596962024703	0.458038707847724	-0.423316907698865	USP6NL
1.3523055997699	0.89395101025113	3.78839285975521	0.000422698059810002	0.458038707847724	-0.433810344444086	ANGPT4
1.22285411470186	0.922783335960784	3.7510882258932	0.000474262358914517	0.458038707847724	-0.516890404994262	PPAP2A
-4.0745454731677	-4.40760794	-3.74300129921295	0.000486212868309617	0.458038707847724	-0.534853756072078	KAL1
2.57494002229814	-1.20641463823529	3.715724437599	0.000528693905066877	0.458038707847724	-0.595318237467613	GPR55
2.71395924534161	-3.37238430392157	3.71365869350941	0.000532052467305295	0.458038707847724	-0.599889428750052	C1orf182
2.24635127372671	-2.33100842333333	3.7136355205774	0.000532090258718088	0.458038707847724	-0.599940700699864	PFN4
1.46306238378882	-0.777534267843137	3.68894162790162	0.000573862067662506	0.458038707847724	-0.654496959027626	C21orf54
1.56749569689441	-0.745857684313725	3.67054891400767	0.000607002315680073	0.458038707847724	-0.695025871295758	C1orf84
1.00333244099379	3.15414280392157	3.65956701940545	0.000627657188038772	0.458038707847724	-0.719181069422739	TBC1D22A
2.55816988773208	-2.5232891292307	3.63682090809124	0.000672603311430496	0.458038707847724	-0.769106945117685	AGPHD1
-2.15244941614907	-6.43502429411765	-3.63569383660142	0.000674908796133107	0.458038707847724	-0.771577054544072	ASPG
3.37644530434782	-4.82868503921569	3.59769368464367	0.000757226399099331	0.458038707847724	-0.854650338674231	NOS2
-1.39705515403727	2.41294810980392	-3.58152842011496	0.000795085591332634	0.458038707847724	-0.889865409313516	ITGB4
0.922986094720497	0.907848064901961	3.57557441844378	0.000809481146267655	0.458038707847724	-0.902816904326547	ZNF598
2.1413423447205	-2.87120548039216	3.57455255046607	0.000811976754028388	0.458038707847724	-0.905038701116343	FOXH1
1.81957587329192	-2.30838244705882	3.57059728293359	0.000821705877172896	0.458038707847724	-0.913635589967262	C6orf167
2.04835177701863	-0.0384626088235294	3.56981782248771	0.000823636294346948	0.458038707847724	-0.915329234380258	CATSPER4
-2.91514077099379	-2.1448071254902	-3.56931594580711	0.000824881540726447	0.458038707847724	-0.91641963970567	SYDE2
2.00369117018634	0.792538763137255	3.56515490201157	0.000835275428586393	0.458038707847724	-0.925457334130628	KIF26B
0.773825888198759	4.34362670588235	3.54685946582439	0.000882480266154921	0.458038707847724	-0.965134563230519	DHRS11
-2.81064412422361	-5.59046441176471	-3.54160999344051	0.000896488758803429	0.458038707847724	-0.976500896668091	PPAPDC3
-2.58922371180124	-3.59998630980392	-3.53481604374202	0.000914934503935031	0.458038707847724	-0.991199274853169	TMEM200B
4.73309288389441	-2.77323127645098	3.52717714719006	0.000936107337894734	0.458038707847724	-1.00770926906515	DLGAP2
1.09342071552795	2.21973285490196	3.5233200398884	0.000946975179432305	0.458038707847724	-1.0160390432894	FBXO10
2.1056238757764	-5.1106902745098	3.51868233071194	0.000960202049407769	0.458038707847724	-1.0260487003397	NCRNA00219
1.39245893397516	-0.0671307441176471	3.5006624126977	0.0010132891695981	0.458704896014952	-1.06487996901775	PHOSPHO2
1.34830432919255	-1.07961449352941	3.49615083728682	0.00102701246940557	0.458704896014952	-1.07458660832721	FLJ42393
2.01211065714286	-2.75743005882353	3.47159835901166	0.00110485962233379	0.458704896014952	-1.12730206644674	SNORD87
-2.71184427329193	6.10473492156863	-3.46371407011661	0.00113102951629975	0.458704896014952	-1.14419064125341	CLUAP1
1.00389368322981	4.21654233333333	3.45664034792641	0.00115501089949923	0.458704896014952	-1.15932650070988	WDR55
1.93942580745341	-6.18769596078431	3.45525117854449	0.0011597770553698	0.458704896014952	-1.16229711636366	LOC100130691
2.08910263354037	-5.25122735294118	3.44879703396765	0.00118216771145389	0.458704896014952	-1.1760908179819	LIME1
-1.51483863975156	-7.04036601960784	-3.44482126012043	0.00119616478005544	0.458704896014952	-1.18458128351202	LOC442308
1.37562427701863	-1.66284559803922	3.4379825805288	0.00122061102140353	0.458704896014952	-1.19917399653285	GPS2
1.4099926378882	4.53551290392157	3.43394864538695	0.00123525348531016	0.458704896014952	-1.20777488780409	GGT1
-3.54175001484472	0.876975300980392	-3.42989914934067	0.001250120570271	0.458704896014952	-1.21640377729079	FZD3
1.6898405552795	-1.67631725490196	3.42930546429495	0.00125231445869917	0.458704896014952	-1.21766839716161	DNAJC2
1.67847680470646	-1.38596834831586	3.41953748782899	0.00128894132373013	0.463093380082362	-1.23845925999177	ADPRHL2
1.96894063752174	-0.446874917980392	3.40908602162865	0.00132925922143179	0.463093380082362	-1.26067117417424	C6orf182
-2.69442191304348	-5.89009756862745	-3.40546472391337	0.0013435066440255	0.463093380082362	-1.26835913981929	DNAH5
-2.01217296273292	-6.4061048627451	-3.40266972747971	0.00135460232083374	0.463093380082362	-1.27428999256777	PAX4
-3.20831359937889	-4.82989568431373	-3.38617308928643	0.00142188741814788	0.47596169021951	-1.30924363383973	PRR15
3.04129892670807	-0.392803341176471	3.37970080786319	0.00144914410036934	0.47596169021951	-1.32293316347268	KIF17
-1.14513532919255	-7.28518376470588	-3.37536437031277	0.00146768314388007	0.47596169021951	-1.33209750812197	MAPK4
-1.00212363354038	-7.42840888235294	-3.36341297438052	0.00151995099544527	0.47596169021951	-1.35732285681952	PPP1R3A
2.11509340993789	-3.71263576470588	3.36241334690662	0.00152440195584726	0.47596169021951	-1.35943059952594	LOC100133991
2.3629345968789	-2.39995124570396	3.35459126245183	0.0015596606250466	0.47596169021951	-1.37591227335413	A2M
-3.66994016942236	0.719623364882353	-3.34146291787592	0.00162058411848575	0.47596169021951	-1.40352892304279	HSPA4
1.67520288037267	-1.24825140352941	3.33775198400223	0.00163821040805145	0.47596169021951	-1.41132477632751	SIGLEC5
0.956402283229814	2.34894181764706	3.33581386528167	0.00164748829980427	0.47596169021951	-1.41539450227213	GAS5
-1.70913265465838	4.60549850588235	-3.32616045784255	0.00169444707294699	0.482729143892898	-1.4356462489757	MBOAT4
-1.56727516149069	-6.90691370588235	-3.32028689015668	0.00172363719293234	0.483641857912511	-1.44795295069138	HIST1H4G
3.88533727503106	-1.40345295607843	3.29124360156743	0.00187511836431111	0.504377150896939	-1.50863402960106	TGS1
0.77059290242236	0.749474474901961	3.28751626725694	0.00189544827685071	0.504377150896939	-1.51640074885878	CHURC1
0.7889769689441	2.90590135294118	3.2871157469831	0.00189764520377302	0.504377150896939	-1.5172350358191	NOTCH2
2.18100950931677	-4.71004678431373	3.28343088020315	0.00191797083511901	0.504377150896939	-1.52490804455158	IGFL4
1.18151356099379	0.330037995294118	3.27813146546036	0.00194756399213739	0.50547011375455	-1.53593479837448	SNORD58C
-4.22535358447205	-0.963286729411765	-3.26897381715333	0.00199972384675569	0.50547011375455	-1.55496659786444	UCHL5
-1.63081608695653	-7.01589356862745	-3.26545348656115	0.00202012444616561	0.50547011375455	-1.56227492290715	SIX3
3.36128291366459	-3.83690302941176	3.25704299681671	0.0020696640652337	0.50547011375455	-1.57971784446062	MAPK11
1.12685400310559	1.18168419607843	3.25698948410943	0.00206998291514149	0.50547011375455	-1.57982874770881	TTC21B
1.77127750521739	-0.202882920392157	3.25196511439235	0.00210012795733739	0.506797937187112	-1.59023710076374	PLCE1
2.65154620484472	0.997491481941177	3.24402831272037	0.00214859424261028	0.511879716531809	-1.60666066173969	LY86
2.68371180204969	0.574631161176471	3.24040070976302	0.0021710966916082	0.511879716531809	-1.61415982368446	PTPRQ
0.990852012422361	3.2035327254902	3.23374140372615	0.00221298614698445	0.515826952806193	-1.62791413551154	EYS
0.807501521739129	3.36410425490196	3.21087635643582	0.00236270282142104	0.516902509651542	-1.67501987556762	GPATCH2
-2.79826699937888	-2.05723737254902	-3.20835805253299	0.00237976483739184	0.516902509651542	-1.68019653050878	MOCOS
1.65619781137525	-5.59139045886392	3.20822878039288	0.00238064381336046	0.516902509651542	-1.68046220216698	APCS
3.72263241142857	0.0903752474509804	3.20680284290552	0.00239035972272196	0.516902509651542	-1.68339229590273	SERTAD1
1.17116604198758	1.75691904490196	3.20505831206566	0.00240229734356881	0.516902509651542	-1.68697605469804	GRAMD3
1.38789482236025	-2.25785789411765	3.20309084070784	0.00241582803390274	0.516902509651542	-1.69101647742411	CDC26
1.87476579403727	-2.39145638784314	3.19440290066824	0.00247644136764772	0.516902509651542	-1.70884138030197	SERPIND1
-1.10852691925466	-7.38580192156863	-3.19181098510736	0.00249480052922692	0.516902509651542	-1.71415386637337	SNORD115-8
1.03464761987578	2.38240040980392	3.18311110320177	0.00255736705663814	0.524567130657616	-1.73196757900474	MTMR7
-1.0406682136646	2.41155981960784	-3.17829384807705	0.00259264463945406	0.524780201551539	-1.74181940792727	MXD3
0.90761465031056	1.30004730196078	3.16773599293669	0.00267157274618188	0.524780201551539	-1.76338163772232	DNAJC25-GNG10
-2.1334240621118	-5.42808949019608	-3.15763728307114	0.00274918275997011	0.524780201551539	-1.78396772338383	ELAVL3
-2.7664822836646	-2.92838287666667	-3.1572955370641	0.0027518459190876	0.524780201551539	-1.784663708201	GATSL2
-3.72605335428571	-4.29517850823529	-3.15667446246857	0.00275669205319772	0.524780201551539	-1.78592845046805	PCDHA11
-1.30741838378882	0.0349405409803921	-3.15064564773649	0.00280415339650469	0.524780201551539	-1.79819795409658	EEF1A1
1.11763805298137	2.01988209588235	3.14017276022373	0.00288843461054781	0.524780201551539	-1.81947962128279	BTN2A3
0.950815781987577	2.63334809215686	3.13848437311356	0.00290224320636002	0.524780201551539	-1.82290671275388	ATG10
0.8655125689441	1.95525759411765	3.1349292559126	0.00293152239637566	0.524780201551539	-1.83011940650015	CLYBL
-1.29305160248448	-7.21966190196078	-3.13437669124193	0.00293609808584009	0.524780201551539	-1.83124003549692	SNORD115-40
1.27809417391304	3.97904176470588	3.13345339950366	0.00294375870058597	0.524780201551539	-1.83311226205753	PIK3R6
-2.2224036583851	-5.45840033333333	-3.13166255924346	0.00295867107470511	0.524780201551539	-1.83674276826658	C9orf57
1.86295471428571	-4.76233849019608	3.12811437158329	0.0029884270949674	0.524780201551539	-1.84393232226472	MDP1
2.50551517266655	-2.42994344611316	3.11671968531473	0.00308590083714822	0.524780201551539	-1.8669888418684	ALDOB
0.921045086956523	3.76827831372549	3.11319194143183	0.00311667927231043	0.524780201551539	-1.87411708428257	MINA
1.37435609503106	-2.19771363921569	3.11266934369598	0.00312126323976641	0.524780201551539	-1.87517265630322	FNDC5
1.23703455850932	-0.202733680588235	3.11010972279714	0.00314380665375911	0.524780201551539	-1.88034122382665	DNAJB14
-1.4770218447205	6.79638592156863	-3.10995006171801	0.00314521790009184	0.524780201551539	-1.88066354031872	IGF1
2.90760296708074	-3.82819179411765	3.10974874421073	0.00314699819696485	0.524780201551539	-1.88106993709718	GLYATL2
-3.18972032968944	4.35424754039216	-3.10762280511269	0.00316585627072209	0.524780201551539	-1.88536059955275	MMP20
-1.74142597142857	-0.870513898039216	-3.10700504527688	0.00317135597432987	0.524780201551539	-1.8866070668891	RNF213
4.5534742498974	-3.80949832223237	3.10589442308974	0.00318126605287578	0.524780201551539	-1.88884762790244	ADRA2C
1.85514600600621	0.113943252176471	3.10510004043083	0.00318837217283451	0.524780201551539	-1.89044992150131	FAM81B
1.17283501721739	-1.08402991772549	3.10402560016122	0.00319800727349563	0.524780201551539	-1.89261671718835	GDF9
3.27400203850932	-3.4042498745098	3.09630137557053	0.00326808432368201	0.532023378153694	-1.90818099163519	BCL2L1
0.768036525900622	0.696169669411765	3.08270560518225	0.00339494649829286	0.535790962604421	-1.93552087812036	LOC100132707
2.03249764757764	0.386272896470588	3.082384190785	0.00339800083295945	0.535790962604421	-1.93616635385697	PDE7B
-3.66907245962733	6.65426005882353	-3.07866006942037	0.003433579012018	0.535790962604421	-1.94364236022584	RPS18
-4.88866913975155	3.01956844117647	-3.07753646325129	0.00344438179641353	0.535790962604421	-1.94589689772808	HIST2H2AA3
-0.818175062111804	-7.4536567254902	-3.07446895234666	0.00347403668854591	0.535790962604421	-1.95204943265097	KCNB2
2.04243548447205	-4.42090080392157	3.07178351378478	0.00350019447099222	0.535790962604421	-1.95743265182067	SNORD4A
2.17912835217391	-4.4994399	3.05407250824766	0.00367739327303686	0.5546374324745	-1.99286587186473	LMOD3
3.14251324192547	-2.94955265196078	3.04996930997992	0.00371962909002835	0.556912641566872	-2.00105740088768	PNMAL2
-3.90342619614907	-1.54271197529412	-3.04424813836693	0.00377927881938517	0.558688560982952	-2.01246799574018	BEND7
1.14198106310559	0.504395565882353	3.04333089190866	0.0037889251405932	0.558688560982952	-2.01429620277744	KATNAL2
1.33394109086956	-0.188689304117647	3.02915323254335	0.00394099123717103	0.573316398984767	-2.0425121846193	EFCAB5
2.54950817391304	-5.09553969607843	3.02042278793576	0.00403745576444804	0.57646188006978	-2.05984769706088	CHGB
3.40843486273292	-0.459011393333333	3.01814736677909	0.00406295806499992	0.57646188006978	-2.06436088594378	CCL24
1.82241607204969	-2.49266677254902	3.01116742831855	0.00414213104992841	0.57646188006978	-2.07819238351653	SNORD63
-1.8560605931677	-4.35630304901961	-3.00536601059537	0.00420903229115912	0.57646188006978	-2.0896736993286	LOC401010
1.03917572919255	-1.35798164352941	3.0049090596547	0.00421434451045079	0.57646188006978	-2.09057745697779	SNPH
-2.40838892099379	-2.93018075568627	-3.00396723408801	0.0042253133616567	0.57646188006978	-2.09243993560924	SLC10A5
1.11284873453416	-0.986763370980392	2.99817861285516	0.00429331835983097	0.57646188006978	-2.10387922750974	KCTD4
1.12478099130435	-1.61175457078431	2.99697635607781	0.00430757029166626	0.57646188006978	-2.10625340029084	RGS22
-0.753137229813666	9.01113649019608	-2.99556124434593	0.00432440214757638	0.57646188006978	-2.10904716573792	HIST1H2BC
-2.14239012360249	-2.19989595294118	-2.99185347766989	0.0043687957622479	0.57646188006978	-2.11636334734007	C1orf59
-0.787152062111804	-7.42298974509804	-2.99165485116161	0.00437118592672651	0.57646188006978	-2.11675512156492	OR4F4
0.931408905590063	2.50650165490196	2.99041214154413	0.00438616779491854	0.57646188006978	-2.11920590112613	HSD17B8
-1.09321571925466	1.35377168039216	-2.98689016423522	0.00442888925674573	0.57646188006978	-2.126148293115	RAB24
1.36334889751553	0.750005437254902	2.98357941339923	0.00446940285600621	0.57646188006978	-2.13266974741699	PANK1
1.43212272372671	-1.25820635707843	2.98154246532745	0.00449450074841423	0.57646188006978	-2.13667988251016	CLDN7
2.46467299565217	-5.60325543333333	2.9789873025631	0.00452616992628743	0.57646188006978	-2.14170784567687	C4BPB
1.78004227204969	-1.4222278472549	2.974096321101	0.0045873718926448	0.57646188006978	-2.15132475543703	ZFP30
2.16189568776397	-0.578606604313725	2.97392037680216	0.00458958786021426	0.57646188006978	-2.15167052520328	IQCK
1.77642724534161	-1.79282850196078	2.97290834570516	0.004602353524832	0.57646188006978	-2.15365914709898	PRPF18
2.84078855743354	1.26122605252064	2.97238269652699	0.00460899709104153	0.57646188006978	-2.15469187313365	ACY3
-1.44592570218519	2.31637226814464	-2.9662763374349	0.00468683315450547	0.579547193293248	-2.16668058198196	AATK
-2.08886280496895	-6.6506218	-2.9660164244092	0.00469017326865635	0.579547193293248	-2.16719053541578	CALB2
0.986902902236025	0.156912190588235	2.95888520831341	0.004782687270601	0.587440007751902	-2.18117130888876	FAM164C
-2.54464865465839	1.60988155882353	-2.95595004841039	0.00482125787335584	0.588652627965923	-2.18691964428165	NAALADL1
-2.66739556832298	0.716361496078431	-2.94602511450974	0.00495384084440278	0.589786124195503	-2.20633079015038	POTEE
-3.54078355652174	1.70371815686275	-2.94520563504822	0.00496493854638182	0.589786124195503	-2.20793171031058	ELN
-2.82348207763975	-3.98271339607843	-2.94292734437371	0.0049959139747922	0.589786124195503	-2.21238108001078	TPM2
2.3915769552795	-3.08717796078431	2.94243053152962	0.00500269248527639	0.589786124195503	-2.21335104182651	C17orf78
2.57312642921792	-4.726272813019	2.94240354601106	0.00500306092092519	0.589786124195503	-2.21340372458454	ACER2
-2.12622004968944	-4.22860368627451	-2.9392440439276	0.00504637319833114	0.591492611680962	-2.21956981273049	LOC150786
1.23630484695652	-1.14829964941176	2.93459943018782	0.00511067926395511	0.594306741873873	-2.22862673938327	GJB7
-2.37119304285714	-0.345493296078431	-2.93333414519877	0.00512832943212146	0.594306741873873	-2.23109247501002	PCYT2
1.878097897047	-0.210499002166203	2.92852021132478	0.00519600223852973	0.595075355577363	-2.24046759190281	ANG
1.11605746708074	-1.92042638235294	2.92635352362893	0.00522673160877958	0.595075355577363	-2.24468406076458	BBS5
2.99832162360248	-4.93080469647059	2.92262439766541	0.00528001729305188	0.595075355577363	-2.25193652059238	KCNIP1
-1.99539868322981	-6.40710992156863	-2.91700232465027	0.00536130862717059	0.595659756614234	-2.26285943512951	DMRTC2
-2.04029160869566	-6.3148967254902	-2.91690080190863	0.00536278723322831	0.595659756614234	-2.26305655834278	LAMC2
2.00770044099379	-4.01766554705882	2.91624680589578	0.00537232132281754	0.595659756614234	-2.26432629646368	LMAN1
1.05442970869565	2.54285854901961	2.91387498861612	0.00540703074144451	0.59628502456188	-2.26892969434212	WDR5B
2.75023725217391	-3.15433127843137	2.9079946781744	0.00549398632417302	0.601623308718425	-2.28033245745777	SLC12A6
-2.98605227080746	-4.66941743137255	-2.90664696930704	0.0055140981883319	0.601623308718425	-2.28294381160287	CEACAM5
2.34634601023602	-1.7699718514902	2.90273329083921	0.00557289109710488	0.604820858115425	-2.29052271925561	C21orf63
-1.47443458975155	1.78937796372549	-2.89079171134646	0.00575590711897894	0.607092676893896	-2.31360784981829	DMC1
4.45019194398475	-1.98544587397052	2.89026266821996	0.00576414308600336	0.607092676893896	-2.3146291856554	AGR2
-3.17684859440994	-3.38127619803922	-2.8864826027905	0.00582330951236456	0.607092676893896	-2.32192327648128	PAGE2B
1.11386955736646	1.19450136603922	2.88525031875484	0.00584271920766879	0.607092676893896	-2.32429980556694	CXorf59
-1.57531969565218	-6.24203349019608	-2.88439177758414	0.00585627761123284	0.607092676893896	-2.32595516911132	LOC643387
-2.35404090062112	-5.18771025490196	-2.88397872878066	0.00586281104788842	0.607092676893896	-2.3267514618302	SNORA38B
2.23474794409938	-4.83274674509804	2.88358957881292	0.00586897266079031	0.607092676893896	-2.32750161500398	BHMT2
1.18733101055901	2.3355242372549	2.8826955724135	0.00588315073273732	0.607092676893896	-2.32922472140308	PGBD1
3.10038527515528	-4.99253417647059	2.8814950568879	0.00590223982448812	0.607092676893896	-2.33153805799893	RELA
4.18910230881988	-2.78749266843137	2.88041953016265	0.0059193903753305	0.607092676893896	-2.33361002602687	TPPP2
1.11305265776397	-0.708846908431373	2.86375533487755	0.00619110794764385	0.616286209547764	-2.3656499558098	HAS3
1.88497824248447	-1.98792189019608	2.86170821203438	0.00622527466499815	0.616286209547764	-2.36957771666476	DRP2
1.39650411236025	0.946513304705882	2.86111481890909	0.0062352111432915	0.616286209547764	-2.37071590790859	FAAH
1.42285587888199	1.49023671568627	2.8604644646309	0.00624611835814706	0.616286209547764	-2.37196318287498	C2orf64
-1.39203460850932	1.60208352823529	-2.85995387369258	0.00625469398504564	0.616286209547764	-2.37294228679277	HSD3B7
1.44539901540254	1.74140079819435	2.85848429681227	0.00627943729502158	0.616286209547764	-2.37575970643626	A1BG
-2.33681189440994	-5.90480207843137	-2.8465207796039	0.00648427382100353	0.620104106194877	-2.39866109213913	NR2E1
1.75989011118012	2.18334644705882	2.84550139556148	0.00650201104582061	0.620104106194877	-2.40060960821026	CLIP3
-2.44148181057865	-4.92962394767724	-2.84463552519629	0.00651711248020422	0.620104106194877	-2.4022643350153	ANP32D
1.05597015048447	0.386003624392157	2.83692120657121	0.00665309925516268	0.620104106194877	-2.41699248041486	SEMA5A
-1.81960545341615	-6.09197501960784	-2.83645011644238	0.0066614882027174	0.620104106194877	-2.41789104659456	ARTN
1.28096029285714	-0.563507093137255	2.83414881445037	0.00670260983447735	0.620104106194877	-2.42227920596038	TTC39B
-3.0879351736646	-3.0545956545098	-2.83305549852508	0.00672222848144046	0.620104106194877	-2.4243631506816	CADM4
-3.00870775217391	-4.40653819019608	-2.83251384436356	0.00673196772153411	0.620104106194877	-2.42539539260474	CACNA2D1
1.60524227806209	4.37469909880645	2.832454300501	0.00673303915052519	0.620104106194877	-2.42550885882175	AFF3
1.42612437815528	0.647385940568627	2.83222970190987	0.00673708198793579	0.620104106194877	-2.42593683785688	KLF9
1.47794550354037	-0.919770738235294	2.83198016129046	0.00674157642752816	0.620104106194877	-2.42641231886839	SIRT6
2.22420778260869	-3.55640756862745	2.82010023697388	0.00695878727309361	0.633252650030837	-2.44901718083128	RGS19
2.26155478509317	-3.24034519411765	2.81541678669234	0.00704618667521674	0.633252650030837	-2.45791177556672	C1orf92
2.26121149440994	-2.32747180784314	2.8128770783766	0.00709400500173131	0.633252650030837	-2.46273104805179	WNT3
-2.83908675403727	-5.25462800392157	-2.81282548402551	0.00709497954105963	0.633252650030837	-2.46282892253715	IFNA2
1.65021575155279	-5.44986903921569	2.81030305403402	0.007142775874165	0.633252650030837	-2.4676125448506	LOC728743
-1.11621362670807	2.50375780980392	-2.80758077699732	0.00719469333484607	0.633252650030837	-2.47277202245444	C1QTNF4
-1.7909978757764	-6.85745764705882	-2.80714076060016	0.0072031177542293	0.633252650030837	-2.47360567036713	ID4
1.12765560987578	-0.339599819607843	2.80458935645758	0.00725214637924796	0.633252650030837	-2.47843783693216	LOC401093
3.11674602360248	-3.94880916470588	2.80452692775354	0.00725334989162461	0.633252650030837	-2.47855603619519	CYP17A1
-1.68356129813665	-6.43586366666667	-2.80419391106988	0.0072597729736299	0.633252650030837	-2.47918652362073	PIP4K2A
1.18794565465839	1.86771818235294	2.80020329541948	0.00733715278272064	0.633252650030837	-2.48673799074589	FAM161A
-1.79198416770187	-6.46317054901961	-2.7988805176894	0.00736296995810194	0.633252650030837	-2.48923953845287	LYPD4
1.88369914416149	-0.597320805490196	2.79075107050534	0.00752348972618671	0.633252650030837	-2.50459638609382	PCDHGC5
-1.48735669565217	7.14926545098039	-2.7897181473914	0.00754411540090717	0.633252650030837	-2.50654552010384	GTF2IRD1
-2.52924096708074	4.05148425686274	-2.78866770699848	0.00756514447639424	0.633252650030837	-2.50852722331692	CDC42BPB
1.67306476521739	-0.688534878431373	2.78767076660391	0.00758515263427998	0.633252650030837	-2.51040754283949	MFSD6
1.59490236645962	-5.98631525490196	2.78668814142481	0.00760492135675107	0.633252650030837	-2.51226043016645	FLJ33630
1.802958	-5.60272511764706	2.78192096333424	0.00770150656701177	0.633252650030837	-2.52124356083275	CCDC84
-2.64056641366459	2.45741132745098	-2.77895876965885	0.00776209175665037	0.633252650030837	-2.52682033018882	TEAD1
-1.09721702621118	0.319800247843137	-2.77391552420048	0.00786625443301834	0.633252650030837	-2.53630597532549	C17orf91
1.69944504173913	0.882958489411765	2.77037267036877	0.00794019871061109	0.633252650030837	-2.54296278920896	CLDN22
1.33626219689441	-1.60288854784314	2.76962138202087	0.00795596141681848	0.633252650030837	-2.54437369332962	FAM194A
-2.4705982484472	3.03786919607843	-2.76942330817096	0.00796012199587773	0.633252650030837	-2.54474562982066	GALNT2
1.78948856409938	-0.151656153333333	2.76916004024832	0.00796565509920865	0.633252650030837	-2.54523995835145	FUT2
-2.02067214285715	-5.72316982352941	-2.76663786464624	0.0080188439764906	0.633252650030837	-2.54997417970737	ATP8B5P
1.83985510111801	-3.28376617568627	2.76633394829579	0.00802527520579727	0.633252650030837	-2.5505444497912	ASPHD2
-2.47056694409938	-6.24061758823529	-2.76489640394309	0.00805575993515059	0.633252650030837	-2.55324130286708	SMO
1.72551403850932	-2.4359143745098	2.75927238244712	0.00817605373523701	0.633252650030837	-2.56378311991188	FAM36A
-6.77145206645963	-3.14222227254902	-2.75518528955665	0.00826451160189893	0.633252650030837	-2.57143514224764	HIST2H3C
-3.61386347826087	-11.2259090588235	-2.75489312450066	0.00827086869518604	0.633252650030837	-2.57198185716336	RGPD8
1.04617877888199	1.33363978313725	2.75210018238855	0.00833186724248845	0.633252650030837	-2.57720621559735	LOC728024
-3.0014128378882	-5.46324318235294	-2.75194930322089	0.00833517426769048	0.633252650030837	-2.57748834344901	RIMBP3C
-1.75132555279503	-5.57458984313725	-2.7487136102825	0.00840638746878859	0.633252650030837	-2.58353626556244	MADCAM1
2.3236171863354	-5.11655362745098	2.74782813771531	0.00842597308700475	0.633252650030837	-2.58519050132009	C9orf156
1.06532467080745	3.92736188235294	2.74523730190902	0.00848352132856454	0.633252650030837	-2.59002865004429	HIVEP3
-3.24639633490683	-0.543780111803922	-2.7433900548562	0.00852477391525533	0.633252650030837	-2.59347635758695	FRMD6
1.23588750490683	0.395733358823529	2.74314478620216	0.00853026512561996	0.633252650030837	-2.59393401140362	SIM2
-2.04914437267081	-5.75413645098039	-2.74246205158912	0.00854556774570161	0.633252650030837	-2.59520780181009	ETV3
0.98361934782609	7.04382031372549	2.74237484331738	0.00854752422918026	0.633252650030837	-2.59537049264122	DGKA
0.883908782608697	3.73075758823529	2.74184176827253	0.00855949254020625	0.633252650030837	-2.59636489235034	ODF2
2.25519354658385	-4.32198874509804	2.73985345750003	0.00860426943148188	0.633252650030837	-2.60007275513104	ASCL3
2.07827120142857	-1.56629988843137	2.73946801690294	0.00861297452827665	0.633252650030837	-2.60079132881123	CLECL1
-2.35463188198758	-4.98253152156863	-2.73939585947977	0.00861460509082687	0.633252650030837	-2.60092584379164	ID2
2.12127865677019	0.168085272352941	2.73723887234511	0.00866347875368622	0.633252650030837	-2.60494578011837	GTF2IRD2B
-1.9378646068323	-6.54023125686274	-2.73550994696488	0.00870283765411692	0.633252650030837	-2.60816641832083	GPX8
1.63651873345043	-1.43128270488459	2.73529427317951	0.00870775900150752	0.633252650030837	-2.60856807953869	ADAM22
-1.82724149068323	-6.31824623529412	-2.73506440579395	0.0087130070487213	0.633252650030837	-2.60899615097668	BAGE
-3.24298104819876	1.00421933764706	-2.73251998992098	0.00877129302215682	0.633252650030837	-2.61373289229812	BEX1
0.962998058136646	1.26085863960784	2.73238526823587	0.00877438913959423	0.633252650030837	-2.61398361098181	RTTN
1.47734752068323	-0.0499143009803922	2.73095529626332	0.0088073142855778	0.633252650030837	-2.6166442961736	PRH2
-2.84862497018634	-5.70597721176471	-2.72922215565792	0.00884737248019914	0.633252650030837	-2.61986782374637	WDR75
-2.87059356397516	-5.36373792941176	-2.72724543565681	0.00889326540001447	0.633252650030837	-2.623542719611	KCNG1
1.0550341917826	0.588732257586417	2.72297888249492	0.00899306906318288	0.633252650030837	-2.63146853079763	AGBL2
-1.32857792360249	-7.21090715882353	-2.72210131179175	0.00901372476521432	0.633252650030837	-2.63309772764063	SESN1
-2.65146865714286	-5.5266756745098	-2.72114239549023	0.0090363450730271	0.633252650030837	-2.63487753827101	NLGN1
-2.75072885217391	4.10505328235294	-2.71568092401749	0.00916617783720511	0.634647445159984	-2.64500634751801	LAMC1
0.820636505279503	-0.614502406078431	2.71485082590274	0.00918606099597313	0.634647445159984	-2.64654464406211	SNHG3-RCC1
2.47254886149068	-4.28357707647059	2.71186619977181	0.00925787951966171	0.635316203731157	-2.65207298957879	OR5K2
1.4964179552795	0.847229532941176	2.71162200557586	0.00926377833034142	0.635316203731157	-2.65252512293751	SLC5A12
0.943935216645963	0.845640072941176	2.71046100144694	0.00929187115441434	0.635316203731157	-2.65467438399428	UNC80
-2.22195906024845	5.04015540980392	-2.70887426321698	0.00933039226162116	0.635830584951406	-2.65761076463409	PVRL4
1.53766709937888	-6.31703584313725	2.70729849347351	0.00936879245571275	0.636333347190662	-2.66052569995823	B3GAT2
0.934811789322981	-0.210242566607843	2.70595901636219	0.00940154866771869	0.636450713769788	-2.66300263011751	SNORD84
1.78487396068323	0.0053045675490196	2.70394202994982	0.0094510718227151	0.637119882203255	-2.66673083410105	SNORD68
1.95694648732919	-0.736609250196078	2.68841612656346	0.00984038623111134	0.647026305177273	-2.69536599825509	MMP16
1.51418258434161	-1.10959961182353	2.68839385734943	0.00984095506850169	0.647026305177273	-2.69540699018266	MST1
1.36798576844721	0.149280807058824	2.68795529487952	0.00985216372103616	0.647026305177273	-2.69621422457726	CCDC102B
-1.50771251863354	1.59764171764706	-2.68751856957223	0.00986333707605474	0.647026305177273	-2.69701798861299	FZD10
1.04029302236025	2.12686224313725	2.68393198442365	0.00995553909723354	0.647026305177273	-2.70361550669298	GRAP2
-0.984887004347825	2.09169539215686	-2.68366704395999	0.00996238135315948	0.647026305177273	-2.70410262691392	LSM14A
-2.30921754406966	2.48140903369702	-2.68143273236565	0.0100202559299105	0.647026305177273	-2.70820933787514	ALDH1A1
1.89123665341615	-3.73197416666667	2.67852661751471	0.0100959940319142	0.647026305177273	-2.71354735635915	C8orf83
-2.42846385447205	-1.99003598137255	-2.67840065661506	0.0100992886351656	0.647026305177273	-2.71377863517482	FAM89A
2.69300735298137	-1.23326283686275	2.67691533969743	0.0101382127618005	0.647026305177273	-2.71650529082055	TESK2
-2.6966565836646	-4.53149564137255	-2.67572826569448	0.0101694201398001	0.647026305177273	-2.71868370952356	ROR2
2.14477905403727	2.88898382745098	2.67548553698423	0.0101758121659179	0.647026305177273	-2.71912906386064	SH2D1B
-1.45759181987578	-7.04450011764706	-2.67424551346813	0.0102085245842597	0.647026305177273	-2.72140380750738	CPNE1
1.17684199142857	-0.351070110588235	2.67353392935152	0.0102273400862551	0.647026305177273	-2.72270883842501	SNORD11B
2.27644054720497	-3.32389319019608	2.67256310526442	0.0102530616852035	0.647026305177273	-2.72448892837577	GDAP2
-1.36918260590062	-1.44886163627451	-2.67025611181516	0.010314422956695	0.647026305177273	-2.72871723158627	DDT
1.10763990012422	-1.49106650666667	2.66633219629843	0.0104195657066017	0.649623500832265	-2.73590333646645	NCRNA00105
1.24159772627329	0.493969105490196	2.66292933690758	0.0105115418669907	0.65087168423823	-2.74212935353536	ZNF107
0.840118321714644	3.23590067735817	2.66290010425433	0.0105123352155519	0.65087168423823	-2.74218281529794	ACOT2
-1.99241034161491	-6.43240478431373	-2.66207392948007	0.0105347796005798	0.65087168423823	-2.74369358844088	SNORD115-37
-1.57659231987578	1.5848671	-2.6597731541958	0.0105975157795919	0.651433955388343	-2.74789917902629	EFCAB4A
2.46821547080745	-2.40483932215686	2.65941188682263	0.0106073976745177	0.651433955388343	-2.7485593141083	MAB21L1
1.00933098074534	1.71250118980392	2.65634352647987	0.01069166913162	0.65464930515758	-2.75416357834581	CC2D2A
-0.8843710931677	4.09516525490196	-2.65394748743172	0.0107579019229283	0.656744298342574	-2.7585367856558	RRAS2
-0.925427347826091	-7.3570768627451	-2.65274474748541	0.0107912904234125	0.656827742329486	-2.76073098472996	C3
1.49947038	0.674567097843137	2.64275288114562	0.0110723627450171	0.668792525326817	-2.77893306841017	SLC4A1
1.62614411217391	0.097289147254902	2.6408342816118	0.0111270948086461	0.668792525326817	-2.78242275559186	ZNF705D
-1.01502487763975	-0.220099932941176	-2.63627402702839	0.0112581816182854	0.668792525326817	-2.79071026893065	SEMA3C
2.38735786583851	1.56764673921569	2.63413891290939	0.0113200413361928	0.668792525326817	-2.79458709377642	GNAI1
-1.58001065217391	-3.87670990196078	-2.63234031675166	0.011372392610693	0.668792525326817	-2.79785120559807	NTN3
-2.54469439770186	-0.283882472745098	-2.63214856403729	0.0113779869632534	0.668792525326817	-2.79819910972566	VAPB
-3.31844638571429	-2.92487966823529	-2.63185285497086	0.0113866191633368	0.668792525326817	-2.79873559145692	TUSC5
2.13797862298137	-2.66925698235294	2.63099384714434	0.0114117289325461	0.668792525326817	-2.80029378582885	PALMD
2.21431247267081	-4.35895477843137	2.62298478858716	0.0116482938889041	0.67974575427598	-2.81480486670193	SULT4A1
3.87564331161491	-1.66771008215686	2.61451551959994	0.0119033261716302	0.687161351907148	-2.83011643661077	MKRN3
1.82512672670807	-6.2072252745098	2.61364153914839	0.0119299326443323	0.687161351907148	-2.83169454839928	KCNMB2
1.23212667701864	3.82730590196078	2.61157164424971	0.0119931632206883	0.687161351907148	-2.83543061402972	GIMAP6
2.00202729763975	-1.29889004	2.60872534648648	0.0120806115060015	0.688510744639737	-2.84056469276016	GPR82
-1.72339825465839	-6.72066770588235	-2.60753314027651	0.0121174131637551	0.688510744639737	-2.84271400706582	MASP1
3.76968706198758	-0.150155890392157	2.60346836416112	0.0122436583869951	0.689873343352361	-2.85003686335986	RXFP2
-1.6560770310559	-5.970498	-2.60265900644416	0.0122689387261654	0.689873343352361	-2.85149400404338	CDC20
-1.11022619068323	1.68180386470588	-2.60243561261073	0.0122759248402697	0.689873343352361	-2.85189613929225	SH2B3
-2.96955058385093	0.757468164509804	-2.60115738232816	0.0123159684129195	0.690232634114221	-2.85419664209338	MTUS2
0.768505844720498	3.77980666666667	2.59560859647955	0.0124911841944797	0.69527929834389	-2.86417396726254	CCDC77
0.863773329192548	3.11773064705882	2.59283825553934	0.0125795134862783	0.696588134376688	-2.86914977815412	GDAP1
1.28636423602484	4.06220660784314	2.59222413497289	0.0125991711122149	0.696588134376688	-2.87025229787494	GPR19
-1.5143240552795	4.22007049607843	-2.58995660260097	0.0126719966427644	0.697653073144083	-2.87432157718371	SETBP1
-1.81538971925466	-0.375751884313725	-2.58950778837172	0.0126864565270448	0.697653073144083	-2.87512671726441	HIST2H2BA
0.946491536645963	3.28104702352941	2.58750144034019	0.0127512813303769	0.697793855757078	-2.87872476636774	SPEG
3.15055425217391	-0.8783361	2.58496975340354	0.012833511145889	0.698170964462	-2.88326213764911	METTL8
1.74496643416149	2.34131350392157	2.58397172604069	0.0128660600900271	0.698170964462	-2.88504997995634	CRYBG3
-1.37021632838509	2.76681310960784	-2.58003926809173	0.0129950448753664	0.701622691853193	-2.8920897822208	FAM83D
1.20719495652174	2.69459256294118	2.57994715466349	0.012998080289792	0.701622691853193	-2.89225459162096	SERPINF2
-2.25011056086957	-3.45820796941176	-2.57711286279995	0.0130917954350273	0.702495418203719	-2.89732369070136	LOC644538
1.48755150596273	-0.429534154901961	2.57635397470782	0.0131169922568265	0.702495418203719	-2.89868028987068	JPH4
-1.22646294242236	-0.693911740784314	-2.57253160852937	0.0132445772170982	0.707288730331727	-2.90550894001877	ZNF211
0.964079615652174	0.250461183137255	2.57109948831639	0.0132926699421846	0.707288730331727	-2.90806558537216	ECT2
1.06827448267081	-1.32903709843137	2.57028691531593	0.0133200280904745	0.707288730331727	-2.90951575941359	TMEM27
1.00944561055901	2.14843215490196	2.56956373177829	0.0133444197854124	0.707288730331727	-2.91080613169868	CERK
-2.78665642608696	-5.36524537392157	-2.56678726066905	0.0134384439060523	0.709692213968381	-2.91575779988789	LGSN
-1.22854552546584	2.90357412941176	-2.56618366763697	0.0134589640812061	0.709692213968381	-2.91683377290238	ZNF791
1.4401693931677	-2.28135212745098	2.56375852875709	0.0135416989803336	0.711703668864906	-2.92115506132582	LYG2
-2.09757678881988	-6.01483033333333	-2.562810164025	0.0135741787966654	0.711703668864906	-2.92284414345163	LOC646813
1.36621872670807	-6.51075570588235	2.55719589529064	0.0137679156543765	0.711703668864906	-2.93283439177458	SNORD11
-1.54249358385094	-7.00977723529412	-2.55593661790957	0.0138117150572882	0.711703668864906	-2.9350730758076	PCDHB10
2.16054883354037	-4.5068776745098	2.55314642369418	0.0139092142399829	0.711703668864906	-2.94003057657995	SLC35F5
-0.840998664596273	3.65896550980392	-2.55272743096132	0.0139239093138466	0.711703668864906	-2.94077469494558	SGCA
1.04257831629193	-0.76989826354902	2.55222832801875	0.0139414324902551	0.711703668864906	-2.94166097393997	PDE6C
-1.3374758757764	3.79343528235294	-2.55177398148582	0.0139574017534617	0.711703668864906	-2.94246767047795	SMARCE1
0.770499807453417	3.55994892156863	2.5511973254962	0.0139776939003354	0.711703668864906	-2.94349138236143	TMEM160
-0.971863900621122	-7.30292478431373	-2.55102789798988	0.0139836610460216	0.711703668864906	-2.94379212842395	FOXI3
-2.50075753850932	-0.824715335294118	-2.55008591582885	0.0140168794597036	0.711703668864906	-2.94546395717985	RPL24
-1.87067475341615	-6.64128497843137	-2.54954503834717	0.0140359856147465	0.711703668864906	-2.94642370844556	SLC6A11
2.01831083354037	-1.74841517058824	2.54207848310737	0.0143021701942361	0.714239306352	-2.95965788260855	NME2P1
4.06113550372671	-2.56679044	2.54180553884811	0.0143119871716947	0.714239306352	-2.96014114436977	KRT18
1.8303749061754	-0.422561506023612	2.54015678371248	0.0143714183611418	0.714239306352	-2.96305956694921	AMPH
0.975789435037267	-0.565251135823529	2.53966357408271	0.0143892402145483	0.714239306352	-2.96393232463793	GPR65
0.992098541614907	1.97808478039216	2.53951212546224	0.0143947167583034	0.714239306352	-2.96420029597845	KCNJ14
0.77496894409938	3.29856737254902	2.53568417637597	0.0145337705541233	0.715151765637375	-2.97096965489871	GSDMB
1.00637570621118	-0.0939742860784314	2.53490706399055	0.014562148604833	0.715151765637375	-2.97234301758103	MFSD4
-2.42533781993789	-2.88683248176471	-2.53459419248822	0.0145735880477975	0.715151765637375	-2.97289585964596	DPY19L2P2
2.3141880831677	-1.63793655941176	2.52781088285293	0.01482362192769	0.723957459478039	-2.98486999382413	SLC38A5
1.40120360248447	-6.00843662745098	2.52671736797556	0.0148642920136741	0.724219377160293	-2.98679816664939	C9orf131
-0.906036708074533	4.37433829411765	-2.52405277830898	0.0149638185274111	0.725519674154395	-2.99149409536232	ITPRIPL1
-1.64563256273292	-2.06531969686274	-2.5225373765178	0.0150206908188524	0.725519674154395	-2.99416318212117	CSDC2
1.44929769111801	-0.663972934313726	2.52222437514701	0.0150324620473683	0.725519674154395	-2.99471433099683	MYRIP
1.71858322981366	-2.75487058823529	2.52090708951056	0.0150820938907088	0.726189892098373	-2.99703334048772	ATP6V1G2
0.894966049689441	0.452302201960784	2.51904363383358	0.0151525582009606	0.726189892098373	-3.00031237621727	ZNF823
2.09143299378882	-5.89227345098039	2.51592999184945	0.0152709642141781	0.728227469230232	-3.00578744311798	VWDE
-3.35985109130435	-4.75557698431373	-2.51512025978054	0.0153018941618795	0.728227469230232	-3.00721049352563	TWF1
-2.47425768881988	-3.54235256829412	-2.5133029398453	0.0153715188801263	0.728227469230232	-3.01040312081568	POTEF
-2.19854316521739	-4.60418119215686	-2.51292412663265	0.0153860680518587	0.728227469230232	-3.01106840366369	HAS1
0.84664997068323	1.58374722431373	2.51203147099765	0.0154204019443951	0.728227469230232	-3.01263582800888	ZNF30
-2.56378068322981	-2.49744122156863	-2.50993367740764	0.0155013625454939	0.728227469230232	-3.01631779978543	ZNF678
0.756339956521745	6.83228952941176	2.50989582644704	0.0155028268724336	0.728227469230232	-3.0163842142128	LOC100288778
-0.820410406832298	-1.5201202845098	-2.50751057310609	0.0155953579527582	0.728227469230232	-3.02056800477249	ATP6V1E2
0.925050938012422	-0.857249404705882	2.507241199424	0.0156058391933172	0.728227469230232	-3.02104031355477	LRRC3B
0.807543112635186	3.71566512506539	2.50211660378942	0.015806456752563	0.733727404464963	-3.03001864311073	ACSF2
-4.51148068944099	-4.66799145882353	-2.50201079039353	0.0158106236726557	0.733727404464963	-3.03020389018019	F8
-2.23681378045963	-1.42570742847059	-2.49642231936082	0.0160321180114131	0.742326872799335	-3.03997961169599	DHX40
2.17123575155279	-4.61321717647059	2.49118074425083	0.0162424162824422	0.748478161980105	-3.04913424401484	NPTX1
-1.82995410372671	-2.75842850392157	-2.48636088953246	0.0164379977262907	0.748478161980105	-3.05754010293275	COL16A1
1.65195575155279	-5.51930711764706	2.48558248792902	0.0164697832907066	0.748478161980105	-3.05889654081369	CA7
-1.55441996378882	3.77953644490196	-2.48261884787734	0.0165913119379207	0.748478161980105	-3.06405815997466	MICA
1.47581743478261	-6.71616180392157	2.48221671368029	0.0166078645045616	0.748478161980105	-3.06475819423871	PHYHIP
2.08962763664596	-2.34346542784314	2.48169399538366	0.01662940288468	0.748478161980105	-3.06566801875079	SLC6A10P
1.28889576546584	-2.62249736627451	2.47833077580904	0.0167685889071269	0.748478161980105	-3.0715186095069	CRH
-2.11043159192547	-5.86487623529412	-2.47393204177308	0.0169522211181482	0.748478161980105	-3.07916191143002	GOLGA6C
-3.26795352288745	-0.671532347054024	-2.47269905050112	0.0170040199056578	0.748478161980105	-3.08130261317316	ANO5
-1.04851041614907	-7.16759009803922	-2.47264228622531	0.0170064080561984	0.748478161980105	-3.08140114791122	BCHE
1.25390418012422	-4.28329376470588	2.46989629009458	0.0171222989925369	0.748478161980105	-3.08616585351417	LOC729991-MEF2B
2.03467460335404	2.71042320431373	2.46830312551559	0.0171898633733761	0.748478161980105	-3.08892847089447	WDR53
-1.17126713291925	4.24866795686274	-2.46481167331911	0.0173387762764837	0.748478161980105	-3.09497828688153	ELL3
1.91868147018634	-3.30919974313725	2.46429454898099	0.017360930924382	0.748478161980105	-3.09587380675322	CYP2R1
1.51366573913043	-6.7223491372549	2.46252198954898	0.017437065351365	0.748478161980105	-3.09894236771956	PLA2G2F
1.7421500242236	-3.40596467921569	2.4623480123986	0.0174445542118054	0.748478161980105	-3.09924346144972	ZBBX
0.868711509316772	3.61019503921569	2.46170686783658	0.0174721774456999	0.748478161980105	-3.10035292571607	CA5BP
0.756593618385093	1.4180644527451	2.46004430490751	0.0175439920750606	0.748478161980105	-3.10322891987855	FGFR1OP
1.78074989937888	-2.37018052352941	2.45942244473804	0.0175709219127604	0.748478161980105	-3.1043042859484	C9
-0.912933136645958	7.23899139215686	-2.45939327186768	0.0175721861697119	0.748478161980105	-3.10435472896261	SLC41A1
2.32460464652136	-3.74967710823783	2.45764581028282	0.0176480656107196	0.748478161980105	-3.10737548460705	AGBL4
-1.72543447204969	-5.63873103921569	-2.45585327531175	0.0177262098763076	0.748478161980105	-3.11047253615228	SLC6A12
1.73372621484472	-0.906028298627451	2.45579953932759	0.0177285572782191	0.748478161980105	-3.1105653531306	DNAH3
1.01088332608696	3.42631608823529	2.45521358838695	0.0177541721906835	0.748478161980105	-3.11157735745788	CASS4
1.64396349068323	-5.06030709803922	2.45363224238091	0.0178234679322828	0.748478161980105	-3.11430764687332	SNORD98
-2.46603126521739	-2.51495842303922	-2.45313437054574	0.0178453355744334	0.748478161980105	-3.11516698796307	LOC441455
2.8250035378882	-3.55144475882353	2.45238585351203	0.0178782577373844	0.748478161980105	-3.11645871121067	TTL
-1.63768377204969	-1.73455732745098	-2.45234656482652	0.0178799872937915	0.748478161980105	-3.11652650416473	CNGA4
-0.904687453416154	-7.28712964705882	-2.45014127513073	0.0179773107193015	0.751019546790859	-3.12033048296187	NPY2R
2.0500419068323	-5.80649292156863	2.4467129279446	0.0181295604079402	0.755589279684292	-3.12623920793615	G6PC2
1.77968960869565	-6.36169337254902	2.44452267221839	0.0182274362654981	0.755589279684292	-3.13001093835902	LGALS1
-2.01375941335532	1.82893632008505	-2.44429105912127	0.0182378141958174	0.755589279684292	-3.13040964382042	ACSM1
-2.22763495465839	-4.52395008431373	-2.44300094881368	0.0182957180914993	0.755589279684292	-3.13262997291439	HSPB6
1.21552848322982	3.43491416666667	2.44287240949555	0.0183014963925028	0.755589279684292	-3.1328511471663	DYNC2H1
1.18594977695652	-1.84016877313725	2.44103106859572	0.0183844522873672	0.755715201039031	-3.13601856268187	OCM2
1.03269847329193	0.308993807058824	2.43655879147788	0.0185873519997602	0.756112708248075	-3.14370437104726	MBOAT7
-2.11513909875776	1.55556539019608	-2.43552661013779	0.0186344664139167	0.756112708248075	-3.14547675882401	SPRED3
2.40403966573292	-1.56280738688235	2.43360406702653	0.0187225091899534	0.756112708248075	-3.14877654880446	NTSR2
-1.23368525279503	2.00657311960784	-2.43339100984231	0.0187322891980789	0.756112708248075	-3.1491421159263	OSMR
0.941130357391304	0.196365959039216	2.4333440877131	0.0187344436935084	0.756112708248075	-3.14922262256531	TAS2R38
-1.10279656521739	3.2338867254902	-2.42746914042293	0.0190059729287098	0.758930939867305	-3.15929358843832	SLC27A3
-0.934080806832298	1.64254093529412	-2.42429959469482	0.0191539326163843	0.762884399664612	-3.16471949115208	C1orf96
1.21974736459627	0.401426139411765	2.42253776687997	0.0192366259675289	0.764630374111989	-3.16773329362392	SERPING1
-1.40118036024845	-6.85948505882353	-2.42177931601265	0.0192723236844724	0.764630374111989	-3.16903021351015	RSPO4
-0.859369366459628	4.45346550980392	-2.41591552068747	0.0195503340428976	0.769180763235032	-3.17904700280965	HIST2H2AB
-1.00588045962733	-7.22396503921569	-2.41488789378046	0.0195994256130339	0.769180763235032	-3.18080060311788	LOC151009
1.34659487559627	-0.0827425201372549	2.41473891902579	0.0196065516112359	0.769180763235032	-3.18105477651518	GPC1
1.30553947826087	-6.64543035294118	2.4144926586558	0.0196183362480178	0.769180763235032	-3.18147490857546	LOC401588
1.57780531490683	-2.09184221078431	2.40998413348666	0.0198352195617146	0.770380191620638	-3.18916110114245	TACR3
1.25793982434783	-2.36056598705882	2.40997868371543	0.0198354830251514	0.770380191620638	-3.18917038558939	CTAGE1
0.907017453416151	5.21973784313725	2.40946551131892	0.0198603059258892	0.770380191620638	-3.19004457726636	UBC
-2.70264912422361	-12.9186918431373	-2.40930786994332	0.0198679368841321	0.770380191620638	-3.1903130926111	LOC606724
1.45353418906832	-2.50591426823529	2.40781184059051	0.0199404868058382	0.77173446294595	-3.19286068118157	ZNF778
-0.765088204968947	-7.36467296078431	-2.40579000758487	0.0200389145325942	0.774083267217649	-3.19630180942736	LGI1
-1.00677697515528	-7.2460578627451	-2.40344878442945	0.020153437194882	0.777043804025225	-3.20028387376536	ZNF483
-2.87624948819876	-4.00414837058824	-2.4023874958194	0.0202055446679581	0.777591242456203	-3.2020880228845	LBP
1.10718647416149	-0.0932622643137255	2.39991667222919	0.0203273279033493	0.777846172179615	-3.20628604965399	CKM
-0.789374826086955	4.52664890196078	-2.39721927367446	0.0204610323339049	0.777846172179615	-3.21086539664024	SLC1A5
-1.06974979397516	-0.804079172352941	-2.39712173093663	0.0204658821109411	0.777846172179615	-3.21103092276328	JAKMIP3
-1.97835614173913	0.77100545745098	-2.39702176279856	0.0204708535505185	0.777846172179615	-3.2112005595333	SH3BGR
0.950174800621119	1.74048515803922	2.39649608778191	0.0204970133736154	0.777846172179615	-3.21209249590794	TMEM150C
1.6487772173913	-6.09401164705882	2.39511277022644	0.0205659968621367	0.777846172179615	-3.21443894245977	TMEM9B
0.783316454037268	2.27243488823529	2.39429691980651	0.020606779631051	0.777846172179615	-3.21582235606014	SLC38A7
1.69573792111801	-2.86704533529412	2.39424305804793	0.0206094746326051	0.777846172179615	-3.21591367560823	UPK3A
-2.48376302422361	-5.89968981764706	-2.39407860472166	0.0206177051030408	0.777846172179615	-3.21619248747578	VCY
1.5430829378882	-1.48255057411765	2.39384691382085	0.0206293056584297	0.777846172179615	-3.21658526897139	RRM1
-2.63441513602485	-5.51214439215686	-2.39284955423814	0.0206793095990047	0.77830091466933	-3.21827575428842	LRCH2
1.25211485658385	0.507716098627451	2.38671464802469	0.0209892952360721	0.78564310927429	-3.22866271820322	ZNF549
3.38937630434782	-5.36857256862745	2.38475133971639	0.0210893760749819	0.787951333424461	-3.23198261151984	CCL11
0.906101567763975	1.43312624568627	2.3829473957143	0.0211817109953499	0.789121423979204	-3.23503124042218	IMPG2
-0.90806131621118	-0.435064882156863	-2.37756906957062	0.0214591601756041	0.793749870703687	-3.24411034901564	LOC284441
-2.01573240782609	1.25820853784314	-2.37723012443763	0.021476754009387	0.793749870703687	-3.24468200967802	PRRX1
-1.52982012086957	0.243812434705882	-2.3754950356583	0.0215670213587886	0.794050676196578	-3.24760744121496	ID1
-1.60121062111802	-6.39974307843137	-2.37422487076818	0.0216333170140082	0.794050676196578	-3.24974798614685	MATN3
-0.934815739130434	5.99075333333333	-2.3725742536239	0.0217197435267224	0.794050676196578	-3.25252841719973	B4GALT5
2.16636877360248	-1.05198226960784	2.37240764797227	0.0217284842161607	0.794050676196578	-3.25280898119365	CKMT1A
1.84276650931677	-6.17238780392157	2.36912538793766	0.0219013275643122	0.794050676196578	-3.2583333214334	TLE2
-1.14243486548447	1.78615846021569	-2.3684985831889	0.0219344749744523	0.794050676196578	-3.25938764356939	CSF1
1.1658631552795	4.58060756862745	2.36822325728904	0.0219490492997571	0.794050676196578	-3.25985069217665	GPR115
3.19650373167702	-2.91282025470588	2.3677485779597	0.0219741967669538	0.794050676196578	-3.26064892331257	LHX6
1.0967697310559	-1.12933934705882	2.36753837001759	0.0219853413780919	0.794050676196578	-3.26100237554197	TAS2R20
-1.74990760248448	-6.55457115686275	-2.36702846156155	0.0220123963088888	0.794050676196578	-3.26185965943253	CCK
1.80356624037267	-2.89333212745098	2.36513028764664	0.0221133731475515	0.794050676196578	-3.26504975708356	TAS2R19
1.17107437142857	0.929981388235294	2.36457573049688	0.0221429521597293	0.794050676196578	-3.26598139388944	CAPN13
-1.69410677018634	-6.45675919607843	-2.36387622951875	0.0221803128103437	0.794050676196578	-3.26715629923515	LHFP
-1.83946725818558	-2.64301448020461	-2.36310918227584	0.022221346121039	0.794050676196578	-3.26844435988056	ANP32C
2.29222220496894	-5.63505001960784	2.36299446297817	0.0222274888968474	0.794050676196578	-3.26863697497388	KSR2
2.29297981703612	-4.6964391370936	2.36264982922126	0.022245951865884	0.794050676196578	-3.2692155773286	AQP7P3
-1.03030516149068	5.42963339215686	-2.36196962059216	0.0222824328627014	0.794050676196578	-3.27035738860238	WAS
2.12667478260869	-5.91336174509804	2.36190007230772	0.0222861659027318	0.794050676196578	-3.27047411988175	IL1F6
1.45791543167702	1.28191550784314	2.36141562945077	0.0223121841860246	0.794050676196578	-3.27128714772101	PTPLAD2
2.09051691304348	-5.90464088235294	2.35924073047273	0.0224293288393962	0.794050676196578	-3.2749356918478	KANK4
-1.4346470173913	2.1255581	-2.35735445293559	0.0225313739327456	0.794050676196578	-3.27809802291773	ZNF496
1.54859929751553	-2.63230955882353	2.3571892103313	0.0225403331330908	0.794050676196578	-3.27837496108172	LOC100133893
1.01021044813665	-1.07210822254902	2.35672590194256	0.0225654700345098	0.794050676196578	-3.27915136501991	LRRC6
0.842760937888201	9.63910966666667	2.35666427458662	0.0225688155334733	0.794050676196578	-3.27925463046147	TXNRD1
-2.60695978881988	-5.10723015490196	-2.35334918628577	0.0227494347162994	0.794990241291838	-3.28480656333155	DIRAS3
-2.25801222012422	-2.91548604294118	-2.35025167680102	0.0229193688250309	0.794990241291838	-3.2899888302457	TSNAX-DISC1
1.28333393683851	-1.03373630523529	2.35006021582788	0.0229299098909392	0.794990241291838	-3.29030898529167	CHADL
1.26996477391304	2.09954931960784	2.34955288328516	0.0229578625713737	0.794990241291838	-3.29115723659039	RCBTB1
-0.885450565217389	5.61823111764706	-2.34929230849265	0.0229722314152369	0.794990241291838	-3.29159285993875	H3F3A
-1.91694145341615	-5.93059468627451	-2.3487387256422	0.0230027843070668	0.794990241291838	-3.29251820795755	CA13
-1.78637146335404	-3.66617644705882	-2.34867042418983	0.0230065564663998	0.794990241291838	-3.29263236676282	LYPLA2
0.850225319254657	3.34427437647059	2.34769282598936	0.0230606081107958	0.794990241291838	-3.29426604880435	SUPT4H1
-1.6678428757764	-6.61573268627451	-2.34647313599623	0.0231282045331316	0.795790628389447	-3.29630358135456	CPZ
-0.770295130434779	5.5133488627451	-2.34533473402034	0.023191455943204	0.795790628389447	-3.29820460463525	TAOK2
-2.33099426559006	0.112525272941176	-2.34498345904317	0.0232110045850676	0.795790628389447	-3.29879106110422	SLMO2
1.01430970285714	-0.663657108823529	2.34299637200614	0.0233218651159883	0.795790628389447	-3.30210728085039	C11orf65
1.75757703726708	-4.95117478431373	2.34287487371552	0.0233286589175136	0.795790628389447	-3.30230997922226	LOC100129387
1.89175493565217	-2.15892732901961	2.34196200915351	0.0233797601204836	0.795790628389447	-3.30383268017538	DPF1
-1.94600208695652	-0.782298952941176	-2.34129769782766	0.0234170105456764	0.795790628389447	-3.30494050316136	NACA
0.804638877018634	2.10376185490196	2.33714249923285	0.0236512158893647	0.795790628389447	-3.31186447531292	MTERF
1.98404154347826	-5.67109285294118	2.33689955973906	0.0236649736697396	0.795790628389447	-3.31226900961305	EXD1
-1.49161320559006	2.3218477627451	-2.33669172366294	0.0236767492099898	0.795790628389447	-3.31261506589716	ZNF92
1.38698652204348	-0.395795718098039	2.33588290023573	0.0237226253073253	0.795790628389447	-3.31396157296657	FBXL20
1.08687926708075	3.08082854901961	2.33523797133464	0.023759262356452	0.795790628389447	-3.31503498225084	PRY2
1.87251420496894	-4.92963039215686	2.33359538496692	0.0238528029797377	0.795790628389447	-3.31776787158584	UCP3
1.59552519254658	-4.54031803921569	2.33236312696923	0.0239231927017688	0.796611247887469	-3.31981712012251	DLEU2
-1.57185709627329	1.00172900431373	-2.32797515619464	0.024175355959286	0.799814357156249	-3.32710772320302	BMP6
-2.79814279110948	-1.34919832522503	-2.32662704235905	0.0242533037629526	0.800447527885467	-3.32934553839987	ACTA1
1.87420950931677	-4.25068433333333	2.3261342845315	0.0242818509945739	0.800447527885467	-3.33016325341127	CACNG1
-0.83220333416149	2.37746462745098	-2.32494992976129	0.0243505878217888	0.800447527885467	-3.3321281172304	PABPC3
-3.22933435732919	0.19791258745098	-2.31827179137529	0.0247414343967438	0.81116567307806	-3.34319315305825	ESPNL
-2.64346862981366	2.60359174117647	-2.31802917649792	0.024755738657706	0.81116567307806	-3.34359469120185	SCNM1
-1.62026184347826	3.23701330784314	-2.31700344546286	0.0248162961150851	0.811853055682018	-3.34529197039841	FCER1A
-2.11624342484472	-1.11641550901961	-2.31304601802499	0.0250511779626833	0.814504492963264	-3.35183502251647	P4HA2
-1.41026633354037	2.82811631176471	-2.31191240858734	0.0251188248934628	0.814504492963264	-3.35370773156197	UBE2D1
2.25854344372671	-0.341335303333333	2.31167273000419	0.0251331483259493	0.814504492963264	-3.35410358890855	IL5
1.5673826826087	2.19600927647059	2.3108540436948	0.0251821288500442	0.814504492963264	-3.35545551182227	CNKSR2
-1.23408308074534	-6.76341690196078	-2.30801360821417	0.0253527283522841	0.814504492963264	-3.36014320882562	LOC440356
1.05294521118013	7.84299890196078	2.30573866798008	0.0254901067423732	0.814504492963264	-3.36389450092997	FLNB
1.55892151826087	0.395474957039216	2.30555186999099	0.0255014164986114	0.814504492963264	-3.36420239961448	RNGTT
1.51507743372671	-0.330318780588235	2.30318913185654	0.0256448563671859	0.814504492963264	-3.36809526640003	BMP8B
1.73729127950311	3.62650280392157	2.30233311132176	0.0256970020220224	0.814504492963264	-3.3695049075086	KIAA0125
1.92201960434783	-3.2410428254902	2.30191095738936	0.0257227529105369	0.814504492963264	-3.37019993818447	GDPD2
-2.11445376708075	-5.11683999215686	-2.30116550759671	0.02576828067681	0.814504492963264	-3.37142700482248	TMSL3
-2.93301175341615	-1.71518649039216	-2.30095453651793	0.025781178613744	0.814504492963264	-3.37177422451516	FAM127C
-2.6171559136646	-2.47981961568627	-2.30038687609271	0.0258159117212584	0.814504492963264	-3.37270836974488	LHFPL1
1.25382187770186	-1.52855645039216	2.30033390379665	0.0258191550342555	0.814504492963264	-3.37279553235335	TULP3
1.55748391180124	-1.02297189137255	2.30029896577293	0.0258212943691543	0.814504492963264	-3.37285301985987	TAS2R1
1.45679083726708	-3.13202770588235	2.29903889187268	0.0258985573162608	0.814504492963264	-3.37492592080953	HIST1H2AD
-2.77707052546584	-3.75733688039216	-2.29820266259887	0.0259499454632038	0.814504492963264	-3.37630109565856	VENTXP7
1.3118073891917	-3.60839195832376	2.2980653304588	0.0259583935149915	0.814504492963264	-3.37652690143724	ALG12
1.48255379503105	-5.84685545098039	2.29788519622208	0.0259694782760323	0.814504492963264	-3.37682306825379	BDNF
0.885119952795031	1.53979081686275	2.29528605513829	0.0261298897736599	0.816807267575163	-3.38109447442824	SERPINI2
-0.957257006211179	4.237313	-2.29430293564263	0.0261907949443381	0.816807267575163	-3.38270916916565	SLAMF1
-1.09710152919254	4.77852569411765	-2.29411933459947	0.0262021832129708	0.816807267575163	-3.38301066098037	GALNT4
1.17569468018633	-1.50882881098039	2.29194099028591	0.0263376371593964	0.819355398613366	-3.38658632961228	TMC6
-2.93844217142857	-3.65506282352941	-2.29152116290632	0.0263638145029652	0.819355398613366	-3.38727516388631	SNORD115-7
-3.27873930621118	-3.07240075470588	-2.288098671988	0.0265780822065225	0.824764935280167	-3.39288706195045	C9orf128
1.78658584347826	-4.27365091372549	2.28621137131647	0.0266969005705427	0.824957885310323	-3.39597896510047	LOC388152
-1.03410785093168	-7.01931458823529	-2.28059788175627	0.0270531089500359	0.824957885310323	-3.40516389477427	ZNF281
-1.77361357763976	-6.4767668627451	-2.27988469928772	0.0270986661213137	0.824957885310323	-3.40632959142781	PPFIA2
1.59276210652174	-3.37625120686275	2.27901178098571	0.0271545199516293	0.824957885310323	-3.40775599851708	C14orf50
-1.18624826301569	-7.02212325369242	-2.27833761027015	0.0271977269896677	0.824957885310323	-3.4088573540574	ACTL8
-1.33523201118012	2.65390281764706	-2.27638892510225	0.027322960845015	0.824957885310323	-3.41203941811481	SSR1
-1.49510029017366	-6.41977907185205	-2.27571922873094	0.0273661177649208	0.824957885310323	-3.41313250562704	APLN
1.27094322795031	3.12314696666667	2.27410425216763	0.0274704405223023	0.824957885310323	-3.4157674840028	ITGAE
-1.2491916926087	1.21131157784314	-2.2731445457248	0.0275326022193137	0.824957885310323	-3.41733265519606	FSTL4
1.583477	-4.91335033333333	2.27230584086444	0.0275870288852976	0.824957885310323	-3.41870007416196	SCG5
1.07964817391304	-6.89744501960784	2.27194651197589	0.0276103763395688	0.824957885310323	-3.41928580388684	CPM
1.75393725956522	-3.42510522411765	2.27147543717316	0.0276410111276184	0.824957885310323	-3.42005357976889	SCT
0.933343447018633	-1.38211377529412	2.27082513472981	0.0276833510664468	0.824957885310323	-3.4211132682072	RARRES2
-2.57234581925466	2.38063122843137	-2.26964102860526	0.0277605940975986	0.824957885310323	-3.42304221206281	LIN7A
0.959793941614907	1.14251793156863	2.26944261610207	0.027773555912944	0.824957885310323	-3.42336535678467	ZNF542
-1.89334193370879	5.03424492568772	-2.26765307927713	0.0278907054768261	0.824957885310323	-3.42627891329899	ARHGEF15
-1.46477649689441	-6.84164933333333	-2.26672365078371	0.0279517224205672	0.824957885310323	-3.42779142943401	CSMD3
2.00921269378882	-3.87750799019608	2.266079851056	0.0279940573949798	0.825020266215265	-3.42883884668505	TCTA
-4.36967015527951	-8.84281275294118	-2.26445216669994	0.0281013449881256	0.825438814097981	-3.43148596175842	FAM156A
0.789468985217392	1.73441214039216	2.26403373561787	0.0281289845482883	0.825438814097981	-3.4321662244681	FAM196B
0.83040534782609	5.06705621568627	2.25845451813425	0.0284998367434652	0.832747366498516	-3.44122742868524	XAGE2
1.54314933540373	-4.47673980392157	2.25529710175439	0.0287116302259037	0.83324554240018	-3.44634780535306	C6orf162
-1.5742228552795	3.24707075098039	-2.25435451194067	0.0287751277196293	0.83324554240018	-3.44787533823905	ZNF420
-2.24326192726708	-1.49870998568627	-2.25288074599268	0.0288746577850674	0.83324554240018	-3.45026269877876	SLC25A29
-3.2652887242236	-0.578580616392157	-2.25069619736724	0.0290227525784117	0.83324554240018	-3.4537992579689	MYC
-0.787669913043476	5.82659711764706	-2.24994539345912	0.0290738065083732	0.83324554240018	-3.45501412470279	NUDT4
-0.823559322981362	9.42005441176471	-2.24983664911305	0.0290812076228749	0.83324554240018	-3.45519005684299	GPIHBP1
1.61827201242236	-3.24426464705882	2.24952564157529	0.0291023839542076	0.83324554240018	-3.45569318467367	PTRF
-1.03991391428571	3.03543549803922	-2.24948063059235	0.0291054498606757	0.83324554240018	-3.45576599610432	KCNE3
1.94447148322981	-5.71661589411765	2.24756832188649	0.0292359711687817	0.83324554240018	-3.4588583848702	PTPRT
1.47325243329192	-0.425163106470588	2.24712207777193	0.0292665034333503	0.83324554240018	-3.45957971449632	CYP2B6
-3.15544161217391	-3.35171275058824	-2.24709671874245	0.0292682393612911	0.83324554240018	-3.45962070270356	PRRG2
1.41832277018633	-6.7347868627451	2.24623700441816	0.0293271443597344	0.83324554240018	-3.46101006274414	GRIN2B
1.4376518757764	-5.39185133333333	2.24620508868435	0.0293293331519564	0.83324554240018	-3.4610616330038	PWP2
1.2095927826087	5.27981596078431	2.24105691594553	0.0296842996448884	0.834905591980161	-3.46937281457409	CD40LG
2.96018481614907	0.271539739215686	2.23951272376719	0.0297915119702261	0.834905591980161	-3.4718628925186	PTK2B
0.777837768757763	-1.01393749313725	2.23481080186602	0.0301200810294757	0.834905591980161	-3.479436817765	ETV4
3.32279434645963	-2.70977006588235	2.23376340467336	0.0301937088436702	0.834905591980161	-3.48112231201186	CSMD2
0.939101184161491	1.9139584245098	2.23062486382468	0.0304152916272934	0.834905591980161	-3.48616927574312	PMFBP1
0.803976248447206	3.1521575254902	2.23057310753766	0.0304189576946043	0.834905591980161	-3.48625245716326	ATP8B1
-1.86773968130435	0.569337393137255	-2.23040004269365	0.0304312192877155	0.834905591980161	-3.48653059188379	GSTM3
2.21264104347826	-6.21013845098039	2.22834273828382	0.0305773144602882	0.834905591980161	-3.48983563782498	KIAA1486
2.72979891987578	-4.78302679198039	2.2277579624195	0.030618954331928	0.834905591980161	-3.49077464719241	GJA3
1.29812589826087	0.613365111176471	2.22730499135139	0.0306512433508524	0.834905591980161	-3.49150187913527	SNORD7
-1.62861484962733	0.90717461	-2.2262234918722	0.03072845758431	0.834905591980161	-3.49323773397341	C2orf49
-1.81740633540373	-1.00910625490196	-2.22620794758278	0.0307295686317603	0.834905591980161	-3.4932626785095	ATP5E
-2.66421256397516	-4.361951	-2.22479729506721	0.0308305450036175	0.834905591980161	-3.49552584891927	C9orf152
1.40725204347826	-6.83644878431373	2.22290295109766	0.03096660678439	0.834905591980161	-3.49856328456419	SPATA2L
1.54001754037267	-5.87971629411765	2.22266053221531	0.0309840568994956	0.834905591980161	-3.498951840535	LOC550643
1.69353437888199	-5.75955631372549	2.22261848822702	0.0309870842508751	0.834905591980161	-3.49901922652164	GPR143
-2.34484030596273	0.934831553333333	-2.22084952467428	0.0311146948887229	0.834905591980161	-3.50185354016434	TINAG
1.2087011863354	-5.26041170588235	2.21957852142342	0.0312066702993187	0.834905591980161	-3.50388892297383	TMEM156
-0.799434857763974	2.51379879803922	-2.21891421021408	0.0312548384748073	0.834905591980161	-3.50495239173857	ZNF223
1.95261807391304	-6.09563314313726	2.21872199208337	0.0312687881809854	0.834905591980161	-3.5052600600261	OR1J2
0.877780020248447	-0.504417928627451	2.21677877680411	0.0314101214073665	0.834905591980161	-3.50836925329816	C11orf34
1.0862029378882	4.73107119803922	2.2151705753933	0.0315275156611701	0.834905591980161	-3.51094082280059	TOX
-3.2784214831677	-4.22870194647059	-2.21505796908316	0.031535750131759	0.834905591980161	-3.51112083009788	PCDHA3
0.996527971428572	2.30881467058824	2.2126641187215	0.0317112539795396	0.834905591980161	-3.51494585461105	C18orf10
0.795526134782609	2.04456234901961	2.21247508627683	0.0317251495208581	0.834905591980161	-3.51524776458998	MAP1D
1.99347753489744	-1.84406054564181	2.21152354807434	0.0317951777235903	0.834905591980161	-3.51676719454577	ABCA13
1.60091759006211	-5.44600488235294	2.21131705183872	0.0318103927978789	0.834905591980161	-3.51709686389763	XKRX
2.43866241043478	-1.94107683666667	2.21004972389545	0.0319039132572239	0.834905591980161	-3.51911961928461	HLF
-2.62669392546584	-5.18026662745098	-2.20878429704424	0.0319975358937401	0.834905591980161	-3.52113844424311	VDAC1
-0.924434636645961	5.14001481372549	-2.20838237097744	0.0320273231851701	0.834905591980161	-3.52177947788486	TINAGL1
-0.895350538509317	2.81511266470588	-2.20626913826138	0.0321843413678094	0.834905591980161	-3.52514839471152	NACC2
2.31143889254658	-3.5968018254902	2.20615897363649	0.0321925454868231	0.834905591980161	-3.52532395066106	PKIB
-2.44574461180124	0.350683347058824	-2.2054876401625	0.0322425806247486	0.834905591980161	-3.52639362618078	KHDRBS3
-0.833019776397518	-7.42114701960784	-2.2051593641378	0.0322670723675358	0.834905591980161	-3.52691659598744	OR51E1
1.82860194037267	-2.69609949568627	2.20353083204165	0.0323888157692872	0.834905591980161	-3.5295100844362	RASGRF2
-1.36796133540373	4.54735026470588	-2.2023640870215	0.0324762869483743	0.834905591980161	-3.53136724858715	CDK15
-1.54399008695652	-6.40197750980392	-2.20227254370882	0.0324831587962508	0.834905591980161	-3.53151293019146	DUSP27
1.56567064596273	-5.11231315686275	2.20215175348319	0.0324922280770649	0.834905591980161	-3.53170514800728	LOC284837
1.6491692173913	-6.29057929411765	2.20049677326166	0.032616714280614	0.834905591980161	-3.53433795325864	PPP3R2
1.00674226018634	-0.192018208431373	2.2001986393282	0.0326391843889854	0.834905591980161	-3.53481207269684	EPS8L2
1.98780319875776	-5.32887130196078	2.19955116404083	0.03268803116451	0.834905591980161	-3.53584157444858	C20orf27
2.91880591366459	-5.50262789803922	2.19937381915972	0.0327014216613266	0.834905591980161	-3.53612351615879	RFPL4B
0.852341500931677	0.658488797058824	2.19918542044787	0.0327156520889371	0.834905591980161	-3.53642301183829	SGSH
-1.34158080124224	-6.80099649019608	-2.19886815977377	0.0327396282808803	0.834905591980161	-3.53692731315613	MYH4
-0.806577745341615	4.42366219607843	-2.19763523448278	0.0328329509613352	0.834905591980161	-3.53888657153906	UBE2U
1.76635932298136	-3.66234667843137	2.19745517185781	0.032846599916251	0.834905591980161	-3.53917264007627	TMEM30C
-2.77302774285714	-0.551818233333333	-2.19619345984463	0.0329423797767618	0.834905591980161	-3.54117663239001	NCS1
0.937693425093167	-0.888168013333333	2.19617552489088	0.0329437430417399	0.834905591980161	-3.5412051122453	C10orf26
-0.892076533540376	-7.44351338627451	-2.19542012803643	0.033001207233535	0.834905591980161	-3.54240448246506	SPRY1
-1.67336772900621	1.22195937941176	-2.19496715612458	0.033035707924878	0.834905591980161	-3.54312352813177	GAS2
1.3738762484472	-4.96893558823529	2.19308478812414	0.0331794201632723	0.834905591980161	-3.54611035529457	LOC90110
1.57377480745342	-0.25551792745098	2.19194350249021	0.0332668218021794	0.834905591980161	-3.5479203075651	TRIM4
2.46311	-5.82219952745098	2.19120688063188	0.0333233414233031	0.834905591980161	-3.54908811885667	FOXL1
-0.876962204968947	-7.44558790196078	-2.1897296667412	0.0334369407056858	0.834905591980161	-3.55142911519901	CFHR3
-1.64965260434783	-6.5131769	-2.18972483961038	0.033437312476484	0.834905591980161	-3.5514367629206	SIX4
-2.06724456459628	-5.19758650392157	-2.18852096348397	0.0335301452766985	0.834905591980161	-3.55334367860747	ELFN1
-0.969143134782608	2.2777563945098	-2.18837627584963	0.0335413176620171	0.834905591980161	-3.55357280597018	C3orf39
1.10139478260869	-6.93248819607843	2.18766441860713	0.0335963331816979	0.834905591980161	-3.55469993145473	ODF4
0.840538527950311	1.63171123921569	2.18734669883778	0.0336209136728686	0.834905591980161	-3.55520290370868	TRIM49
1.75674188819876	-4.06881045098039	2.18650929495552	0.0336857757147405	0.834905591980161	-3.55652829907671	YTHDC2
-1.92336561125466	-1.33696416541176	-2.1863779663953	0.0336959579192338	0.834905591980161	-3.55673612261597	TMEM126A
1.63681540869565	0.78399762	2.18458180212265	0.0338354913615933	0.834905591980161	-3.5595775230556	TAS2R5
-2.23309518633541	-5.10940725666667	-2.18419389791782	0.0338656921780212	0.834905591980161	-3.56019092020166	DCC
-1.63844363291925	4.49716873137255	-2.18374480682108	0.0339006864734709	0.834905591980161	-3.56090096681176	GRIK5
1.75701784776398	1.30138427843137	2.18294917545447	0.0339627623406787	0.834905591980161	-3.56215864008607	SH3RF1
0.945339629937888	1.28949006176471	2.18192063470954	0.0340431585173918	0.834905591980161	-3.56378394920421	C22orf45
-1.06330268695652	3.31907428235294	-2.18161059722424	0.034067425573156	0.834905591980161	-3.56427375601016	ZNF469
-2.75770059192547	-3.09354142862745	-2.17903489454532	0.0342696196280245	0.83683147358338	-3.56834083164134	FLRT3
1.53865830434783	-4.42412237254902	2.1776148937263	0.0343815421414616	0.837861096953659	-3.57058143244247	HCG18
0.938397633913043	-0.24217409254902	2.17639149162985	0.0344782271959988	0.837861096953659	-3.57251090839444	GJA9
-2.01466304183168	-1.8080486311902	-2.17635435534126	0.0344811658070627	0.837861096953659	-3.57256946426917	GPR64
-3.13870606770186	3.86570197098039	-2.17553604552155	0.0345459750599909	0.837861096953659	-3.57385956340567	HBA1
1.05021245962733	6.53935052941176	2.17488371319509	0.0345977159282249	0.837861096953659	-3.57488772077348	IL2
1.85098062360248	-5.35878391764706	2.1742702538085	0.0346464357993491	0.838002749569289	-3.57585438978545	C4orf47
0.929072749068324	3.18110010215686	2.17366695784303	0.0346944074426885	0.838002749569289	-3.57680483584406	TMEM70
-2.59534748068323	-4.70378497784314	-2.1727867291534	0.034764504608974	0.838002749569289	-3.57819119826203	MMP17
-0.916773763975154	5.95718994117647	-2.17275564539027	0.0347669822486089	0.838002749569289	-3.57824014724678	EMILIN2
1.15174025465838	-5.69915066666667	2.17058518230879	0.0349403716040805	0.839184327997973	-3.58165671852752	MGC16275
1.95686170621118	-2.91162501568627	2.17023879490645	0.0349681134134796	0.839184327997973	-3.58220172715977	ZNF20
1.15888673291925	-6.51001588235294	2.16762612990179	0.0351779846278716	0.839240247954394	-3.58631032284956	PDXP
2.16829225900621	0.634671896078431	2.16696600860154	0.0352311862816113	0.839240247954394	-3.58734779633222	EMR4P
-2.90909627701864	-4.10220102745098	-2.16682085557249	0.0352428942037765	0.839240247954394	-3.58757589157204	RSPO3
2.07584622670807	-5.25299089215686	2.16678463331631	0.0352458163946272	0.839240247954394	-3.58763280980289	OR13C4
0.865010254658388	5.13361237254902	2.16616791720941	0.03529560202934	0.839240247954394	-3.58860177900315	LPXN
-1.80626691445963	2.9287057332549	-2.16603714092226	0.0353061671562359	0.839240247954394	-3.58880722375072	ZNF597
1.77196918012422	-4.85404362745098	2.16549230442171	0.0353502132523692	0.839240247954394	-3.58966303741509	PRSS3
-3.54245668236025	-2.22264289333333	-2.16351279620809	0.0355106495023089	0.841230447145556	-3.59277097378683	MPDZ
-1.08794635403726	6.54415643137255	-2.16344609048729	0.0355160670450493	0.841230447145556	-3.59287566665816	IRS2
0.854450309937889	1.40985027647059	2.1617140961748	0.0356569867561767	0.842378710335652	-3.59559310093569	NRIP2
1.50202568503106	-1.48798970843137	2.16166105969807	0.035661309697818	0.842378710335652	-3.59567628627869	MLN
1.95235768993789	-0.980751934058824	2.15649434712993	0.0360846589193166	0.843121272319028	-3.60377237371234	CPSF1
-0.944825627329189	9.08043850980392	-2.15635468980283	0.0360961632212767	0.843121272319028	-3.60399100176178	CSGALNACT1
-1.00051392018633	1.12189985823529	-2.15598157192555	0.0361269147043487	0.843121272319028	-3.6045750486324	FAM57A
2.11043702857143	0.814876009803922	2.15248165618669	0.0364164925744459	0.843121272319028	-3.61004965615328	KIAA1462
2.05530258757764	-3.53203787647059	2.15221352265003	0.0364387614522135	0.843121272319028	-3.61046878567419	DSCAM
0.762162894502435	12.1811420046341	2.15211484582119	0.0364469597176436	0.843121272319028	-3.61062302078067	AHNAK2
1.37520569565217	-6.42945637254902	2.15208039316759	0.0364498224937905	0.843121272319028	-3.61067687009562	IDO2
-1.29389292049689	3.18079936666667	-2.15067144253928	0.0365670659211432	0.843121272319028	-3.61287847243789	ST7OT1
2.37678033416149	-4.61452542352941	2.15048761178333	0.0365823874982418	0.843121272319028	-3.61316563973311	RAET1G
-3.02954013850932	-2.95307989019608	-2.14921201261275	0.0366888591821446	0.844626127434511	-3.61515775855368	KRT14
-4.84472805652174	-1.06090224509804	-2.1467323030289	0.0368966148235152	0.847506565800609	-3.61902769295934	HIST2H4A
-1.98451283229814	-4.43242413333333	-2.14584038374598	0.0369715941203521	0.847527434036752	-3.62041879909548	SPDYE1
-1.75310923913043	-0.120875998431373	-2.14573858242924	0.0369801605627385	0.847527434036752	-3.6205775473789	LOC388588
2.08149284037267	-4.89811939411765	2.14424643159724	0.037105923208045	0.848010732610863	-3.62290371749234	CAMK2A
1.08038550372671	-0.795869115686274	2.14422160555266	0.0371080187890091	0.848010732610863	-3.62294240898217	SNORD56
1.38232039751553	-4.92680454901961	2.14401722219556	0.0371252748578664	0.848010732610863	-3.6232609278679	LOC92249
-1.39329232670808	-2.17693212745098	-2.14319951507944	0.0371943843072522	0.848644283548784	-3.62453503510211	UBE2N
-1.30823769440994	4.89350675686275	-2.14254752522328	0.0372495688867482	0.848959063338865	-3.62555065655977	RAB14
1.14782638819876	1.03509368078431	2.14204845831624	0.0372918585893489	0.848979582003024	-3.62632790165261	CCL2
-1.53465322981367	-4.25952221568627	-2.1408638930681	0.0373924045315799	0.848998489628025	-3.62817216884229	LOC151174
1.42685765080745	-0.322620202156863	2.14079523889299	0.0373982391893382	0.848998489628025	-3.62827903292087	TNFSF12-TNFSF13
-1.74857952795031	1.36846945490196	-2.1403817888287	0.0374333936421462	0.848998489628025	-3.62892253410461	PCBP4
-1.62158947142857	3.65866331960784	-2.13952883376571	0.0375060095789818	0.848998489628025	-3.63024977959528	NTNG2
-0.773881658385092	4.11271541176471	-2.13730608312512	0.0376958236121312	0.85147586588336	-3.63370654514147	B3GNT8
1.87424437888199	-5.00764090196078	2.1358972524293	0.037816568116913	0.85147586588336	-3.6358960569376	CASR
-1.42421906832299	-6.77908305882353	-2.13554492508537	0.0378468174888391	0.85147586588336	-3.63644344298854	UGT8
-0.794534048447205	1.91699183686274	-2.13493024241756	0.0378996424313332	0.85147586588336	-3.63739826148856	PRELID2
2.49931504223602	-5.07393838223529	2.13439120839993	0.0379460194561243	0.851585066831533	-3.63823539265699	SULT2A1
-2.57135405167702	-2.76504654509804	-2.13206774649824	0.0381464940229957	0.853034053944276	-3.64184186968609	GPR176
-2.55165151322981	-2.98858575666667	-2.13153931522889	0.0381922179373126	0.853034053944276	-3.64266166804361	SVIL
1.0841434347826	-6.97800615686275	2.13100888961776	0.0382381627436316	0.853034053944276	-3.64348439912594	GOLGA6L6
1.37130847142857	-3.11471088431373	2.1296530784764	0.0383558217487355	0.853034053944276	-3.64558663243036	C6orf168
1.96124945279503	-4.4855722254902	2.12935810584281	0.0383814618476376	0.853034053944276	-3.64604385808982	TLL1
1.58582719875776	-5.67542480392157	2.12629907097988	0.038648251536968	0.853034053944276	-3.65078260071371	OR2C1
0.832652335403722	-6.94682521568627	2.12574335395992	0.0386968917282173	0.853034053944276	-3.65164288284253	TAL2
1.85715012919255	-2.00852032156863	2.12488122861195	0.0387724570642803	0.853034053944276	-3.65297715115865	TNIP2
1.21758145962733	2.18551467078431	2.12469427364571	0.0387888607278829	0.853034053944276	-3.65326643558378	ECM1
-2.14725188012423	-5.64665662941176	-2.12397781436447	0.0388517800858705	0.853034053944276	-3.6543748612693	THUMPD3
0.964768465838509	5.40560690196078	2.12393946765249	0.0388551502087921	0.853034053944276	-3.65443417868346	TARS
0.917070219583851	0.148060485470588	2.12325333710474	0.0389154944962523	0.853034053944276	-3.65549539099211	DNAH7
-1.33501281242236	5.65302624705882	-2.12313965173871	0.0389255009015134	0.853034053944276	-3.65567119769432	PRDX2
-1.75800900621118	-5.24031468627451	-2.12220554183142	0.0390078051607471	0.853892640110696	-3.65711545343656	MS4A6E
1.24033788819876	-2.34377711176471	2.12175068568185	0.0390479376181666	0.853892640110696	-3.65781853841828	C4orf10
-0.955504036397514	2.92244703960784	-2.12027777995781	0.0391781419996313	0.855045079949143	-3.66009443560012	PRRT1
1.46119267080745	-5.87341550980392	2.11883862510365	0.0393057299433912	0.855045079949143	-3.66231697400771	HCRTR1
-2.34942126521739	-4.49788568823529	-2.11867222547336	0.0393205055064735	0.855045079949143	-3.66257387389945	KCNT2
1.64061971540373	-0.171879630588235	2.11680485747944	0.0394866535044419	0.855045079949143	-3.66545575760592	IRGM
0.830424956397516	0.814334214411765	2.11593804468452	0.0395639863336353	0.855045079949143	-3.66679281431745	SLC3A2
0.87892185689441	0.0567604605882353	2.11514530917265	0.0396348263872911	0.855045079949143	-3.66801522731689	BGLAP
1.65345678260869	-4.44410205882353	2.1146916128171	0.0396754193204759	0.855045079949143	-3.6687146723494	C6orf57
1.67063140217391	-0.11358966254902	2.11467665799659	0.0396767579712983	0.855045079949143	-3.6687377255584	CAPN12
-1.33424390434783	-1.1175390927451	-2.11439220810884	0.0397022274619494	0.855045079949143	-3.66917618718797	C11orf75
0.832670944099379	5.39526507843137	2.11430220799119	0.0397102890039216	0.855045079949143	-3.66931490698373	TRAFD1
-1.21986387453416	5.99676248235294	-2.11332341918628	0.0397980541924616	0.855045079949143	-3.67082324049885	BCL6B
-1.82794760559006	-2.55962645098039	-2.11329099787865	0.0398009642206602	0.855045079949143	-3.67087319292642	DUOX2
1.46937820606154	-0.705021840811537	2.11317587200239	0.039811299039178	0.855045079949143	-3.67105056572027	ANGPTL4
1.7081616039272	4.88201569715339	2.11273419572157	0.0398509699898294	0.855045079949143	-3.67173097901857	ANGPT2
1.78632286956522	-5.0090467254902	2.11087519057701	0.0400183235569129	0.857199360511922	-3.67459358685844	FAM46B
-1.14659332546584	1.13897785882353	-2.1101895137563	0.0400802054179736	0.857199360511922	-3.67564892890051	LCA5L
-1.6487943557764	-2.58935310666667	-2.10766093756332	0.0403091318315163	0.857199360511922	-3.679538372144	TAS2R46
1.80663021428571	-2.58741142352941	2.10622888947782	0.0404392898951402	0.857199360511922	-3.68173950019932	HHLA2
1.6355063726708	-5.37791598039216	2.10527904568094	0.0405258232705969	0.857199360511922	-3.68319880165728	PPP1R1A
2.66727246583851	-4.14670012803922	2.10382485080437	0.0406586180963073	0.857199360511922	-3.68543195512561	FOXP2
0.75930393167702	3.76254362745098	2.10293008982152	0.0407405151968149	0.857199360511922	-3.68680539764185	KCNN4
-1.24711620496895	-5.80616564705882	-2.10277509056337	0.0407547168586841	0.857199360511922	-3.68704327164648	LOC440563
1.43148918322981	-2.06244619607843	2.1019041570075	0.040834595828671	0.857199360511922	-3.68837961550797	KLHL10
-2.77065943229814	-4.06126165980392	-2.10186518994418	0.0408381729470806	0.857199360511922	-3.68843939554894	CDH6
1.65675250192547	1.90587617509804	2.09991278573865	0.0410177517398835	0.857199360511922	-3.69143348488055	IL2RB
0.852231518490683	0.393104339137255	2.09987484287939	0.0410212484839468	0.857199360511922	-3.69149164985598	SPAG9
-1.39550531677019	-6.68623684313726	-2.09785977938448	0.0412073276755255	0.857199360511922	-3.69457946589142	SNORD115-33
1.58491996273292	-3.30104462745098	2.09766568910982	0.0412252896403594	0.857199360511922	-3.69487675889528	VSTM2A
-2.74586767221557	-4.80298010349621	-2.0972387908578	0.041264820745094	0.857199360511922	-3.69553057282339	APOB48R
0.961235927950311	0.830777375098039	2.09686552727924	0.041299412369369	0.857199360511922	-3.69610215610493	BCO2
1.12113646391304	-1.33143503980392	2.09576650292931	0.0414014098817966	0.857199360511922	-3.69778463618035	LOC400927
1.68180565217391	-4.04488268627451	2.09371339472985	0.0415925429180532	0.857199360511922	-3.70092582878941	NR2E3
1.81376799503105	-3.33270928235294	2.09330969821538	0.0416302153524469	0.857199360511922	-3.7015431838119	UPF2
-1.41739927453416	4.06951138039216	-2.09308900250291	0.0416508229837532	0.857199360511922	-3.70188064382972	HIST1H4F
0.917356688819876	2.96896390392157	2.09263228040477	0.0416934980519749	0.857199360511922	-3.70257891563324	FRRS1
-2.2169803042236	1.1579575227451	-2.09224597439343	0.0417296233991031	0.857199360511922	-3.70316943521267	ZNF213
1.49972847826087	-6.61896896078431	2.09028230598841	0.0419136783755943	0.857199360511922	-3.70616981846294	C7
-1.81613572670808	-14.1882038431373	-2.09020981036778	0.0419204869452013	0.857199360511922	-3.70628054505219	SNORD116-11
0.980795149068319	-6.66544529411765	2.08954084141781	0.0419833600580118	0.857199360511922	-3.70730215413027	PRO0611
0.974777838509316	-3.8664541372549	2.08883411908848	0.0420498708151142	0.857199360511922	-3.70838113487927	SNORD1A
2.09872130279503	-5.8001559754902	2.08870774148973	0.0420617740986826	0.857199360511922	-3.70857404987159	KIAA0087
-1.68570060310559	-2.31156956	-2.08760081704297	0.0421661591051536	0.857199360511922	-3.71026336888165	RPL3
1.23621814798758	0.529314310156863	2.08741161212849	0.0421840240800928	0.857199360511922	-3.71055205018942	C15orf62
1.74167339248447	-0.439119480784314	2.08645201667518	0.0422747320655522	0.857199360511922	-3.7120158414875	SI
1.39895999999999	-6.60804698039216	2.08605518733213	0.0423122929919098	0.857199360511922	-3.71262101821891	GOLT1A
1.1858062173913	-6.90022078431373	2.08573388610076	0.0423427263150757	0.857199360511922	-3.71311094505717	BCAR4
-1.6484469689441	5.98456770784314	-2.08509845253948	0.0424029701657289	0.857199360511922	-3.71407969024825	WDHD1
-0.97326232919255	-7.21007970588235	-2.08370499534981	0.0425353421566431	0.857199360511922	-3.7162032501092	SNORD115-41
-0.968862518136646	-0.0133210266666667	-2.08278311899146	0.0426231141301063	0.857199360511922	-3.71760752162295	SLC35A1
1.55957959509317	0.648463177058824	2.08100709777134	0.0427926547309108	0.857199360511922	-3.72031149295072	HAVCR1
2.01513728012422	-2.74846070392157	2.08076520025376	0.0428157919291556	0.857199360511922	-3.72067963660128	OR56B1
1.26952820496894	-6.19713582352941	2.08066517755035	0.0428253621642006	0.857199360511922	-3.72083185109497	SNORD121A
2.25364624987578	-0.713274118823529	2.08003541557491	0.0428856610380143	0.857199360511922	-3.72179008833652	TPCN1
0.914942834161491	0.953110998627451	2.07926914852045	0.0429591299118929	0.857199360511922	-3.72295571748745	NEK1
1.08823784037267	-1.95822959235294	2.07923713503629	0.0429622017172973	0.857199360511922	-3.72300440825552	KCNQ1
0.854969731677019	1.11001633921569	2.07856266632099	0.0430269638719174	0.857199360511922	-3.72403009930428	SNTB1
-2.29872185838509	-5.40577169411765	-2.07807375045358	0.0430739625215721	0.857199360511922	-3.7247734466936	SEMA7A
1.17664069565217	-6.76443035294118	2.07683673767605	0.04319307434379	0.857199360511922	-3.72665357632388	TBRG4
1.52862501242236	-5.14407225490196	2.07571216471821	0.0433016083624316	0.857199360511922	-3.72836203296674	LOC401387
-1.65633386086957	-2.72318283333333	-2.07569726406845	0.0433030480377257	0.857199360511922	-3.72838466514143	PLIN1
-0.976857279503105	4.15904539215686	-2.07564346607068	0.0433082462554278	0.857199360511922	-3.72846637631513	AURKAIP1
-2.18886030236025	-0.825058328235294	-2.07450524471665	0.0434183541301595	0.857199360511922	-3.73019476883444	GBP7
2.06382015900621	-4.42954950588235	2.07406061797845	0.0434614320977339	0.857199360511922	-3.73086973001288	FOXE1
0.825631290062112	1.31248809176471	2.07274896970272	0.0435887290737293	0.857199360511922	-3.7328601905774	CYP46A1
1.33292380285714	-2.60528521411765	2.07231923693096	0.0436305057154657	0.857199360511922	-3.73351210229893	CILP2
-1.40769251552795	-2.82377623213725	-2.0722381472302	0.0436383927934234	0.857199360511922	-3.73363510459132	WNT2B
-1.0467905652174	-7.09993245098039	-2.07092247466138	0.0437665335242164	0.857199360511922	-3.73563026690433	WBSCR26
-3.16814915267081	-0.347315982156863	-2.07067345001362	0.0437908242823415	0.857199360511922	-3.73600778825079	REL
-0.893922348136646	-0.892815146078431	-2.06980687281158	0.0438754448783541	0.857199360511922	-3.73732123606498	SPINK5
1.03236296273292	4.55425041176471	2.06920281669724	0.0439345146864532	0.857199360511922	-3.73823652747203	ZFP106
1.19896760807454	4.34377526862745	2.06886411776171	0.0439676658757987	0.857199360511922	-3.73874964488443	CD53
1.03276922981367	5.86980388431373	2.06869060841474	0.0439846570669746	0.857199360511922	-3.73901247962346	MYADML2
1.42246719875776	-5.18402290196078	2.06781811689142	0.044070183935822	0.857199360511922	-3.74033387628887	C1orf146
1.03867675658385	2.54286591235294	2.06445411716146	0.0444013001776911	0.857199360511922	-3.74542450685825	USP20
2.50795124049689	-0.173411994901961	2.06416121099219	0.0444302329435746	0.857199360511922	-3.74586743793827	CCDC48
-1.30162506167702	-1.92258871352941	-2.06370024809944	0.0444757992914127	0.857199360511922	-3.7465644014711	RPP30
1.28536757763975	-4.46379654901961	2.06351690565255	0.0444939340592389	0.857199360511922	-3.74684157566126	FLJ43663
1.18745756869565	-0.998067335686274	2.06056813241976	0.0447864883008391	0.857199360511922	-3.751296772095	ZNF398
-1.75763677652174	3.0281738654902	-2.06030157862603	0.0448130159701886	0.857199360511922	-3.75169924697557	OCLN
0.926163745341616	2.56153881176471	2.05897403644974	0.0449453377872608	0.857199360511922	-3.75370310742156	ZDHHC3
-2.01579725465839	-5.60110864509804	-2.05801662889287	0.0450409774900902	0.857199360511922	-3.75514762455821	ITIH5L
2.17657895652174	-4.46334714019608	2.05712019293965	0.0451306868550176	0.857199360511922	-3.75649966028992	TMEM176A
0.921347700807453	-1.12063710607843	2.05602267645037	0.0452407305473474	0.857199360511922	-3.75815432892484	SNORD77
-0.842905127142857	0.21967222	-2.05578796689096	0.0452642942153717	0.857199360511922	-3.7585080963439	PSD3
2.130031	-5.15635993862745	2.05515196749149	0.0453281990191114	0.857199360511922	-3.75946654736377	BVES
1.01227204347826	-6.80933731372549	2.05464420518245	0.0453792749364891	0.857199360511922	-3.76023157417093	LOC91450
-1.14765575776398	-6.89847041176471	-2.054583236211	0.0453854111812167	0.857199360511922	-3.76032342367213	TFAP2D
-0.941043719254663	-7.37926485098039	-2.0541067011505	0.0454333970847504	0.857199360511922	-3.76104124634661	CRHBP
1.62987530180746	-3.58059073576698	2.05407964060003	0.0454361233381398	0.857199360511922	-3.76108200465884	ALB
1.64651474298136	-3.17385334	2.05371061915562	0.0454733151188779	0.857199360511922	-3.76163777778247	SYNC
0.820215186335404	3.28803025490196	2.05317877009962	0.0455269640105536	0.857199360511922	-3.76243864003831	PDE1B
-2.84335148074534	-3.58981387647059	-2.05095991655512	0.0457513790180134	0.857199360511922	-3.76577800830825	PLEKHG5
-1.55281009813665	-0.191063634509804	-2.05078381843306	0.0457692306956268	0.857199360511922	-3.76604291120944	OLFML2B
-1.6578819363354	0.790404781372549	-2.05078039910215	0.045769577384958	0.857199360511922	-3.76604805469882	TTN
-2.88119152857143	-2.05301052745098	-2.05074268461949	0.0457734014449045	0.857199360511922	-3.76610478582031	CYorf15B
1.5026833416149	-5.78128174509804	2.05040103930274	0.0458080552214068	0.857199360511922	-3.76661865953252	CLCC1
-1.91372104223603	-4.83124118431373	-2.04998189864084	0.0458506006431698	0.857199360511922	-3.76724900112801	OSR2
-1.46763611863354	3.93573530784314	-2.04987465023495	0.0458614925477399	0.857199360511922	-3.76741027432738	HNRPLL
-1.23415032049689	2.90927474901961	-2.04938674712503	0.0459110712593034	0.857199360511922	-3.76814386577763	FAM127B
1.84792129503105	-2.10642362352941	2.04890551247261	0.0459600179557791	0.857199360511922	-3.76886729328192	OR13D1
-2.8611239475696	-0.621247374372882	-2.04464154333506	0.0463956928885186	0.857199360511922	-3.77527123738289	A4GALT
-1.53764448180124	1.2168476927451	-2.04306479629949	0.0465577042691712	0.857199360511922	-3.77763659378657	EDA
-3.12896697080745	-4.49165685490196	-2.04287186639486	0.046577561577012	0.857199360511922	-3.77792591663944	ZNF562
-0.86255314285714	6.79485776470588	-2.04250484978908	0.0466153570530464	0.857199360511922	-3.77847624384764	HIST1H2BI
-1.50116978944099	1.42992087647059	-2.04249933720292	0.0466159249436388	0.857199360511922	-3.77848450915058	GLT25D2
1.12166102484472	-6.36340311764706	2.04246759406634	0.0466191951460975	0.857199360511922	-3.77853210291255	LOC148189
-2.03167902795031	-5.11315583333333	-2.04232394507607	0.0466339964658441	0.857199360511922	-3.77874747417825	C2orf67
1.68538423602484	-5.622341	2.04192901231388	0.0466747106147557	0.857199360511922	-3.77933952942797	C4orf3
0.804058221304349	2.04118166921569	2.04183830732764	0.0466840658692587	0.857199360511922	-3.77947549490538	GPR182
-0.887030714285718	-7.07681403921569	-2.0416473348014	0.0467037679747934	0.857199360511922	-3.7797617440916	FLJ40504
-0.774261991925465	2.47231307647059	-2.04132719234296	0.0467368123738356	0.857199360511922	-3.78024155803634	MUC12
-1.45320083913043	0.103631758823529	-2.04040042617896	0.0468325855558321	0.857199360511922	-3.7816302084426	LOC100130331
-3.03772319627329	-4.58594467647059	-2.04015591712293	0.0468578818073229	0.857199360511922	-3.78199649190578	PRTN3
0.820237956521738	3.40883650980392	2.03981613344099	0.0468930546035842	0.857199360511922	-3.78250544151214	GNB5
0.805421251527951	2.1245623852549	2.03796394938713	0.0470851870094437	0.857199360511922	-3.78527855959981	CELP
-0.949045795031055	7.65018588235294	-2.03784558700724	0.0470974882652562	0.857199360511922	-3.78545570454075	RPS27A
-1.49201401242236	-6.62916649529412	-2.03715920155237	0.0471688784356244	0.857657687907188	-3.78648280758546	C20orf118
-0.857571739130432	5.39391617647059	-2.03662479679968	0.0472245262443497	0.857657687907188	-3.78728229451221	COL18A1
1.18744955900621	-6.11507254901961	2.03452108931177	0.0474441399359908	0.858313632355012	-3.79042786611484	PRR5-ARHGAP8
-2.46120576149069	-3.49168607729412	-2.0344495718512	0.0474516214455238	0.858313632355012	-3.79053475662106	SCARA5
1.51279845081627	-2.73565420206433	2.03350752653678	0.0475502652372018	0.858399003900294	-3.79194246135502	ARHGAP42
-1.07822547329192	4.66326351764706	-2.03321819288235	0.047580597719238	0.858399003900294	-3.79237470902966	SCARNA9L
1.54517452670807	-1.09973190980392	2.03297443096236	0.0476061656790099	0.858399003900294	-3.79273883666606	CYP2J2
-0.933333652173915	-7.05138496078431	-2.03227533581501	0.0476795591989422	0.858493100404648	-3.79378293837365	EPHA8
-1.0463906010559	4.52847289980392	-2.03040828177304	0.0478760502566668	0.859319685015107	-3.79656997128615	VEGFC
-2.60568535403727	-1.27974624705882	-2.03033020546938	0.0478842823699428	0.859319685015107	-3.79668647414415	FAM7A3
1.11221422408075	-0.571345031352941	2.0297785038561	0.0479424869785364	0.85959113908583	-3.79750960182738	KIAA1908
1.86405314285714	-2.30824915098039	2.02882839378213	0.0480428674795302	0.859885194197856	-3.79892672352566	LOC100128542
1.10163754510559	-0.904764695764706	2.02802132223785	0.0481282787756556	0.859885194197856	-3.80013007746952	RPL22L1
-2.0997614652795	1.1625111445098	-2.02750302068138	0.048183199288839	0.859885194197856	-3.800902667764	GPR84
0.899595853167702	-1.07837676705882	2.02725742595345	0.0482092420694001	0.859885194197856	-3.80126870029947	LOC284009
1.388287580559	-2.36683197627451	2.02573898291398	0.04837052820726	0.85994138807091	-3.80353098091225	GLRA1
-1.47433906664331	-0.502045267579564	-2.02546864170848	0.0483992923044719	0.85994138807091	-3.80393361014479	AG2
1.91805856037267	-3.80873873411765	2.02514994878855	0.0484332200155577	0.85994138807091	-3.80440819561514	PADI6
1.8658018552795	-5.38569980196078	2.02486159616268	0.0484639354821554	0.85994138807091	-3.80483754745383	C6orf195
1.19226134732919	0.763090602352941	2.02412026472494	0.0485429799411843	0.860599485353131	-3.80594114969868	C11orf90
-1.68630177018635	-13.973378	-2.02348573084328	0.0486107257782329	0.861056310158129	-3.80688550550947	SCYL1
3.35867142298136	-4.44968291568627	2.02206287770676	0.0487629340258571	0.862752134863292	-3.80900222048585	HOXA1
1.86221194782609	3.29841198431373	2.01799159033993	0.0492007376168715	0.865819437342603	-3.81505223806022	KY
-1.47378218012423	-6.94780931372549	-2.01783805974011	0.04921731379713	0.865819437342603	-3.81528019463594	DMBT1
1.90475655285714	0.352296582941176	2.01729033703125	0.0492764889520525	0.865819437342603	-3.81609331873418	CACNA1H
0.822927590062112	1.53729349411765	2.01546568624804	0.0494740659523088	0.867083881744259	-3.81880082234309	THOC3
-1.60054548082812	-2.2763457930621	-2.01465853395525	0.0495616845218896	0.867083881744259	-3.81999788027032	ACCN4
0.998257999999997	-6.71943621568627	2.01451128281445	0.0495776835032527	0.867083881744259	-3.82021622113814	C1orf66
-2.5189217489441	2.71624065019608	-2.01367486492969	0.0496686459221921	0.867083881744259	-3.82145619853558	TMEM179
