ID	logFC	AveExpr	t	P.Value	adj.P.Val	B	eigenvalue	Page_Rank	degree	closenessness	betweenness	size	nes	pval	pval.fdr
1	AAK1	0.131622099348114	6.51597966350654	0.462132154956958	0.646074643291418	0.949440601148947	-5.30220775260837	-42.7760906598567	-5.89261117778377	1	0.0476190476190476	0	0	0	1	1
2	ABCC10	0.292556800955406	7.90179878006806	0.98696208496182	0.328610778500739	0.945241499105275	-4.99794472846417	-42.7760906598567	-5.9125629656343	1	0.0227272727272727	0	0	0	1	1
3	ADAM15	1.12699512597545	-0.717368095806441	1.7693543715259	0.0831881236388131	0.929387141655411	-4.1653520383953	-38.0512670231322	-5.70602994719648	1	0.166666666666667	0	0	0	1	1
4	ADAMTS4	-2.35656396475278	-1.16293014727892	-1.93488755442897	0.0589092322995933	0.892493742939068	-3.936371486221	-37.9002491262272	-5.61287195884593	1	0.333333333333333	0	0	0	1	1
5	AGR2	4.45019194398475	-1.98544587397052	2.89026266821996	0.00576414308600336	0.607092676893896	-2.3146291856554	-38.1913994989871	-5.71758291293496	1	0.2	0	0	0	1	1
6	AIM2	1.43896139076652	0.227875266124874	1.73375940858618	0.0893809111143018	0.933996942162892	-4.21232528707115	-37.8225748924102	-5.61287195884593	1	0.333333333333333	0	0	0	1	1
7	ALDOB	2.50551517266655	-2.42994344611316	3.11671968531473	0.00308590083714822	0.524780201551539	-1.8669888418684	-38.0429788810863	-5.61287195884593	1	0.333333333333333	0	0	0	1	1
8	ANGPTL4	1.46937820606154	-0.705021840811537	2.11317587200239	0.039811299039178	0.855045079949143	-3.67105056572027	-37.9620728618618	-5.35185813347631	1	1	0	0	0	1	1
9	ANKRD36BP1	0.060776070638858	7.60696467426835	0.190537970643755	0.84969124808249	0.97854510587098	-5.37395667567591	-42.7760906598567	-5.9125629656343	1	0.0227272727272727	0	0	0	1	1
10	ARHGAP42	1.51279845081627	-2.73565420206433	2.03350752653678	0.0475502652372018	0.858399003900294	-3.79194246135502	-37.2426222554691	-5.09084430810663	2	0.25	2	0	0	1	1
11	ASCL3	2.25519354658385	-4.32198874509804	2.73985345750003	0.00860426943148188	0.633252650030837	-2.60007275513104	-38.3012383706081	-5.77435942873704	1	0.142857142857143	0	0	0	1	1
12	ASIP	1.39188930434783	-3.94660354901961	1.73255536205768	0.0895969156859362	0.933996942162892	-4.21389994005565	-37.8594644153788	-5.61287195884593	1	0.333333333333333	0	0	0	1	1
13	ATF2	-0.0126865962732916	6.25616670588235	-0.0546674122951605	0.956630359201155	0.993752287751913	-5.38747746403461	-38.0197431846479	-5.35185813347554	1	1	0	7	0.040233540613324	0.96790693772714	0.9903765953488
14	ATF3	-0.439672938509317	4.15301550392157	-0.871671308403238	0.387727278943761	0.945241499105275	-5.08309261463359	-37.5708968204102	-4.97379199955573	2	0.5	1	16	-0.880725340574677	0.378466497709126	0.9903765953488
15	ATP1B2	-2.60210539347205	1.72857115672549	-1.73407384937	0.0893245720848682	0.933996942162892	-4.21191390681091	-38.1371541690288	-5.35185813347631	1	1	0	0	0	1	1
16	B3GNT8	-0.773881658385092	4.11271541176471	-2.13730608312512	0.0376958236121312	0.85147586588336	-3.63370654514147	-37.2633697921018	-4.97379199955599	2	0.5	1	0	0	1	1
17	B4GALT5	-0.934815739130434	5.99075333333333	-2.3725742536239	0.0217197435267224	0.794050676196578	-3.25252841719973	-37.9646778112761	-5.61287195884593	1	0.333333333333333	0	0	0	1	1
18	BAIAP2L1	-0.0103549763975153	2.97725583137255	-0.0281927137275108	0.97762535066325	0.99537296960664	-5.38836813382416	-42.7760906598567	-5.90158110845619	1	0.0208333333333333	0	0	0	1	1
19	BATF	-0.0888709378881996	-3.16071061078431	-0.0876292074571025	0.930535983004936	0.991373848426557	-5.38557328387454	-37.9807899321647	-5.61287195884472	1	0.333333333333333	0	5	-1.17845791598266	0.238614100304993	0.9903765953488
20	BCLAF1	0.166473627329194	7.51559454901961	0.848585127467685	0.400324708634723	0.945241499105275	-5.09892310855054	-37.8265508106465	-5.35185813347554	1	1	0	10	0.314589463211392	0.753073380403315	0.9903765953488
21	BCO2	0.961235927950311	0.830777375098039	2.09686552727924	0.041299412369369	0.857199360511922	-3.69610215610493	-37.2810570630694	-5.09084430810663	2	0.25	2	0	0	1	1
22	BRF1	0.0447635031055897	4.87729503921569	0.168016672857263	0.867276161514599	0.980408037035224	-5.37723278141594	-37.9745307150813	-5.35185813347554	1	1	0	14	-1.11667311624238	0.264134116590189	0.9903765953488
23	C11orf45	-0.898278980559007	-0.672822429607843	-1.17062647207666	0.247528536965885	0.945241499105275	-4.84166095997678	-42.7760906598567	-5.85244038982754	1	0.0769230769230769	0	0	0	1	1
24	C11orf49	0.226521322981368	3.79213019607843	0.772608985310732	0.443541984476684	0.945241499105275	-5.14812007449189	-1.497866136777	-5.92542209787572	1	0.0256410256410256	0	0	0	1	1
25	CA8	0.182420494409938	1.20202336862745	0.15866522314512	0.874598382724397	0.981877576722439	-5.37847235917982	-42.7760906598567	-5.9125629656343	1	0.0227272727272727	0	0	0	1	1
26	CBX2	-0.367177994409936	4.41089877843137	-0.573481874771902	0.568996026742364	0.945241499105275	-5.25570280664972	-38.0133967261615	-5.35185813347554	1	1	0	8	0.336843553876068	0.736234838473009	0.9903765953488
27	CBX3	0.104761260869566	5.62952125490196	0.452690811198765	0.652811109405459	0.950949931536445	-5.30569638555017	-37.7989516890167	-5.35185813347554	1	1	0	8	0.541155782443224	0.588400212107104	0.9903765953488
28	CBX8	0.117359466658386	1.80251776227451	0.339900396550372	0.7354145826505	0.957766598052512	-5.34184889708599	-37.8663940537493	-5.35185813347554	1	1	0	5	1.08542776056934	0.277732242671054	0.9903765953488
29	CDC42	0.490249062111804	5.17993978431373	2.26694548400614	0.0279371483053492	0.824957885310323	-3.42743046961352	-42.7760906598567	-5.89261117778377	1	0.0476190476190476	0	0	0	1	1
30	CEBPZ	0.0333508136646001	5.82473282352941	0.165649185498302	0.869128829538775	0.980992161530807	-5.37755330269633	-38.123097153551	-5.35185813347554	1	1	0	13	0.894494731538245	0.37105724736632	0.9903765953488
31	CHD1	-0.0219165155279502	6.47822	-0.0755203040495129	0.940114652996976	0.992282410989639	-5.3863752913118	-38.0010777576066	-5.35185813347554	1	1	0	8	-0.752864207898276	0.451531518187156	0.9903765953488
32	CHD7	-0.67584347826087	6.71327515686275	-1.100836434307	0.276458277511025	0.945241499105275	-4.90399845528715	-37.8509409054335	-5.35185813347554	1	1	0	5	-1.03925804188393	0.298684742955676	0.9903765953488
33	COBLL1	2.26649330434783	-4.56884581568627	1.75271080465846	0.0860376723453538	0.932799687601434	-4.18741735513381	-37.8448829629806	-5.35185813347631	1	1	0	0	0	1	1
34	CPNE1	-1.45759181987578	-7.04450011764706	-2.67424551346813	0.0102085245842597	0.647026305177273	-2.72140380750738	-37.7978434574977	-5.35185813347631	1	1	0	0	0	1	1
35	CREB1	0.127938248447206	5.36560680392157	1.10355278946511	0.275289525349605	0.945241499105275	-4.90163940291577	-37.9470817562459	-5.35185813347554	1	1	0	11	1.42493433897277	0.154176182294111	0.9903765953488
36	CRHBP	-0.941043719254663	-7.37926485098039	-2.0541067011505	0.0454333970847504	0.857199360511922	-3.76104124634661	-37.8288876499546	-5.35185813347631	1	1	0	0	0	1	1
37	CXXC5	2.18248908757764	-4.54387540588235	2.00331972746104	0.0508068018788939	0.87209131392458	-3.83677294753581	-38.2003065637311	-5.71758291293496	1	0.2	0	0	0	1	1
38	DDT	-1.36918260590062	-1.44886163627451	-2.67025611181516	0.010314422956695	0.647026305177273	-2.72871723158627	-37.9978445742451	-5.35185813347631	1	1	0	0	0	1	1
39	DGKA	0.98361934782609	7.04382031372549	2.74237484331738	0.00854752422918026	0.633252650030837	-2.59537049264122	-38.1437983456469	-5.35185813347631	1	1	0	0	0	1	1
40	DNAH3	1.73372621484472	-0.906028298627451	2.45579953932759	0.0177285572782191	0.748478161980105	-3.1105653531306	-37.8595165609941	-5.61287195884593	1	0.333333333333333	0	0	0	1	1
41	DOC2A	-0.753563991490683	1.0941025354902	-1.23384770575079	0.223267601059632	0.945241499105275	-4.78211097816576	-1.49786613677699	-5.92542209787572	1	0.0256410256410256	0	0	0	1	1
42	DQX1	0.180895439130435	-2.43904900741176	0.287936131099533	0.77463535538344	0.966268572708898	-5.35506281727321	-42.7760906598567	-5.9125629656343	1	0.0227272727272727	0	0	0	1	1
43	E2F4	-0.159020236024841	6.67802094117647	-0.794923446180184	0.430571541470543	0.945241499105275	-5.13413374025279	-37.8928704785624	-5.35185813347554	1	1	0	12	-2.20220080278473	0.0276511273869895	0.642484844711361
44	E2F6	-0.123479027329191	2.49817525098039	-0.470145497128741	0.64038043205863	0.94737931762045	-5.29919088727427	-36.990808788667	-4.70009616907882	3	0.333333333333333	3	17	1.34753326742068	0.177808546550535	0.9903765953488
45	ECT2	0.964079615652174	0.250461183137255	2.57109948831639	0.0132926699421846	0.707288730331727	-2.90806558537216	-37.9674364441121	-5.35185813347631	1	1	0	0	0	1	1
46	EEF1D	1.40855431801242	-2.43938481568627	1.96525853884594	0.0551858245673418	0.879312175987278	-3.89251810599286	-37.9013497528091	-5.35185813347631	1	1	0	0	0	1	1
47	ELF1	-0.0266071739130389	7.97905256862745	-0.141950754841196	0.887713092394709	0.984979168005145	-5.38051136470954	-37.8774808598751	-5.35185813347554	1	1	0	8	1.06578338668415	0.286521572588823	0.9903765953488
48	ELK4	-0.0307367080745342	6.01433045098039	-0.096545498903906	0.923489356429421	0.990170942399933	-5.38490665774476	-37.3727749914239	-4.97379199955573	2	0.5	1	16	0.222726705154427	0.823748215674711	0.9903765953488
49	EP300	0.0428529192546581	9.58111905882353	0.255491364392096	0.799435360642896	0.970359115015155	-5.3622084387112	-37.9779013725441	-5.35185813347554	1	1	0	10	0.733193316244728	0.463440531292318	0.9903765953488
50	EPS8L2	1.00674226018634	-0.192018208431373	2.2001986393282	0.0326391843889854	0.834905591980161	-3.53481207269684	-37.9164904597381	-5.35185813347631	1	1	0	0	0	1	1
51	ESRRA	0.124168985093168	2.06889586470588	0.316211427011078	0.753213162678094	0.962043611917173	-5.34814267489046	-37.9940681064184	-5.35185813347554	1	1	0	9	-0.768364258190104	0.44227080845128	0.9903765953488
52	FAM111B	1.33799015031056	0.59553741372549	1.98141729168632	0.0532885632501488	0.875094035916376	-3.86895821189832	-37.9297060515908	-5.35185813347631	1	1	0	0	0	1	1
53	FAM161A	1.18794565465839	1.86771818235294	2.80020329541948	0.00733715278272064	0.633252650030837	-2.48673799074589	-37.8451636476226	-5.35185813347631	1	1	0	0	0	1	1
54	FBN2	-2.2471833068323	5.20470468235294	-1.97558485406028	0.0539667912685903	0.876879260450352	-3.87748024209987	-37.8181378081511	-5.61287195884593	1	0.333333333333333	0	0	0	1	1
55	FCN2	-2.06053244099379	-2.44391169803922	-1.85460154261644	0.069802152733535	0.910595102449261	-4.04957134156356	-37.8686161233609	-5.61287195884593	1	0.333333333333333	0	0	0	1	1
56	FLI1	-0.0961435900621108	7.96814805882353	-0.448529445970511	0.655789614304613	0.951295734044166	-5.30721140581527	-37.2885110494586	-4.97379199955573	2	0.5	1	8	1.78237910088252	0.0746874312485999	0.963129768984558
57	FLNB	1.05294521118013	7.84299890196078	2.30573866798008	0.0254901067423732	0.814504492963264	-3.36389450092997	-37.941162635868	-5.61287195884593	1	0.333333333333333	0	0	0	1	1
58	FOS	-0.742343645962731	6.73554911764706	-2.1046077642477	0.0405870764552058	0.857199360511922	-3.68422981605172	-37.8420912430295	-5.35185813347554	1	1	0	15	-0.974693629122438	0.329712254086939	0.9903765953488
59	FOXM1	-0.595454068322981	3.93561552941176	-1.20296202207613	0.234891644459865	0.945241499105275	-4.8115666908401	-37.951742069697	-5.35185813347554	1	1	0	13	-2.9237802464811	0.00345808783466558	0.546377877877162
60	FOXP2	2.66727246583851	-4.14670012803922	2.10382485080437	0.0406586180963073	0.857199360511922	-3.68543195512561	-36.6692256027746	-4.485439231642	4	0.25	6	4	1.97934908688544	0.0477767165180176	0.838746801094088
61	FOXP3	0.928512581987578	1.64972876470588	1.7687108738985	0.0832968132409697	0.92958881022784	-4.16620846130622	-37.9075617093408	-5.35185813347631	1	1	0	0	0	1	1
62	FSTL3	-1.98551852403727	0.495515729803922	-2.00559451587112	0.0505548615985147	0.869950772742225	-3.83341369748756	-37.9545536488671	-5.61287195884593	1	0.333333333333333	0	0	0	1	1
63	FZD3	-3.54175001484472	0.876975300980392	-3.42989914934067	0.001250120570271	0.458704896014952	-1.21640377729079	-38.1810329466888	-5.61287195884593	1	0.333333333333333	0	0	0	1	1
64	FZD7	-0.679192587453416	0.981596495294118	-1.28146255116853	0.206187823678605	0.945241499105275	-4.73534925892354	-38.2855092637592	-5.77435942873704	1	0.142857142857143	0	0	0	1	1
65	GALNT4	-1.09710152919254	4.77852569411765	-2.29411933459947	0.0262021832129708	0.816807267575163	-3.38301066098037	-38.016005438438	-5.70602994719648	1	0.166666666666667	0	0	0	1	1
66	GATA1	-1.24173227080745	3.24632089411765	-1.39056390028027	0.1707721881943	0.945241499105275	-4.62209535264508	-37.3559000904864	-5.09084430810587	2	0.25	2	29	-1.37356400595567	0.16957707773419	0.9903765953488
67	GATA3	0.773767356521739	3.63660212156863	0.708014514125533	0.482360585144161	0.945241499105275	-5.18642419919392	-37.5159880709215	-4.97379199955573	2	0.5	1	35	0.0664971625643231	0.946982016657233	0.9903765953488
68	GJB6	-2.44795317397516	-1.72755313	-1.93874074841622	0.0584252264902445	0.892272904516358	-3.93083887195578	-37.3896424419783	-5.09084430810663	2	0.25	2	0	0	1	1
69	GPATCH2	0.807501521739129	3.36410425490196	3.21087635643582	0.00236270282142104	0.516902509651542	-1.67501987556762	-38.1064702793023	-5.61287195884593	1	0.333333333333333	0	0	0	1	1
70	GPC1	1.34659487559627	-0.0827425201372549	2.41473891902579	0.0196065516112359	0.769180763235032	-3.18105477651518	-38.1450827136755	-5.61287195884593	1	0.333333333333333	0	0	0	1	1
71	GTF3C2	-0.00794304347826014	6.16134694117647	-0.0366187406731601	0.970940882872421	0.995136314937403	-5.38814640421191	-37.9136139314499	-5.35185813347554	1	1	0	13	-0.289184415671963	0.772440257104693	0.9903765953488
72	HCRTR1	1.46119267080745	-5.87341550980392	2.11883862510365	0.0393057299433912	0.855045079949143	-3.66231697400771	-37.9744269733087	-5.35185813347631	1	1	0	0	0	1	1
73	HDAC6	0.273682813664597	6.14562341176471	1.41492939433612	0.163544734664959	0.945241499105275	-4.59565494948437	-37.2705273985121	-5.09084430810587	2	0.25	2	8	2.36349766034298	0.0181033409682199	0.642484844711361
74	HMGN3	0.45940246583851	5.67286454901961	1.26315036631819	0.212637039409426	0.945241499105275	-4.75352661026915	-37.3346155118566	-4.97379199955573	2	0.5	1	16	0.347758863061974	0.728021286067906	0.9903765953488
75	HOXA1	3.35867142298136	-4.44968291568627	2.02206287770676	0.0487629340258571	0.862752134863292	-3.80900222048585	-42.7760906598567	-5.89261117778377	1	0.0476190476190476	0	0	0	1	1
76	IL2RB	1.65675250192547	1.90587617509804	2.09991278573865	0.0410177517398835	0.857199360511922	-3.69143348488055	-38.0148397611104	-5.35185813347631	1	1	0	0	0	1	1
77	IMMT	-0.0239419440993789	6.33553078431373	-0.163894726439734	0.870502253533225	0.981300408027781	-5.3777878991336	-1.49786613677699	-5.92542209787572	1	0.0256410256410256	0	0	0	1	1
78	IRF4	-0.948692325155279	2.2472162127451	-1.06059080539966	0.294183976658695	0.945241499105275	-4.93830826281429	-38.1319506430871	-5.70602994719731	1	0.166666666666667	0	19	-0.417549947187317	0.676276198782434	0.9903765953488
79	IRS2	-1.08794635403726	6.54415643137255	-2.16344609048729	0.0355160670450493	0.841230447145556	-3.59287566665816	-37.8623795614141	-5.35185813347631	1	1	0	0	0	1	1
80	ITGAE	1.27094322795031	3.12314696666667	2.27410425216763	0.0274704405223023	0.824957885310323	-3.4157674840028	-37.9693127190329	-5.35185813347631	1	1	0	0	0	1	1
81	ITGB5	-0.084040836273291	1.74892462117647	-0.0953064846929681	0.924468203311655	0.990170942399933	-5.38500315234689	-42.7760906598567	-5.85244038982754	1	0.0769230769230769	0	0	0	1	1
82	JUN	-0.146827515527951	7.7289657254902	-0.402667142520294	0.68898104761976	0.95361326326451	-5.32299005429447	-37.2853759114036	-4.97379199955573	2	0.5	1	8	-0.4845090925391	0.628024612989902	0.9903765953488
83	KAT2A	-0.0235659999999989	5.42713203921569	-0.0758505342893349	0.939853301375104	0.992282410989639	-5.38635499779332	-37.4218407745286	-4.97379199955573	2	0.5	1	9	-0.76061564246415	0.446886673887056	0.9903765953488
84	KAT2B	-0.00455973291924927	6.62160852941176	-0.0108566607392877	0.991382810560183	0.998440821437152	-5.38864299921421	-37.3106293234488	-4.97379199955573	2	0.5	1	12	-0.997786402888582	0.318382944915127	0.9903765953488
85	KATNAL2	1.14198106310559	0.504395565882353	3.04333089190866	0.0037889251405932	0.558688560982952	-2.01429620277744	-37.9175255595146	-5.35185813347631	1	1	0	0	0	1	1
86	KCNA3	0.201587954658385	3.30613451568627	0.239773735672452	0.811526750086203	0.972404366448961	-5.36536429212206	-42.7760906598567	-5.85244038982754	1	0.0769230769230769	0	0	0	1	1
87	KCNH4	0.920956796645963	-1.17261767686275	1.70535312433347	0.0945936120442036	0.940746830816311	-4.24922460916661	-37.9107439670169	-5.61287195884593	1	0.333333333333333	0	0	0	1	1
88	KCNN4	0.75930393167702	3.76254362745098	2.10293008982152	0.0407405151968149	0.857199360511922	-3.68680539764185	-37.8186191378796	-5.35185813347631	1	1	0	0	0	1	1
89	KCNQ1	1.08823784037267	-1.95822959235294	2.07923713503629	0.0429622017172973	0.857199360511922	-3.72300440825552	-38.0596661392014	-5.61287195884593	1	0.333333333333333	0	0	0	1	1
90	KDM1A	0.0974926583850939	6.66914425490196	0.466231744238402	0.643158810250943	0.94777440380456	-5.30067074701091	-38.0448113387378	-5.35185813347554	1	1	0	14	-0.132662846515987	0.894460027268342	0.9903765953488
91	KDM5A	0.194846689440993	8.28900605882353	1.65185841351438	0.105091927699371	0.942688789851896	-4.31728340951111	-37.2003581296907	-4.97379199955573	2	0.5	1	10	2.19082417569382	0.0284645184365793	0.642484844711361
92	KIF3A	0.461802993788821	3.28720670588235	1.36163201432181	0.179671792335688	0.945241499105275	-4.65294989925867	-42.7760906598567	-5.90158110845619	1	0.0208333333333333	0	0	0	1	1
93	KIR2DS1	2.51352281900621	-3.66510353862745	1.86728152205245	0.0679758901263773	0.907195610205929	-4.03195877252488	-38.1640352592633	-5.77435942873704	1	0.142857142857143	0	0	0	1	1
94	LPL	-2.27981082062112	0.360093247843137	-1.79317606519657	0.0792471729390912	0.919822149704377	-4.13346183363185	-37.890674744685	-5.35185813347631	1	1	0	0	0	1	1
95	MAX	-0.121106726708071	7.51118356862745	-0.579869798099621	0.564714747758917	0.945241499105275	-5.25273614287896	-37.5412295562052	-4.97379199955573	2	0.5	1	10	1.12102631884733	0.262276659667718	0.9903765953488
96	MBD4	0.0560046521739102	-7.57364217647059	0.482909595592658	0.631355419450001	0.945241499105275	-5.29427956379893	-38.0099185405967	-5.35185813347554	1	1	0	10	0.425740985066774	0.670296593770238	0.9903765953488
97	MEAF6	0.043031068322982	4.62000374509804	0.274891532341764	0.784579453538263	0.968015051639824	-5.35803793324656	-42.7760906598567	-5.89261117778377	1	0.0476190476190476	0	0	0	1	1
98	MEF2A	0.0908155900621139	5.95214166666667	0.308596214005508	0.758964208917254	0.963358530526653	-5.3500698722023	-37.9172956058501	-5.35185813347554	1	1	0	7	0.61990942965395	0.535317417222579	0.9903765953488
99	MFSD6	1.67306476521739	-0.688534878431373	2.78767076660391	0.00758515263427998	0.633252650030837	-2.51040754283949	-37.9467097710346	-5.35185813347631	1	1	0	0	0	1	1
100	MKRN3	3.87564331161491	-1.66771008215686	2.61451551959994	0.0119033261716302	0.687161351907148	-2.83011643661077	-37.8276478084017	-5.35185813347631	1	1	0	0	0	1	1
101	MMP23A	1.38313007956522	-1.57403742764706	1.8669008734915	0.0680301180697931	0.907195610205929	-4.03248895610957	-38.0177095198262	-5.61287195884593	1	0.333333333333333	0	0	0	1	1
102	MRPL2	0.0348940683229819	3.86358923529412	0.166856405013461	0.868184031313937	0.980635197983362	-5.37739043132809	-42.7760906598567	-5.89261117778377	1	0.0476190476190476	0	0	0	1	1
103	MST1	1.51418258434161	-1.10959961182353	2.68839385734943	0.00984095506850169	0.647026305177273	-2.69540699018266	-37.9810717826264	-5.35185813347631	1	1	0	0	0	1	1
104	MTA3	0.994446255279504	2.91961164901961	1.71235335909354	0.0932862377658229	0.940466131969085	-4.24018006503446	-36.983281863995	-4.02830211298964	7	0.142857142857143	21	7	0.7519071481822	0.452106899121114	0.9903765953488
105	MYB	0.646303944099378	-4.61187301176471	0.74618984658932	0.459192131246697	0.945241499105275	-5.16417930854241	-38.2874651579903	-5.70602994719535	1	0.166666666666667	0	16	1.20549823506997	0.228011018957225	0.9903765953488
106	MYBL2	-0.128133854223602	3.52830147470588	-0.14485662599904	0.885430666578732	0.984125743055572	-5.38017314159357	-37.839517737316	-5.35185813347554	1	1	0	5	-1.36660058790904	0.171750532852527	0.9903765953488
107	MYC	-3.2652887242236	-0.578580616392157	-2.25069619736724	0.0290227525784117	0.83324554240018	-3.4537992579689	-42.7760906598567	-4.09414353385149	7	0.0303030303030303	75	7	0.269157244310179	0.787808680590161	0.9903765953488
108	MYEOV	-0.011966855279502	2.51897147254902	-0.0328993373776974	0.973891299053464	0.995136314937403	-5.3882513871077	-42.7760906598567	-5.90158110845619	1	0.0208333333333333	0	0	0	1	1
109	NAALADL1	-2.54464865465839	1.60988155882353	-2.95595004841039	0.00482125787335584	0.588652627965923	-2.18691964428165	-38.1359910478626	-5.61287195884593	1	0.333333333333333	0	0	0	1	1
110	NACA	-1.94600208695652	-0.782298952941176	-2.34129769782766	0.0234170105456764	0.795790628389447	-3.30494050316136	-38.0317488926191	-5.35185813347631	1	1	0	0	0	1	1
111	NCLN	0.254525931677021	9.67739323529412	0.773997523905012	0.442728225265186	0.945241499105275	-5.14726102987928	-42.7760906598567	-5.90158110845619	1	0.0208333333333333	0	0	0	1	1
112	NDUFA11	-0.0817272857142823	6.39079756862745	-0.508112028471308	0.613702220102128	0.945241499105275	-5.28420063330272	-1.497866136777	-5.92542209787572	1	0.0256410256410256	0	0	0	1	1
113	NDUFS6	-0.0995759813664563	5.54425492156863	-0.547982971889811	0.586243312541596	0.945241499105275	-5.26722271191634	-42.7760906598567	-5.89261117778377	1	0.0476190476190476	0	0	0	1	1
114	NEU4	1.92522613043478	-1.75002054901961	1.71926119049519	0.09201081601015	0.938501172551068	-4.23122367630724	-38.0042459616676	-5.61287195884593	1	0.333333333333333	0	0	0	1	1
115	NEURL4	-0.236334583850936	-6.45442594117647	-0.371328639038812	0.712026946374638	0.953844972653237	-5.33280176617089	-42.7760906598567	-5.90158110845619	1	0.0208333333333333	0	0	0	1	1
116	NFATC1	-0.263817797515526	4.30117134901961	-0.621342583852884	0.537314299516662	0.945241499105275	-5.23269048840625	-37.947618727202	-5.35185813347554	1	1	0	6	0.952919039677314	0.340631092432155	0.9903765953488
117	NFE2	-0.0666520310558996	4.29499292156863	-0.195566402458505	0.845775164995902	0.977417186354039	-5.37316910075288	-37.370458198408	-4.97379199955573	2	0.5	1	10	1.17005953487457	0.241977011230398	0.9903765953488
118	NR3C1	0.068626956521741	7.54705715686274	0.525223181944664	0.6018460816607	0.945241499105275	-5.27706918128242	-38.1215299497377	-5.35185813347554	1	1	0	12	0.968786345428404	0.332651800766469	0.9903765953488
119	NR4A3	-1.14873563602484	1.78019725960784	-1.77097614039376	0.0829147252695194	0.927917629405812	-4.16319247040979	-38.1320805417672	-5.61287195884593	1	0.333333333333333	0	0	0	1	1
120	NRF1	0.0635782236024856	4.36044609803922	0.362977795421437	0.71821519232742	0.956128636099431	-5.33528318909377	-37.3689872874789	-4.97379199955573	2	0.5	1	8	1.3005648659602	0.193407439678465	0.9903765953488
121	OLFML2B	-1.55281009813665	-0.191063634509804	-2.05078381843306	0.0457692306956268	0.857199360511922	-3.76604291120944	-37.9759848106585	-5.35185813347631	1	1	0	0	0	1	1
122	OSBPL3	0.00534467701863583	5.69154037254902	0.0409000930020609	0.967545211105207	0.995136314937403	-5.38801165305549	-42.7760906598567	-5.9125629656343	1	0.0227272727272727	0	0	0	1	1
123	PAGE2B	-3.17684859440994	-3.38127619803922	-2.8864826027905	0.00582330951236456	0.607092676893896	-2.32192327648128	-38.0405213546384	-5.70602994719648	1	0.166666666666667	0	0	0	1	1
124	PAX5	1.56480215186335	1.13872491862745	1.38096168283804	0.173687346824653	0.945241499105275	-4.63240097126805	-37.2910315396667	-5.09084430810587	2	0.25	2	5	2.00968778973646	0.0444642430807726	0.838746801094088
125	PCDHGC5	1.88369914416149	-0.597320805490196	2.79075107050534	0.00752348972618671	0.633252650030837	-2.50459638609382	-38.5008405410462	-5.77435942873704	1	0.142857142857143	0	0	0	1	1
126	PDCD2	0.0293574534161509	4.30242370588235	0.151544160352868	0.880181676336991	0.98342373137294	-5.37936875162114	-42.7760906598567	-5.9125629656343	1	0.0227272727272727	0	0	0	1	1
127	PHF8	0.0922094285714321	6.17348652941176	0.754982947335359	0.453948145094709	0.945241499105275	-5.15889456562826	-38.008905433125	-5.35185813347554	1	1	0	9	0.626653151180374	0.530886619534453	0.9903765953488
128	PIK3C2B	0.789819813664596	5.42876160784314	1.73520432571991	0.0891222658411751	0.933996942162892	-4.2104343860715	-38.0659812745815	-5.35185813347631	1	1	0	0	0	1	1
129	PLIN1	-1.65633386086957	-2.72318283333333	-2.07569726406845	0.0433030480377257	0.857199360511922	-3.72838466514143	-37.9099889607436	-5.35185813347631	1	1	0	0	0	1	1
130	POLR2B	0.225992018633545	7.45196488235294	1.75221004456786	0.0861246529304779	0.932799687601434	-4.18807848385398	-1.49786613677699	-5.92542209787572	1	0.0256410256410256	0	0	0	1	1
131	POLR3A	0.297554645962733	6.37206266666667	1.68931091070027	0.0976468583585609	0.941322460589231	-4.26983121700948	-37.9449846670775	-5.35185813347554	1	1	0	8	1.19300866814074	0.232865978288357	0.9903765953488
132	POU5F1	1.40514899689441	-2.26680661607843	1.40191370902456	0.167375389694929	0.945241499105275	-4.60983071265154	-37.9647992152716	-5.35185813347554	1	1	0	8	0.142007304549065	0.887074235967062	0.9903765953488
133	PRDM1	0.24019531863354	1.09169504509804	0.174690535591506	0.862057635962077	0.979635178755379	-5.37630479594083	-36.908313631523	-4.485439231642	4	0.25	6	14	2.33280205329645	0.0196585368653446	0.642484844711361
134	PRMT6	0.265370585714286	1.86192901176471	0.674211352522171	0.503411444383361	0.945241499105275	-5.20517027949004	-1.497866136777	-5.92542209787572	1	0.0256410256410256	0	0	0	1	1
135	PRR12	-0.566691354037265	4.3849938627451	-1.42189680365773	0.161522347231952	0.945241499105275	-4.5880179295969	-38.278227560651	-5.77435942873704	1	0.142857142857143	0	0	0	1	1
136	RAB27A	-0.845592224093168	-0.431954459156863	-1.98468092195489	0.0529122640082328	0.875094035916376	-3.86418063543024	-37.9933682040335	-5.35185813347631	1	1	0	0	0	1	1
137	RAB3IP	-2.58644488385093	0.938372643137255	-1.92643084071825	0.0599835413299346	0.893849929559106	-3.94848225936301	-37.9623204574429	-5.35185813347631	1	1	0	0	0	1	1
138	RAD21	-0.212831981366456	7.30706621568627	-1.55182771258182	0.127273148232247	0.945241499105275	-4.4394574420701	-37.9294752288464	-5.35185813347554	1	1	0	21	0.209598711578801	0.833980885317684	0.9903765953488
139	RAD51	0.318624192546584	3.82634294117647	1.35606477848406	0.181424403889143	0.945241499105275	-4.65881942748441	-1.497866136777	-5.92542209787572	1	0.0256410256410256	0	0	0	1	1
140	RASAL2	1.00912328726708	-4.0190660127451	0.911664666150203	0.366501671944577	0.945241499105275	-5.05470208896695	-42.7760906598567	-5.89261117778377	1	0.0476190476190476	0	0	0	1	1
141	RASIP1	0.0286942422360283	5.1879902745098	0.0518522934844679	0.95886159715264	0.994283837009286	-5.38759921053186	-1.497866136777	-5.92542209787572	1	0.0256410256410256	0	0	0	1	1
142	RBBP9	-0.175632142857141	5.90656931372549	-0.625387275523104	0.534679350728584	0.945241499105275	-5.23066281499104	-1.497866136777	-5.92542209787572	1	0.0256410256410256	0	0	0	1	1
143	RBM14	0.19435639130435	4.86880280392157	0.756753024741112	0.452896742169338	0.945241499105275	-5.15782345656987	-42.7760906598567	-5.85244038982754	1	0.0769230769230769	0	0	0	1	1
144	RBM25	0.938192248447201	-6.53842854901961	1.33845902884118	0.187052996307874	0.945241499105275	-4.67723686826294	-1.497866136777	-5.92542209787572	1	0.0256410256410256	0	0	0	1	1
145	RBM44	0.0881294037267102	4.57942962745098	0.481906782432954	0.632062446250572	0.945241499105275	-5.29467012968473	-1.49786613677699	-5.92542209787572	1	0.0256410256410256	0	0	0	1	1
146	RBMX2	-0.267665269565218	-2.78882536470588	-0.227243799264802	0.821199370462067	0.974555620035878	-5.36773702231803	-1.497866136777	-5.92542209787572	1	0.0256410256410256	0	0	0	1	1
147	RCOR3	-1.0410394343913	-0.400398550607843	-1.45451598752	0.152312267515726	0.945241499105275	-4.55181471274498	-1.497866136777	-5.92542209787572	1	0.0256410256410256	0	0	0	1	1
148	RDH10	-0.118815832298135	4.51641509803922	-0.699041348339186	0.487900055767948	0.945241499105275	-5.19148765383055	-1.497866136777	-5.92542209787572	1	0.0256410256410256	0	0	0	1	1
149	RELA	3.10038527515528	-4.99253417647059	2.8814950568879	0.00590223982448812	0.607092676893896	-2.33153805799893	0	-3.0766720146703	20	0.05	190	20	0.911062752338621	0.362262310651476	0.9903765953488
150	RHOBTB3	-0.204227844720496	5.42081862745098	-0.366405859705652	0.715672549917817	0.954991747222743	-5.33427133514167	-1.497866136777	-5.92542209787572	1	0.0256410256410256	0	0	0	1	1
151	RIN3	-0.747691897515527	2.68477599803922	-0.903299624906515	0.370878330316344	0.945241499105275	-5.06074139353462	-1.497866136777	-5.92542209787572	1	0.0256410256410256	0	0	0	1	1
152	RNF2	0.186817950310561	3.00520464705882	1.02011943086226	0.312786474353501	0.945241499105275	-4.97159206527178	-37.9820044328637	-5.35185813347554	1	1	0	10	0.703889110768108	0.481501833317367	0.9903765953488
153	RPL3	-1.68570060310559	-2.31156956	-2.08760081704297	0.0421661591051536	0.857199360511922	-3.71026336888165	-37.9999328459557	-5.35185813347631	1	1	0	0	0	1	1
154	RPS18	-3.66907245962733	6.65426005882353	-3.07866006942037	0.003433579012018	0.535790962604421	-1.94364236022584	-37.8808599431692	-5.61287195884593	1	0.333333333333333	0	0	0	1	1
155	RTN4R	0.984900242236026	2.71702460784314	1.8317914424056	0.0731920381699443	0.913133147436967	-4.08100134241202	-38.0146430347479	-5.61287195884593	1	0.333333333333333	0	0	0	1	1
156	SAP30	0.0581769751552805	5.94302764705882	0.483049379039423	0.63125689365585	0.945241499105275	-5.29422505858371	-37.9886810321559	-5.61287195884622	1	0.333333333333333	0	7	0.235256722370502	0.81400948304449	0.9903765953488
157	SCARB1	-0.0232705962732966	-6.37287964901961	-0.0300956243541514	0.97611558993168	0.995136314937403	-5.38832309868362	-42.7760906598567	-5.89261117778377	1	0.0476190476190476	0	0	0	1	1
158	SDC4	-1.80839012608696	0.0280115243137255	-1.9811446746203	0.053320100305033	0.875094035916376	-3.86935700142496	-42.7760906598567	-5.35394404624321	2	0.0333333333333333	63	0	0	1	1
159	SDS	1.42099247080745	-1.81780394392157	1.73228511757472	0.0896454567632663	0.933996942162892	-4.21425323717792	-38.1275371875715	-5.61287195884593	1	0.333333333333333	0	0	0	1	1
160	SEH1L	-1.54436166285714	2.13706303607843	-1.92508920338199	0.06015550889096	0.893849929559106	-3.95039958185977	-38.0146776297172	-5.35185813347631	1	1	0	0	0	1	1
161	SERPINB1	0.0560046521739102	-7.57364217647059	0.482909595592658	0.631355419450001	0.945241499105275	-5.29427956379893	-1.497866136777	-5.92542209787572	1	0.0256410256410256	0	0	0	1	1
162	SETDB1	-0.38931057142857	3.63053615686275	-0.976917298038282	0.333508572225476	0.945241499105275	-5.00576455608856	-37.9157161142506	-5.35185813347554	1	1	0	6	0.688654885244986	0.491040473086592	0.9903765953488
163	SGSH	0.852341500931677	0.658488797058824	2.19918542044787	0.0327156520889371	0.834905591980161	-3.53642301183829	-38.202054324179	-5.77435942873704	1	0.142857142857143	0	0	0	1	1
164	SHH	0.0543272981366476	5.09450637254902	0.197592220611549	0.844198585883879	0.976991728371142	-5.37284602233558	-42.7760906598567	-5.90158110845619	1	0.0208333333333333	0	0	0	1	1
165	SIN3A	0.227159608695649	-7.36258798039216	0.726205983843991	0.471239286283277	0.945241499105275	-5.17596581653716	-37.842456629539	-5.35185813347554	1	1	0	7	1.4409784125178	0.149590781622176	0.9903765953488
166	SIRT6	1.47794550354037	-0.919770738235294	2.83198016129046	0.00674157642752816	0.620104106194877	-2.42641231886839	-42.7760906598567	-3.63005725285503	11	0.0909090909090909	55	11	1.04952530563201	0.293936414658053	0.9903765953488
167	SIX5	2.11872908695652	-6.04165415686275	1.78314377506317	0.080887366662491	0.924258171906627	-4.14693624696779	-42.7760906598567	-3.85769656185356	9	0.0344827586206897	92	9	0.699399169019808	0.484302607014436	0.9903765953488
168	SLC16A9	1.12878123478261	-1.89968168235294	1.81067655487316	0.0764527834160313	0.915194164937043	-4.10980367807276	-38.1771155183906	-5.70602994719756	1	0.166666666666667	0	0	0	1	1
169	SLC26A11	-0.0309944633540369	1.33061537058824	-0.0610272450553155	0.951590930820537	0.993346835139048	-5.38717873107318	-42.7760906598567	-5.89261117778377	1	0.0476190476190476	0	0	0	1	1
170	SMAD7	-0.161769049689442	-2.13433127862745	-0.182423325538944	0.856018871139521	0.979027762963048	-5.37518443981749	-1.497866136777	-5.92542209787572	1	0.0256410256410256	0	0	0	1	1
171	SMARCA4	0.112154453416153	8.55340245098039	0.599245414370736	0.551827543589553	0.945241499105275	-5.24354022653835	-38.2002066286371	-5.70602994719731	1	0.166666666666667	0	6	0.852239727627008	0.394081050980553	0.9903765953488
172	SMARCC1	0.245868285714288	7.09129737254902	1.16432516445234	0.25004726561424	0.945241499105275	-4.8474365042316	-37.3300355424529	-4.97379199955573	2	0.5	1	7	1.85404084378893	0.0637333168582395	0.963129768984558
173	SNORD116-13	0.852035347826082	-7.10822043137255	1.75212148502845	0.0861400430894404	0.932799687601434	-4.18819538783591	-37.9212045813549	-5.61287195884593	1	0.333333333333333	0	0	0	1	1
174	SNORD24	0.0560046521739102	-7.57364217647059	0.482909595592658	0.631355419450001	0.945241499105275	-5.29427956379893	-38.1310295718626	-5.77435942873704	1	0.142857142857143	0	0	0	1	1
175	SOX12	0.87805408	-2.14791809941176	1.06843007084392	0.290670971050702	0.945241499105275	-4.93171971921499	-42.7760906598567	-5.9125629656343	1	0.0227272727272727	0	0	0	1	1
176	SP1	0.404837467391306	4.48941165980392	0.479826205983202	0.633530449779931	0.945295452526802	-5.2954778926106	-37.3557462795868	-5.09084430810587	2	0.25	2	14	1.29300287924151	0.196010063281924	0.9903765953488
177	SP2	0.505260944099382	5.47840480392157	1.82070132651501	0.0748897396424419	0.913133147436967	-4.09616420943394	-37.3473664153659	-4.97379199955573	2	0.5	1	17	0.705884073311549	0.480260232802595	0.9903765953488
178	SP4	-0.126574186335403	7.04752970588235	-1.02771748146819	0.3092344181202	0.945241499105275	-4.96543692615137	-38.1151532113477	-5.70602994719731	1	0.166666666666667	0	23	-0.237976213640492	0.81189954304734	0.9903765953488
179	SPAG9	0.852231518490683	0.393104339137255	2.09987484287939	0.0410212484839468	0.857199360511922	-3.69149164985598	-37.9849444001578	-5.70602994719648	1	0.166666666666667	0	0	0	1	1
180	SPEG	0.946491536645963	3.28104702352941	2.58750144034019	0.0127512813303769	0.697793855757078	-2.87872476636774	-37.9420677223012	-5.35185813347631	1	1	0	0	0	1	1
181	SPI1	0.0560046521739102	-7.53677466666667	0.383607855192772	0.702963176003183	0.95361326326451	-5.3290512551563	-37.8870039689878	-5.35185813347554	1	1	0	7	2.21753534953286	0.0265865302205973	0.642484844711361
182	SPRED2	-1.56217661242236	-2.70515655686274	-1.68160510739361	0.0991421020640145	0.94186677617265	-4.27966970096999	-37.2991496786621	-5.09084430810663	2	0.25	2	0	0	1	1
183	SRBD1	-0.323314832298136	3.67704803921569	-1.30983283359994	0.196487387602509	0.945241499105275	-4.70671317588044	-38.2412860768462	-5.77435942873704	1	0.142857142857143	0	0	0	1	1
184	SREBF2	0.078075515527952	6.12100976470588	0.158460489990323	0.87475881598678	0.981877576722439	-5.37849870467684	-38.1544877208491	-5.35185813347554	1	1	0	8	-0.79865992334243	0.424487631042225	0.9903765953488
185	SSR1	-1.33523201118012	2.65390281764706	-2.27638892510225	0.027322960845015	0.824957885310323	-3.41203941811481	-38.0335526751702	-5.61287195884593	1	0.333333333333333	0	0	0	1	1
186	SUZ12	-0.0665635217391314	6.17708660784314	-0.343184018217345	0.732958719450451	0.957232050112792	-5.34094082959159	-37.9813111249744	-5.70602994719731	1	0.166666666666667	0	14	-0.0283123118612244	0.97741306109171	0.9903765953488
187	TAL1	-0.0298172670807428	7.24474768627451	-0.0848328923401569	0.932747121136301	0.991687881048526	-5.38576905987238	-37.9897130431954	-5.35185813347554	1	1	0	15	0.580023562010864	0.561898728630702	0.9903765953488
188	TAOK2	-0.770295130434779	5.5133488627451	-2.34533473402034	0.023191455943204	0.795790628389447	-3.29820460463525	-38.1171116608901	-5.35185813347631	1	1	0	0	0	1	1
189	TCF12	0.68718336024844	-10.4120398823529	0.430991046605035	0.668404427393699	0.953231121143086	-5.31344432810521	-37.927870176225	-5.35185813347554	1	1	0	7	0.0418436183626475	0.966623363018815	0.9903765953488
190	TCF3	0.120503391304344	-7.54455450980392	0.780013687273331	0.439212614880756	0.945241499105275	-5.14352173497111	-38.1149002345082	-5.35185813347554	1	1	0	7	0.606557616774216	0.544144534636172	0.9903765953488
191	THRB	0.0197165652173936	4.23140166666667	0.0631481726155635	0.949910775807068	0.993126582204095	-5.38707180585013	-42.7760906598567	-5.85244038982754	1	0.0769230769230769	0	0	0	1	1
192	TMEM176A	2.17657895652174	-4.46334714019608	2.05712019293965	0.0451306868550176	0.857199360511922	-3.75649966028992	-37.8763789056509	-5.35185813347631	1	1	0	0	0	1	1
193	TMEM87A	0.0586404782608723	4.52220068627451	0.278612857026755	0.781738849313845	0.967364097316939	-5.35720320498816	-1.497866136777	-5.92542209787572	1	0.0256410256410256	0	0	0	1	1
194	TP53I11	-0.085387745341615	6.36088856862745	-0.347711433245235	0.729577230961204	0.956800776011046	-5.33967456613124	-42.7760906598567	-5.89261117778377	1	0.0476190476190476	0	0	0	1	1
195	TRIB2	1.74869391366459	-3.9136457254902	1.92209425596725	0.0605409149530276	0.893849929559106	-3.95467565642624	-38.1811441014681	-5.61287195884593	1	0.333333333333333	0	0	0	1	1
196	UPF2	1.81376799503105	-3.33270928235294	2.09330969821538	0.0416302153524469	0.857199360511922	-3.7015431838119	-37.8912572655215	-5.35185813347631	1	1	0	0	0	1	1
197	USF1	0.0692652981366466	5.8096407254902	0.26444870294676	0.792566500159155	0.968980778891471	-5.36032063592515	-37.9428951269626	-5.35185813347554	1	1	0	22	0.334934655019002	0.737674379495784	0.9903765953488
198	WDR35	-0.0774174015031056	1.04731512223529	-0.204911154661434	0.838508084110786	0.975834104718457	-5.37165110829639	-1.497866136777	-5.92542209787572	1	0.0256410256410256	0	0	0	1	1
199	WFS1	-1.16489536024845	-1.75396094117647	-2.0047988212706	0.0506428643497177	0.87073464672373	-3.83458907613508	-42.7760906598567	-5.85244038982754	1	0.0769230769230769	0	0	0	1	1
200	WNK2	-1.77918720310559	0.303403003921569	-1.14448857780454	0.258096652720187	0.945241499105275	-4.86542778941193	-42.7760906598567	-5.85244038982754	1	0.0769230769230769	0	0	0	1	1
201	WNT2B	-1.40769251552795	-2.82377623213725	-2.0722381472302	0.0436383927934234	0.857199360511922	-3.73363510459132	-37.9485576559889	-5.35185813347631	1	1	0	0	0	1	1
202	XKRX	1.60091759006211	-5.44600488235294	2.21131705183872	0.0318103927978789	0.834905591980161	-3.51709686389763	-37.4165326183965	-5.09084430810607	2	0.25	2	0	0	1	1
203	ZC3H18	0.0787536211180111	6.54909378431373	0.438234449877311	0.663182497852582	0.951999898210874	-5.31089995678556	-42.7760906598567	-5.89261117778377	1	0.0476190476190476	0	0	0	1	1
204	ZDHHC3	0.926163745341616	2.56153881176471	2.05897403644974	0.0449453377872608	0.857199360511922	-3.75370310742156	-37.9542176754248	-5.61287195884593	1	0.333333333333333	0	0	0	1	1
205	ZKSCAN1	-0.517641925465842	-6.93731470588235	-0.80521063824399	0.424669277783578	0.945241499105275	-5.12755599601594	-37.3867142359016	-5.09084430810686	2	0.25	2	8	0.425198543773175	0.670691945665382	0.9903765953488
206	ZNF107	1.24159772627329	0.493969105490196	2.66292933690758	0.0105115418669907	0.65087168423823	-2.74212935353536	-38.3739378280529	-5.71758291293496	1	0.2	0	0	0	1	1
207	ZNF217	-0.20523259689441	2.69142551176471	-0.586922049441722	0.560006867113798	0.945241499105275	-5.24942343170679	-38.0268283423493	-5.35185813347554	1	1	0	4	1.06356967857118	0.287523684419297	0.9903765953488
208	ZNF420	-1.5742228552795	3.24707075098039	-2.25435451194067	0.0287751277196293	0.83324554240018	-3.44787533823905	-38.0595816979151	-5.61287195884593	1	0.333333333333333	0	0	0	1	1
209	ZNF496	-1.4346470173913	2.1255581	-2.35735445293559	0.0225313739327456	0.794050676196578	-3.27809802291773	-37.954407529204	-5.61287195884593	1	0.333333333333333	0	0	0	1	1
210	ZNF562	-3.12896697080745	-4.49165685490196	-2.04287186639486	0.046577561577012	0.857199360511922	-3.77792591663944	-37.8008544544793	-5.35185813347631	1	1	0	0	0	1	1
211	ZNF704	0.108327664596275	5.90295045098039	0.419562995126944	0.676676837248621	0.953398861968933	-5.31737318728999	-42.7760906598567	-5.9125629656343	1	0.0227272727272727	0	0	0	1	1
