sample	Quantiseq_B_cell	Quantiseq_Macrophage_M1	Quantiseq_Macrophage_M2	Quantiseq_Monocyte	Quantiseq_Neutrophil	Quantiseq_NK_cell	Quantiseq_T_cell_CD4+_(non-regulatory)	Quantiseq_T_cell_CD8+	Quantiseq_T_cell_regulatory_(Tregs)	Quantiseq_Myeloid_dendritic_cell	Quantiseq_uncharacterized_cell	MCP_T_cells	MCP_CD8_T_cells	MCP_Cytotoxic_lymphocytes	MCP_B_lineage	MCP_NK_cells	MCP_Monocytic_lineage	MCP_Myeloid_dendritic_cells	MCP_Neutrophils	MCP_Endothelial_cells	MCP_Fibroblasts	Epidish_BPRNACan_B	Epidish_BPRNACan_cancer	Epidish_BPRNACan_CD4	Epidish_BPRNACan_CD8	Epidish_BPRNACan_M0	Epidish_BPRNACan_M1	Epidish_BPRNACan_M2	Epidish_BPRNACan_Mono	Epidish_BPRNACan_Neu	Epidish_BPRNACan_NK	DeconRNASeq_BPRNACan_B	DeconRNASeq_BPRNACan_cancer	DeconRNASeq_BPRNACan_CD4	DeconRNASeq_BPRNACan_CD8	DeconRNASeq_BPRNACan_M0	DeconRNASeq_BPRNACan_M1	DeconRNASeq_BPRNACan_M2	DeconRNASeq_BPRNACan_Mono	DeconRNASeq_BPRNACan_Neu	DeconRNASeq_BPRNACan_NK	Epidish_BPRNACan3DProMet_B	Epidish_BPRNACan3DProMet_cancer	Epidish_BPRNACan3DProMet_CD4	Epidish_BPRNACan3DProMet_CD8	Epidish_BPRNACan3DProMet_M0	Epidish_BPRNACan3DProMet_M1	Epidish_BPRNACan3DProMet_M2	Epidish_BPRNACan3DProMet_Mono	Epidish_BPRNACan3DProMet_Neu	Epidish_BPRNACan3DProMet_NK	DeconRNASeq_BPRNACan3DProMet_B	DeconRNASeq_BPRNACan3DProMet_cancer	DeconRNASeq_BPRNACan3DProMet_CD4	DeconRNASeq_BPRNACan3DProMet_CD8	DeconRNASeq_BPRNACan3DProMet_M0	DeconRNASeq_BPRNACan3DProMet_M1	DeconRNASeq_BPRNACan3DProMet_M2	DeconRNASeq_BPRNACan3DProMet_Mono	DeconRNASeq_BPRNACan3DProMet_Neu	DeconRNASeq_BPRNACan3DProMet_NK	Epidish_BPRNACanProMet_B	Epidish_BPRNACanProMet_cancer	Epidish_BPRNACanProMet_CD4	Epidish_BPRNACanProMet_CD8	Epidish_BPRNACanProMet_M0	Epidish_BPRNACanProMet_M1	Epidish_BPRNACanProMet_M2	Epidish_BPRNACanProMet_Mono	Epidish_BPRNACanProMet_Neu	Epidish_BPRNACanProMet_NK	DeconRNASeq_BPRNACanProMet_B	DeconRNASeq_BPRNACanProMet_cancer	DeconRNASeq_BPRNACanProMet_CD4	DeconRNASeq_BPRNACanProMet_CD8	DeconRNASeq_BPRNACanProMet_M0	DeconRNASeq_BPRNACanProMet_M1	DeconRNASeq_BPRNACanProMet_M2	DeconRNASeq_BPRNACanProMet_Mono	DeconRNASeq_BPRNACanProMet_Neu	DeconRNASeq_BPRNACanProMet_NK
2292873_REL	0	0	0	0.06040502657809624	0.08986275761587001	0.4071477264717204	0.27550998167480734	0	0	0.08249865505397583	0.08457585260553024	0.019540602733910336	0.0037637248905118	0.0694392740107364	0.24496318458954497	0.02118470076143393	0.01469032087109951	0.005333043611079304	0.13831730833775494	0.09011637828295462	0.027317861457026676	0.2719129187332923	0.24145867440995925	0.0637838163660433	0	0	0.0822599158002014	0	0.27704534308263834	0.04832723636091122	0.015212095246954242	0.15708265044182662	0.14315857915718194	0.07827645653745731	0	0.006438314254143207	0.14884043275661724	0.1550514254504221	0.10753908686969556	0.08718633400453178	0.11642672052812433	0.32831536954822566	0.23307207552925777	0.05072909596088621	0	0	0.0594119356869215	0	0.20691900088005963	0.10642009661845775	0.01513242577619151	0.11306488283200528	0.18058151228799146	0.02462505452725436	0	0	0.19147525845011887	0.20738147022138465	0.10373012477973775	0.04647178964196553	0.13266990725954161	0.43503737753331917	0.27517471100611157	0.03637013849176464	0	0	0.03210736935921172	0	0.13390299058160796	0.07688330126178972	0.01052411176619517	0.10680652589474365	0.17982169999989353	0.034518412967940004	0	0	0.18572510307982498	0.2075030408639074	0.09261285343796698	0.055476760439298445	0.137535603316425
2410163_REL	0.016579903495153127	0	0	0.2806237958264994	0.22897877963505164	0.04095424191785909	0.037335029251334535	0.005806654311073106	0	0	0.3897215955630291	0.035638089896375506	5.23407580882156e-4	0.0970346433751374	0.015512884163621756	0.031660077280036086	0.4164353998549608	0.03808202908324394	0.10272219802182454	0.03136887235213643	0.04118436555223839	0.07033035879555373	0.655330535069796	0.02001827542809565	0	0	0.006567075243669802	0	0.23004800073065254	0	0.017705754732232275	0.0825768760960629	0.1616661094952345	0.06819510783433323	0	0	0.09143437179024858	0.1338471368841302	0.35781918314958805	0	0.10446121475040279	0.11944313470371912	0.5351845567301609	0.08707912057724497	0	0	0.00418232028908124	0	0.23826452099705273	0.0031292903244349904	0.012717056378306063	0	0.19861578459256335	0	0	0	0.13069079135581874	0.18995745284742327	0.3685191191724749	0	0.11221685203171994	0.1749077066858514	0.5146287192054371	0.10963424399184475	0	0	0.004917220094318564	0	0.17810295788938438	0.007794489988471	0.010014662144692814	0	0.199962858469799	0.007278787813894419	0	0	0.12402807068541075	0.19188988973172177	0.34714892683410387	0	0.12969146646507024
2297941_REL	0.12593669854982636	0	0.0035509859457973415	0	0	0.013311726614724306	0	0	0	0.0076257111568525035	0.8495748777327995	0.004984304400714977	0	1.7430888002914458e-4	1.1904285295444512	1.3299152685380868e-4	0.3852658648696964	0.007087443466764335	0.17459229842079058	0.13870218287742903	0.2612199222592967	0.19872287739487943	0.5819829998404904	0.026719483498848975	0	0	0.00833020989058142	0	0.18198305437191906	0	0.002261375003280843	0.11330005705082602	0.26195605304796854	0.054128675247124704	0.007003230872801858	0	0.10308921008045616	0.1269784086504151	0.13442782374839862	0.11985171158402175	0.07926482971798741	0.36143420126945747	0.40309291865407565	0.01071671999465542	0.00426630333452153	0	0.005128320989342577	0	0.21536153575794736	0	0	0.06050993078803707	0.2846125632644025	0.00588888755612528	0	0	0.14034310770466668	0.17528890509938455	0.13797153274839716	0.09653441022878488	0.09885066261020177	0.43219904570398404	0.475641071917889	0.009771237458891992	0	0	0.003275334066119821	0	0.0771693894090715	0.0017220229119185937	2.2189853212506558e-4	0.054434700172087624	0.275334626811777	0.020827255884419957	0	0	0.13609329331468933	0.1777218402900082	0.1224149858479179	0.10874542203648153	0.10442787564261873
974025_REL	0.0065326244120884926	0	0.017247352576589128	0.05054942029362021	0.3928440682606053	0	0	0	0	0	0.5328265344570968	0.0021019103007664315	3.08636499843236e-4	0.0012465292336407458	0.0416299631144364	0.012866498386287489	0.508683406086557	0.21485560235426404	0.389483468005407	0.14236196502071144	10.420287075717496	0.0033487231370582515	0.1641866814251697	0	0	0	0.002354788829948278	0	0.6635363642785804	0.16656611176199648	7.330567246762504e-6	0.0950836394620051	0.18140742580229213	0.02187982702764163	0	0.005425240486818875	0.10097371597904324	0.12771882705721188	0.22405027303868974	0.1501046353499821	0.09335641579631546	0	0.28994446179580596	0	0	0	0.004083823229943338	0	0.6051310756043673	0.09757250660247567	0.003268132767407706	0	0.23797305728413032	0	0	0	0.15340794705132185	0.19173295376796723	0.23595437590639445	0.09034707628371645	0.09058458970646961	0	0.31101530179948417	0	0	0	0.003401677870947754	0	0.5793775374151502	0.10294830815799959	0.0032571747564184026	0.0831607474904354	0.20006884153315063	0.022639118751882292	0	0	0.15323512185332105	0.20491104393082502	0.12248210347911478	0.1022288698938327	0.11127415306743832
2260553_BL	0.022810472140283512	0	0.011126295333279867	0	0	0.01976553614100787	0	0.008616073371416046	0.24016147284726633	0.03181097012913573	0.6657091800376107	0.5808617241929592	0.0109912513457979	0.25479790971171223	0.028893134556857422	0.04194669227756119	0.40718210351739176	0.00375313793611664	0.11173506508409242	0.033020081576488586	0.001306745647377683	0.05529608100619793	0.6111036589621597	0.22344638728458607	0	0	9.075592231394654e-4	0	0.027864304697037066	0.01177313593762834	0.06960887288925136	0.14632026852385382	0.18579387095222966	0.046309724351714654	0.03941109672530495	0.007225993577390857	0.10763307483509146	0.141721223274247	0.10614622590551777	0.09176984159806331	0.12766868025658662	0.029990355314082617	0.7211624100238481	0.1715673159889754	0	0	9.74383074107982e-4	0	0.018895792587506084	0.0014598412263328512	0.05594990178514701	0.07259473063169514	0.23720972715814093	0	0	0	0.16440826511955187	0.20968930094737331	0.10617074765254442	0.03453955095241134	0.1753876775382831	0.0657384761406316	0.732056165521993	0.1496733080692514	0	0	0	0	0.008323697617813739	0.006333231131234357	0.037875121519075794	0.10263194769563105	0.22477324529389137	0	0	0	0.16024577866999978	0.2120413356982599	0.08724115382627431	0.04229695141922464	0.17076958739671944
2280935_BL	0	0	0.012215448368122855	0	0.01612809461183083	0.6254248991670437	0	0	0	0	0.34623155785300264	0.20905003536105338	0.0432086065643666	10.31261705736675	0.006303566699022475	1.1369422399373577	3.1778884089440336	0.01843710385454069	1.1321039239682609	0.016202467568103444	0.620608023950612	0.01613650011217746	0.27207230546951494	0.3517360009253058	0.2368069245513819	0	0.003846325651755796	3.0796948553347194e-4	0.091938797771765	0.008743998514417472	0.018411177518148115	0.13840443514815487	0.14328675086919496	0	0.10213775614324164	0.015924255865305686	0.11714946391343463	0.15547619518928424	0.10888270685667424	0.08783746429765493	0.13090097171705486	0.02231426777099302	0.20281864000439628	0.39069764388196565	0.2923121366213766	0	0.002517283910767928	2.558296878436984e-4	0.06933384669945923	0.01975035142319757	0	0.21228353615798007	0.10087115681446926	0	0.1507660964662023	0.01606675443787285	0.08560072853422668	0.119101540747256	0.08692491367947444	0.12671654423269366	0.10166872892982469	0.04927158790932446	0.20863018175059567	0.40392667100693086	0.2612304278527374	0	2.999672192887089e-4	1.9937169270911926e-4	0.052943971797890045	0.02303790487230385	4.59915898219944e-4	0.20029559609521036	0.09924090803345169	0	0.16443634567770293	0.014679583086844389	0.08217038598698287	0.12142942938961253	0.07339301862675637	0.14064171858096122	0.10371301452247761
2283265_BL	0.07173420564929658	0	0	0.07121532988387301	0	0.013018239017099802	0	0	0.01095329255730368	0.028257647632847233	0.8048212852595799	0.03361535915580142	0	0.0012778634282541892	0.01962098120134861	0.0013505019185071545	0.06378722044038791	0.0013248210584033606	0.08591943263770808	0.2187132446905905	0.285971215999217	0.22196144359336153	0.6228528198480009	0.11833994497241834	0	0	0.0030483228689084816	0	0.025533848592516683	0.006519501384532327	0.0017441187402618412	0.17844039013745872	0.17878222586570391	0.036525879109625764	0.020839642729560764	0.018491115400099303	0.09992087636394584	0.14253253826012843	0.11971792414577434	0.1063181112999824	0.09843129668772076	0.2743106026503731	0.5641597171106079	0.10244028708917777	0	0	0.0021573154377848517	0	0.046350353128877204	0.009150968128788494	0.0014307564543907816	0.1206801957592431	0.22524338760050205	0	0	0	0.16131894010845205	0.20533687359307923	0.11718478098251685	0.05023465560521163	0.12000116635099506	0.3450319853583698	0.5199914545010909	0.08774681186929066	0.0035340559953102465	0	0.0017335469770039334	0	0.03584157674371438	0.006120568555220059	0	0.08862270836485442	0.23489365224660833	0.03094422122210999	0	0	0.16956247771266153	0.21744980298941813	0.08997539645413773	0.032883651129723385	0.1356680898804865
2410163_BL	0.2770759121850347	0.012002455616003015	5.983878199780496e-4	0	0.030427301866351102	7.927453052678661e-4	0.04741342388724478	0	0	0	0.6316897733201206	0.003132946558882903	3.69973632188086e-5	6.917413690706232e-5	0.002617152174071771	1.6951126842087007e-4	0.3214184775335393	0.011193131372250115	0.02723205360576328	0.087741121224604507	0.030235148689222703	0.039403883588367855	0.9184464501787127	0.03043423684721696	8.629114611650359e-4	0	0.0013209979747297394	0	0.002339850831145615	0.007191669118662013	0	0.16064493754808762	0.15518212112455587	0.04537204687932578	0	0.020299749086904906	0.09761336626547615	0.1425010858436633	0.10023717327499307	0.17257816157773934	0.10557135839925387	0.029472276728187242	0.9466303300135612	0.016137948953286907	0.0033629649331712082	0	8.224007129704314e-4	0	0.0010114318393027212	0.0025626468195203236	0	0.07552684250617842	0.20637265707924746	0	0	0	0.16939096517110025	0.2175199744445196	0.09361500223071649	0.12101608743198133	0.11655847113625652	0.06544849146178243	0.8879748259796698	0.038030829376040055	0.0028879586023741054	0	0.001234722204415428	0	0	0.0044231723757181575	0	0.07443049235588839	0.20391739352108784	0	0	0	0.16429237163892835	0.21815606626316864	0.08394412465485554	0.12979751352983374	0.12546203803623762
2450523_BL	0.006037599547620954	0.0013821692635775835	4.6655810331048647e-4	0	0.09682367792519272	0.0037186489320273617	0.007696416568358959	0	0.0012710846374522256	0	0.8826038450224597	0.10326309728324147	7.57037370395006e-4	0.01634698290911959	0.03959057724809182	0.0018837364199151745	0.1705682908140504	0.00417086972933548	0.6712589240355142	0.07556081576253025	0.006839685125871905	0.07784160881458159	0.4885887993347735	0.07129556487053341	0	0	0.03409563201619544	0	0.328178394963916	0	0	0.14686253353429474	0.1719882665805074	0.05761249024817239	0	0.039882573202768584	0.07854486597429566	0.13497259326055747	0.06490835544949283	0.21931230500837814	0.08591601674153268	0.03167577307646326	0.6037172636652689	0.05420082929421201	0	0	0.03578779634789397	0	0.2705679807925628	0	0.004050356823599103	0.04083806716531374	0.22415131910602215	0	0	0.018905009039844697	0.15402888999230957	0.21282691575121948	0.05785783065827388	0.18879721076712722	0.10259475751988925	0.06742780342641834	0.6708411122687101	0.05236324061117792	0	0	0.005332688136684021	0	0.20018270523633325	0.0012247990782951516	0.002627651242381306	0.038163672220467404	0.2227496937366669	0	0	0.017039248289738476	0.1505192816796899	0.21347232610000785	0.05243073663691634	0.19524690956266808	0.11037813177384499
2463247_BL	0.010798457117061911	0.05528335928706987	0	0.048469761156352445	0.2431092231603219	0	0	0	0	0.02522372322191602	0.6171154760572779	0.017707019313209373	0.00111653847654382	0.04912400979253272	0.013121987863548167	0.014667650477524233	0.09711157811385188	0.023857472466890364	0.28676725335126924	5.286548178031799	0.045747550153362085	0.102552632002567	0.34520455848397685	0	0	0	0.2435014079200781	0	0.27865710097939866	0.026765721593717855	0.0033185790202614708	0.09763483208401352	0.13923906999768007	0.06491873203021664	0	0.0012655969497210456	0.09870585278613253	0.1355079488037459	0.35414565846417584	0	0.10858230888431467	0.16424270987712478	0.2763729820389227	0.038253779014842594	0	0	0.16350192734902166	0	0.30360409330588783	0.050233661076829014	0.0037908473373715204	0	0.1823299110152206	0	0	0	0.14642453148792722	0.20173235837764103	0.35826656377232585	0	0.11124663534688536	0.21429921773147542	0.3488234347115576	0.0614687530851451	0	0	0.07065725595740659	0	0.240976932670221	0.0595079711082861	0.004266434735908204	0	0.18800979510000393	0	0	0	0.13906488372989614	0.20309478725627111	0.3382599307092282	0	0.13157060320460057
2463247_REL	0	0	0	0	0.981754835028447	0.01824516497155298	0	0	0	0	1.1102230246251565e-16	0.02118900418821062	0.00378648522473493	0.03873402314030099	0.021905833751362964	0.007357949219141362	0.04048424032570808	0.011439768011003328	1.3430125701391638	0.03193521772842883	0.0019697742493990883	0.04276903402055814	0.1940900118683403	0	0	0	0.1781731387659404	0	0.4510182742958271	0.12914187918094738	0.004807661868386684	0.13590586257114806	0.14260833886634988	0.05103687302222375	0	0	0.16615480066897717	0.1470399710477487	0.11456968916759347	0.12344893158875483	0.11923553306720426	0.040723628162921265	0.24689017843700656	0	0	0	0.16777464614552698	0	0.4180147910488542	0.11935314447641632	0.0072436117292747244	0.05508982537993734	0.19658623400513175	0	0	0	0.2139135185290097	0.21042522829327487	0.11258995804606202	0.076117390471778415	0.1352778452748059	0.07425973340003095	0.37466505389199045	0	0	0	0.033193441142955464	0	0.36234369574887226	0.148091140272484	0.007446935543666862	0.06297703677205296	0.19659372565051259	0	0	0	0.20706456386407374	0.20968061453548342	0.09744223392197929	0.0851285595612564	0.1411132656946419
2480485_BL	0.8893291656302583	0	0	0.014753914096538832	0	0.09591692027320295	0	0	0	0	0	0.0068699513014561335	0	8.579294311498507e-4	8.81795109169113	3.5053444037268775e-4	0.0669608127651555	0.0112725810538905	0.02620503474230151	0.29583675251841257	0.004252110832536271	0.41357844892920675	0.46459019407628727	0.10623095448254298	0	0	0.001778959328553577	0	0.009267733536445881	0	0.004553709646963589	0.2402611539887814	0.1495212488857481	0.06093028446618451	0	0.01411449525117732	0.10708455187444758	0.14460855703735492	0.08257081851800593	0.08868711521003778	0.11222177476826206	0.3066584610427643	0.6082577411087831	0.07101568451175555	0	0	0.0013089741020451957	0	0.003619355988137684	9.100419062951757e-4	0.008229741340219112	0.18200683115146227	0.20160922142703086	0	0	0	0.17673618243228664	0.22184228944600504	0.07587592967524898	0.010399142356000896	0.13153040351196527	0.31481152717693284	0.638117819478602	0.039443510631172345	0	0	0.0013481296726474503	0	5.748433221279258e-4	0	0.005704169718517385	0.1948418631063949	0.18720451562276155	0	0	0	0.17301481267136892	0.22310253341614866	0.06191728363432397	0.021013566490936053	0.13890542505806613
2260671_REL	0.0022943812445129575	0.004818980646629113	0	0	0.36834006979619843	0.015168868033670407	0.2794307139793381	0.023504472038744683	0.042857049293483745	0	0.2635854649674225	3.201873531628591	0.042798353615422	0.3652889799776321	0.07520024593003703	0.03331190524735646	0.024012269511320208	0.007116330437939669	51.49878682788957	0.032315897953718115	0.48138271838573443	0.032623310802202696	0.06888418161028768	0.010551028099251524	0.018418739423281805	0	0.06955916757937461	0	0.39210432340535845	0.4078592490802432	0	0.10593695277382814	0.05638917421818889	0.029568574580559198	0	0.022031288369489685	0.11888586787060068	0.07279950082396576	0.523301944999669	0	0.07108669636369869	0.004722502377108657	0.09636445591785657	0	0	0	0.078723317237308	0	0.4530947806130353	0.36709494385469144	0	0	0.10473830144870074	0	0	0	0.18959122005194418	0.15047821528802802	0.5241788641801659	0	0.031013399031161598	0.015316921846930327	0.13336192057210708	0	0	0	0.09574362084299871	0	0.4119216479649022	0.3436558887730617	0	0	0.19590724224995332	0	0	0	0.16717069626023567	0.14119592421670418	0.4494601207439094	0	0.04626601652919769
2297625_BL	0	0	0	0	0.7438015318304751	0.20582760807708242	0	0	0	0.050370860092442536	0	0.19320347308696198	0.0298896436123546	33.06507007377533	0.11641731002742711	0.08271975411831652	0.022498960503467298	0.5905175832734006	0.22307922712059042	0.03334039281691884	0.013872101567217819	0.09424142732751054	0.1508367069591439	0.4173469585110848	0	0	0.015381112943505972	0	0.09393046691656835	0.15453057059737044	0.07373275674481612	0.14389195621844086	0.1369523605830028	0.10868402347005897	0	0.0141250380071192	0.117981093616361	0.1522201126089331	0.11569956684158068	0.07594439565261978	0.13450145300188396	0.2841861260533457	0.10760894107316926	0.3211622065050749	0	0	0.00909235190895766	0	0.07475461613110515	0.09023471288582112	0.11296104544252622	0.07407690476059087	0.18870375582044988	0.05387030459771641	0	0	0.17499410012830457	0.21536170951108535	0.11212430859981441	0.02193106794244029	0.15893784863959837	0.32967994744897866	0.1536084829900213	0.29960841836580665	0	0	0.001295042478414598	0	0.031506814793208056	0.08478853069123057	0.09951276323234014	0.08181038363371951	0.19269034802885615	0.05662674148762918	0	0	0.16764822465539705	0.21435823473716428	0.096710130658076085	0.029969921869607022	0.16018601492955054
2297625_REL	0	0	0	0	0	0	0	0	0	0.3665211183127789	0.6334788816872211	0.7079721902457085	0.0130647970204779	0.050871488504760094	0.036500487392237616	0.0031719200701547778	0.07931591503721241	0.0036474591613359347	0.7034084457815636	0.015023864480445733	0.013191808769786914	0.13940423811409058	0.20589010459657514	0.29974242081903096	0.012134080403680577	0	0.011160081583236938	0	0.23517775793827536	0.0787921434076868	0.0176991731374236	0.12454925577305187	0.1773579281497671	0.05813494725296536	0	0.015287447459945591	0.10821485054785983	0.14834357445435448	0.1843824641972627	0.06748283814519976	0.116246694019593	0.15358112218028905	0.23471855141516637	0.24109164240297734	0.01097972754348413	0	0.010876053717810065	0	0.23575346117067186	0.0969489073196543	0.016050534249946853	0.04600340717480461	0.22254213303576675	0	0	0	0.17128272781294007	0.21655331184048354	0.1965118352914299	0.007427603151117845	0.13967898169345755	0.16099661283892788	0.30792850666145577	0.2730404361846604	9.391653563859374e-4	0	0.007868840055328688	0	0.1390059350326991	0.09510057949622061	0.015119924374321731	0.046647808169022364	0.22073876302720785	0.0021230218602259626	0	0	0.16476957600181766	0.21692278473481535	0.17774076254803456	0.02339818504424676	0.14765909861462975
1825001_BL	0.351775333713272	0	0	0	0.6337644694261622	0.00543003331090922	0.0038766665854490707	0.005153496964207409	0	0	1.1102230246251565e-16	0.06175760757456658	0.00240620136586404	0.07569944325313392	3.0525762681282944	0.009596269575340058	0.21256020658746239	0.03544565973764007	0.839656813864766	0.012938538847757652	0.1733086455758545	0.16993719412144562	0.04238928744269844	0.00744531415557023	0.04754805533787119	0	0.13715779839126854	0	0.27462318526129653	0.3208991652898495	0	0.15360817016244038	0.12495190401998921	0.031083941555765326	0	0.011926927268449197	0.13142778776868752	0.1447183563930937	0.12606535624488177	0.16299704536005516	0.11322051122663798	0.23215636818590996	0.05095859459186604	0	0.040309519962048165	0	0.12269897709133934	0	0.22917281502557862	0.3247037251432579	0	0.03703779355237652	0.36799503473227746	0	0	0	0.1465887065969061	0.17617235073214804	0.10350126219172268	0.07382772526828352	0.09487712692628572	0.25677155138132046	0.10758302437216984	0	0.03705831251027739	0	0.035630107720456015	0	0.14306531674970357	0.41989168726607273	0	0.03523692302514769	0.3603342942969381	0	0	0	0.1411370708424146	0.17833805022963856	0.09078699336395082	0.08812818575838373	0.10603848248352642
1825001_REL	0.0019917357186702883	0.00237222528225308	5.75269244805047e-4	0	0.04577297832921742	0.027377034914536882	0	0.08907612608365303	0.007981829293003093	0.003961197833032737	0.8208916033008283	0.439821217005594	0.981553236835588	1.5931778978564237	0.21562188814928404	0.047163156493456454	0.17058309134988836	8.194047679912207e-4	0.10366838685448387	0.05323187773215655	0.08981674477055472	0.2833169293689707	0.2895173889101295	0.06940963101817059	0.17825775657787304	0	8.63776854757882e-4	0	0.07544301151675409	0.03765971563254151	0.06553179012080271	0.12302163940705646	0.16621666602412608	0.046039556591800694	0.10226996784441876	0.020732541817596387	0.0971042764126245	0.14123476312286043	0.16627787062611657	0.06429026412629003	0.07281245402710987	0.29851006103001654	0.2740289114471863	0.09489265481615405	0.12155664093075581	0	0	0	0.04861195712206947	0.08401937313759104	0.07838040151622686	0.06616843724172838	0.25684533548131755	0.01328662480721042	0	0	0.15825902994735763	0.2039638707935447	0.1397053625507834	0.016014277980004363	0.14575706119805334	0.28997418394396424	0.32610317008314654	0.10666905413105472	0.100678060850517	0	0	0	0.03536376003525957	0.06993842625114381	0.07127334470491413	0.06364193735824297	0.26154905389065436	0.024212894610159297	0	0	0.14988937239973543	0.20316604826554902	0.12135993046668013	0.028251753851441797	0.14792900915753726
2247707_BL	0.021227889536196767	0.002172566840305661	0.016911237523693022	0	0.09919887521665234	0.020456881644237798	0	3.2702850112044676e-5	0	0	0.8399998463888023	0.045329643064251364	0.0115227777185781	0.0634744429435207	0.22082269316976313	0.004352452335008404	0.12220200239091952	0.04108066615207071	0.1289556966616291	0.06969276210258786	0.1830670506485847	0.1454715048569486	0.556896594627408	0	0.040376069094354816	0	0.022344391752701045	0	0.1138877514717	0.11297344063345628	0.008050247563431302	0.1511963774968076	0.16706202907436132	0.037902646507708054	0.0699725157379317	0.010468711841835579	0.11238536772647072	0.14942449166312533	0.11252966744777862	0.10634393181667169	0.08271426068730955	0.2276692003942687	0.4783228487529012	0.07745842600864683	0.027267027438694004	0	0.012274937826130507	0	0.06844083409355632	0.10100433407253162	0.007562391413270742	0.0814984594332071	0.2610366523988391	0	0	0	0.1556058561446621	0.20243088946726728	0.10865850507305412	0.05587963672128077	0.13489000076168975	0.261367716328515	0.5282335373413207	0.07226268146529548	0.014319818054290218	0	0.0068762172675366625	0	0.028460875206915263	0.08245889419804173	0.006020260138084808	0.08210506949287366	0.26147234024312827	0.009765265955795438	0	0	0.14977577039351997	0.2009237334433539	0.09530460750292931	0.06464489332135204	0.13600831964704752
2620771_BL	0.016012981511374737	0.0171398310516446	2.7962658812116277e-4	0	0.027835820649989986	0.02417211257252003	0	7.162154752096866e-4	0	0.07881725511666873	0.8350261570344711	0.003078141588850267	2.14297221249231e-5	0.033802046710654	0.0011655402177738275	0.005313716030370079	0.08499506775623972	0.0427641364267928	0.1698253126561527	0.027138210988334483	0.003710651174813037	0.20986455020341643	0.6153943624587894	0.11015295499437251	0	0	0	0	5.858526987343032e-4	0.019709097455724706	0.04429318218896257	0.15902059122535167	0.19514602371436096	0.06828206324796973	0.023023631831495417	0.004211639201162604	0.10641543195627172	0.14230633207866988	0.11555714708313457	0.09357496748004386	0.09246217218153958	0.24544957864150896	0.596466245318861	0.09219153818886432	0	0	0	0	0	0.03474230006708185	0.03115033778368386	0.08899670659567643	0.27212039871166394	0.005079692755184148	0	0	0.15538348439509164	0.20542763592641944	0.10942863175483546	0.03668363417684235	0.12687981568428702	0.2483700595233186	0.6305802931777107	0.07127851244855449	0	0	0	0	0	0.024958871711604366	0.024812263138811824	0.09388949414011616	0.24864004431505843	0.027790546419199355	0	0	0.1561264977772799	0.2110224917705361	0.09131876488277502	0.03753486235496151	0.13367729834007383
2430935_BL	0.0034799051163003614	0.00198045714105495	0	0	0.7737664916618031	0.054630756513335606	0	0.00769215268534743	6.778893100033498e-4	0	0.1577723475721552	0.0184383768363154	0.00548657884401925	0.5414213608013375	0.0037701678645369143	0.12566835779815244	1.7086514284758225	0.0064836759901694555	0.9330552590925081	0.037889452382958946	0.32108754299477177	0	0.10423692184066558	0	0.20359585713557013	0	0.23690915654285666	0	0.14172295037358404	0.27893384005186644	0.03460127405545717	0.13509447804288338	0.1260500832570236	0.04167172658071924	0	3.1151589188815887e-4	0.1643142113677668	0.1335484439109545	0.11135118356882702	0.15300224671277132	0.1346561106671664	0.016214223772111347	0.10398650856641112	0	0.12141669093358821	0	0.19006904539120445	0	0.14024050176480649	0.3243677256037379	0.10370530396814047	0.051356355896862826	0.1695978867962809	0	0	0	0.21133191826551256	0.1947343116327998	0.11075098421360559	0.11339543215157388	0.14883311104336472	0.017955828788037538	0.13230108314208022	0.016434285548966827	0.0990237066410617	0	0.1126914214200508	0	0.16530588526770817	0.33770209426339326	0.11858569492870143	0.046926772515970716	0.1735315059817667	0	0	0	0.201799009307834	0.1916477684527502	0.1062237809869494	0.1285694685656058	0.15130169418912337
2430935_REL	0.024566975177001446	0.002395353004537121	0	0	0.1949949042991198	0.03923147306211911	0.10789037479537139	0.04133789516344655	0.0348682074450833	0	0.5547148170533213	0.8253374409001649	0.0937931052340468	0.8691754399160645	0.10962003490791514	0.07320709802545924	0.27432329965094643	0.02051311065171961	0.583525548501797	0.05457937502434342	0.03638461504617484	0.18803447341132268	0.12852960954360215	0.16119223338441263	0.2694446502440229	3.1586724103957643e-4	9.419241178775489e-4	0	0.18278691087705928	0.06351213491149477	0.005242196269168447	0.1308635996467955	0.1648183346595781	0.063547973276786	0.04335392142597157	0.025713515178040117	0.10345523591555765	0.147528917074289	0.13593532238116673	0.09368928486578217	0.09109389557603309	0.07794968744037002	0.43463984607412504	0.024521367593495776	0.2179994928485287	0	0.002055277217816002	0	0.19011496029617941	0.04624189290679294	0.006477475622692119	0.047900292060625016	0.2234802439474155	0.01920660792929936	0	0.004382292292552603	0.1712900700120355	0.21698970815087854	0.13795471565579112	0.038462502235372995	0.14033356771602956	0.07594763706077197	0.574172484500194	0.04634767693950385	0.14983627344142736	0	8.897628735684488e-4	0	0.11721180685088622	0.031274956769296	0.004319401564352132	0.048232860958421886	0.24187264523627247	0.022395288413895112	0	0	0.16468443906230168	0.21458140351091293	0.11767953921007573	0.047481971834373755	0.1430718517737464
2295595_BL	0	0	0	0	1	0	0	0	0	0	0	0.0894688927098959	0.136749613644553	0.04188645860032617	0.17123960227782314	0.020336904872560124	0.022141883783105255	0.015950555090546818	0.5114697438368887	0.10830763933587513	0.08113812661310554	0.4011685007931336	0.4798387362098645	0.03005475255947464	0.05173968376492902	0	0	0	0.006005178413139321	0.022556407498799495	0.008636740760659465	0.13735343612999884	0.20968539967701455	0.053372879193119914	0	0.005599252285601555	0.12007348270968932	0.1537039682812697	0.10360358520145312	0.09720307801241213	0.11940491850944131	0.4071575318303418	0.39627112402842607	0.07458257749919497	0.050964234558821625	1.1472745988172233e-4	0	0	0	0.06106531024342084	0.009844494379913053	0.06812583017998103	0.2604079716945522	0	0	0	0.170352958653108	0.21518915592041526	0.09938215280627079	0.04893613760160677	0.13760579314406596	0.36877818153972175	0.4773755692264103	0.05844460946497	0.042506241280343034	0	0	0	0	0.04393860210696575	0.00895679638158913	0.06418119239164272	0.2564824633248339	0	0	0	0.16522424295439447	0.21615958082574066	0.0891733636945431	0.06314948029311504	0.14562967651573053
2264225_BL	0	0	0	0.2987703865724112	0.013606517625119812	0.04995082324837581	0	0	0	0	0.6376722725540932	0.14125498095566405	0.024689569211619	0.05168285627315988	0.052213067665040296	0.01007604592491501	0.03069016111692582	0.00577794796037674	0.2607402697005536	0.09047934210983162	0.01178394893470274	0.15056175279457654	0.5866271237780202	0.01292159763714027	0	0	0.018881120585367308	0	0.18206671096336824	0.030993940570526072	0.01794775367100153	0.25321851038092974	0.17633536000893651	0.02275938545115319	0.0025927642058435896	0.012313877707924428	0.10380351839487911	0.13488708634747054	0.09762537676317717	0.08668864592894823	0.10977547481073767	0.19771607881780004	0.5552058088988192	0.023078489822072418	9.609838132052412e-4	0	0.009193192430505944	0	0.10669720971430979	0.08571752542009703	0.02143071108319033	0.43471917691719614	0.025552799884131644	0.045394281913005985	0.18604543203288268	0.021844774694168262	0	0.007974135336881683	0.06023717646156629	0.21823222276016732	0	0.19828072613718076	0.5978713687981737	0.021195400954751517	0	0	0.009374207998626921	0	0.08367485005972371	0.0700582075171608	0.01954523853438257	0.4094713804451136	0.016488947360002032	0.043762141826515416	0.2130056793747763	0.021329869859942202	0	0.015716426166114378	0.0431687891658101	0.23705676580172585	0
2264225_REL	0	0	0	0	0.9604832063333311	0.039516793666668514	0	0	0	0	4.440892098500626e-16	0.02174289154321596	0.0341173589330125	0.04957095674196108	0.14032011316677545	0.002366746909835846	0.07428345646698926	5.611892156644388e-5	7.030771356387184	0.35012735271055684	0.008841760212954006	0.04473345884299438	0.2300506081289519	0.1644098593711077	0.00687551196043416	0	0.2537785259802241	0	0.21496223787102273	0.085189797845265	0	0.14835141526300366	0.14533050257492466	0.06365521013592776	0	0.01880194267805757	0.12377984316947568	0.16274759767620545	0.11400127027767973	0.09472461233776389	0.12860760588696168	0.029655542236558675	0.4450892710802982	0.09398477588976738	0.02061253166995546	0	0.19007351969572875	0	0.18888397055371134	0.03170038887398021	0	0.08093451466889634	0.19326787442886267	0	0	0	0.1886545105948117	0.23103106468449291	0.11096091870428196	0.04284302531432197	0.15230809160433245	0.07112916116779397	0.46074770410806953	0.13173323932129496	0.03397135662568813	0	0.12173082571774155	0	0.102204417238986	0.07848329582042589	0	0.07663568585367492	0.19281615116716136	0.005813900322559684	0	0	0.1829347065939272	0.23086399631163557	0.10153961758080254	0.05147058177521985	0.15792536039501912
2297941_BL	0.03438655203678913	0.0031310769183818484	0.002122177808498015	0.007716924640956644	0.03170296702691378	0.04048941135492609	0.06550664504849528	0.008933375601699859	0.03765854086707355	0	0.7683523286962658	0.5730803460215175	0.0259921922618837	0.2357019731494658	0.49325601468036395	0.11413063501638045	0.8352597756711125	0.02798442961730207	0.07600480466659745	0.1196298453153342	0.051697042328754356	0.18170366140285507	0.5062795043605578	0.1985978853250327	0.04312818897779238	1.8064734481504477e-4	0	0	0.03699501457567491	0.0024189750124263202	0.030696123000845787	0.16745033156819467	0.16087152292925966	0.08095725099194928	0	0.0060175058323021086	0.10545867938456369	0.14264862863246636	0.15397258018522744	0.06626747797045673	0.11635602250558016	0.14479693351115525	0.6330136589209584	0.11791665811096357	0.040624115932774554	0	0	0	0.03491617645228611	0	0.028732457071862175	0.09488979418216076	0.21017672411110053	0.009424970026003524	0	0	0.1649405602590736	0.21500067463197053	0.1599373068525627	2.060951251146581e-4	0.1454238748120136	0.17530509661132984	0.6006374263599935	0.13387285309047814	0.03530427702534701	0	0	0	0.02789880908218879	0	0.026981537830662736	0.09774647934907321	0.20690491904169517	0.017288671830815283	0	0	0.1593605564916668	0.2156680601855577	0.13973352433692987	0.014074768581710667	0.1492230201825518
2151503_BL	0.003243917864685596	0	0	0	0.09700105105294601	0.06336900720117106	0	0.01304845226294038	0.03316810801722282	0.004285405382868854	0.7858840582181653	0.0205440992350474	0.0314140776583699	0.17787311067407133	0.13161715791276155	0.2303769749092997	0.11888026124341072	0.00677392200318982	0.17689034351798794	2.6265577822067683	0.003271264722701087	0.26893634771319536	0.5959191459733358	0.013319875630473578	0.016746965433389528	0	0.003440797589423049	0	0.05280366835916974	0.04700892614421	0.001824273156802897	0.1514383722536698	0.16971922947022666	0.03700777646475395	0.02922875576066558	0.002693077314033107	0.10239402120821511	0.13946265548733605	0.10806798015138773	0.17668358871840487	0.08330454317130684	0.26506493016439636	0.6283955165432417	0	0	0	0.005373610880043145	0	0.057276535364460604	0.03791988414777887	0.0059695229000793215	0.05318907424194069	0.21820093423962156	0	0	0	0.16182954165665503	0.21374811226449955	0.10851282311582712	0.1303271777347381	0.11419233674671797	0.2669913920764177	0.6555984867367181	0	0	0	0.0016459502399949898	0	0.034663429567621744	0.03660336107523151	0.004497380304016008	0.06994856999621862	0.21095294448628316	0	0	0	0.16626214345894333	0.22166974682931367	0.09363117872483982	0.10046542796083437	0.13706998854356742
2263055_BL	0.007855667914744086	0	0	0.38957582628389475	0	0.009293755623843358	0.0544625471034848	0.009612435566772794	0	0	0.5291997675072602	0.008163960592491628	6.41218635606879e-6	0.015216076000530631	0.11628565653078844	0.0012826829508929857	0.540417409333742	0.2930771908153075	3.9066003572105736	0.07384196707331937	0.072938746439368	0.2244969878180187	0.4507116223279555	0.06960300459172881	0.0016604142447331762	0.02067673180517948	0	0	0.2177040246851568	0.013595923120526083	0.0015512914067014848	0.12721005518487888	0.19710216636404237	0.046155449662851046	0	0.007197214868718396	0.10613498036402855	0.14069486446640508	0.18065699355471976	0.08856893753762093	0.10627933799673522	0.24176296052303614	0.4378377768205955	0.026255686812355506	0.010466738138899518	0.011617234200746694	0	0	0.26113285257599517	0.010926750928371453	0	0.04476322384221387	0.23826303261398774	0	0	0	0.16230326892009328	0.20690889986061617	0.19360783475602839	0.031273089884293635	0.12288065012276712	0.25257812222351284	0.6093623200282626	0.022292771837516257	0.005760981726849093	0.010490872889300671	0	0	0.07554794454974391	0.023966986744814556	0	0.04805645168105882	0.23637372830485862	0	0	0	0.1554010616743029	0.20735311781009572	0.17281674483894183	0.04903214256180282	0.13096675312893943
757509_BL	0	0	0	0	0.533420056267194	0.05988179337188488	0.16654255652720415	0.05033675055811888	0.02804363022848214	0	0.16177521304711595	0.1819307619867227	0.0319429262374491	0.7939542572334282	0.03416551542825158	0.05407566021651511	0.07282566397525675	6.813744328767487e-4	0.816315730677923	0.10556689805076948	0.014201868028110472	0.035000136129777315	0.01918741640308993	0.16073711468789886	0.06176744899816706	0	0.011846975821334298	0	0.6353424964606783	0.03773293279088017	0.038385478708174055	0.15563070882075036	0.1369344272339409	0.07843117129984248	0	0.013645144336684914	0.1273952969932809	0.152964797771326	0.11965772699816275	0.09760294065086267	0.11773778589514886	0.05338512911645807	0.028788454616819666	0.19584715892854143	0.09962122000054396	0	0.01137288373964596	0	0.5423930392036997	0.04192092118461105	0.02667119320968015	0.08462590784035978	0.19882445757638673	0.010668537334164896	0	0	0.18570157529701659	0.21845755811269868	0.11632834591701244	0.044255123438723544	0.14113849448363744	0.049914433969586454	0.05812355520871378	0.1870198358033774	0.11691662394323855	0	0.006083323620439815	0	0.5082994165392565	0.049628497320917675	0.024014313594469955	0.08028446570335018	0.19724850910922423	0.020727290621622624	0	0	0.18003562282250535	0.21843548405605628	0.10505046074937553	0.05310808649207498	0.1451100804457908
1794247_BL	0.044937389560649896	0.010018440435679283	0.005792495350791843	0	0.18118934996600106	0.016996836129568815	0	0.0012637066487212966	0.004227177530547024	0	0.7355746043780408	0.08505218944022692	0.064205410235098	0.12039226317795218	0.04050959167526886	0.044816852463500555	0.23414532543387	0.0073673904488504504	0.6254343531338731	0.07131221899028978	0.006536707278310046	0.050787807779733726	0.22239827789356828	0.057042004306635044	0.004309015779357581	0	0.07958042830545484	0	0.14677235987644266	0.4307163820900534	0.008393723968754456	0.1486439078829278	0.15226575117186697	0.04824641940474893	0	0	0.16054008616241788	0.14371784716963998	0.11124447069050233	0.12286016708442689	0.1124813504334693	0.06058464331315722	0.2767519635085177	0.048715368957837894	0	0	0.10196956188737752	0	0.19463005179312695	0.3040666137066584	0.01328179683332427	0.06905039552150227	0.25754362053358243	0	0	0	0.18787249803095102	0.19792942510702355	0.10471050549317931	0.06325095123035837	0.11964260408340316	0.09744342478429936	0.38229679395867217	0.05430301025377242	0	0	0.08385568964623198	0	0.06711240067213624	0.30227021835670603	0.01271846232818182	0.06853643065814352	0.2608131235465126	0	0	0	0.18045728570928432	0.197210068733078	0.09094333209123696	0.07518390125458756	0.12685585800715685
2010157_BL	0.035551968896342684	0	0	0	0.2488815968608832	0	0.26368887840550037	0.29790732913452783	0.15397022670274596	0	0	4.726615717407272	0.470788173986498	1.6239605653506526	1.1190293046839133	0.05953583706653373	0.010830945489429014	0.01053442487304202	0.33425650511413024	0.0600459102378315	0.035166374021184124	0.12964464411298635	0.3317847724114325	0.4267832008341508	0.018206958242581357	0	0.027127373045546053	0	0.04288545359290076	0.017169463489728476	0.006398134270673735	0.18151087567953816	0.13322653272054916	0.10417163496819029	0.09215589059352994	0.01743679434619809	0.10958320345898229	0.1466103580298162	0.0920562066334322	0.06890104097994862	0.05434746258981499	0.157321566277166	0.30539905323783595	0.418870000737455	0.010682728252618822	0	0.01779680453163421	0	0.03129735239992614	0.049175293079848637	0.009457201483515278	0.11108256039405234	0.19621637787232338	0.07605664230854411	0	0	0.17973521761618755	0.22063666786652947	0.0839713620747309	5.079480232528938e-4	0.13179322384437933	0.21624598541857082	0.3436979711590303	0.3734382227916376	0	0	0.015189872556551492	0	0.009322686857744457	0.03339294026939149	0.008712320947073903	0.10563124557233228	0.20382659816519585	0.08550986312219376	0	0	0.17163195099873688	0.2187471583484528	0.07205613710024263	0.011011415328647134	0.13158563136419862
2150901_BL	0.04090920406216875	0.0069934353890165005	0	0	0.010013034117844143	0.05396092644862293	0.19024875022788035	0.013157053214326008	0.04403611819639288	0.03012523445148836	0.61055624389226	0.10367733081143604	0.0081688837108445	0.6287427653817103	0.2095559911510447	0.012829407195074449	0.08641921048405969	6.37823279370418e-4	0.15374776890817463	0.523347730704555	0.08213547431800367	0.17662162815033033	0.28431867243184866	0.44243274893559437	0	0	0.002421195705464898	5.982496405348068e-6	0.004605095549594284	0.028998557705170933	0.06059611902559117	0.14276805933086073	0.16701798393291462	0.09628026834633516	0.05834433652506338	0.013481798786313212	0.11307332325445114	0.1489758724748546	0.10632544244379005	0.07018045801916623	0.08355245688625104	0.1594285403949219	0.4037096825227774	0.35357959270223566	0	0	0.004013081600839759	0	0.00919928992032885	0.010921406226258642	0.05914840663263778	0.06136878791503603	0.21493111534611517	0.07321060958314926	0	0	0.17695423825549889	0.22020979134890595	0.10458323769288007	0.00562297431474186	0.1431192455436728	0.17668415738395654	0.41862806977110434	0.3308720513936786	0	0	0.005155201207789138	2.242670209135739e-5	0.0071206786904178965	0.0072793446391329186	0.05423807021182929	0.055907768059714535	0.21257943393238632	0.08262389185137704	0	0	0.1718705407848311	0.22038607018139622	0.09537602223557634	0.013512631231410693	0.1477436417233077
2152641_BL	0.0028540189762765638	0	0	0	0.10835105415213242	0.09579716659973377	0.31927693720163153	0.06254835719709124	0.059140931072102595	0.15406504101210983	0.19796649378892212	2.2849689020811508	0.953911581721409	21.43405551856213	0.29340562983295987	0.07213988141100142	0.03353364521143023	0.034359388134346275	0.4822637938827597	0.02209171730304147	0.034080398315370866	0.07762159441242794	0.31583500462317143	0.3782366594925085	0.011043740985760594	0	0.0017225207772613722	0	0.18310150323824836	0.004954303164547056	0.027484673306074757	0.1710593108099296	0.13373976730765447	0.21262540445355352	0	0.012353200175594825	0.10992489078061853	0.14327132743720083	0.10606349825904163	0.04474057632862419	0.0662220244477825	0.12571253986711545	0.28925729479001067	0.3797782651788755	6.112937763554106e-4	0	5.04661970500675e-4	0	0.14855491717628636	0.024081936201223623	0.031499091039632277	0.09029309690995901	0.1773940950790478	0.1774319842243915	0	0	0.1680810970207447	0.20971577059623203	0.09058774375728736	0	0.08649621241233814	0.11909858049611105	0.369700123606431	0.36998985787451333	0	0	0	0	0.05355314466009306	0.05633333474997262	0.031324958612878914	0.08314627107060929	0.1786337364796765	0.18739592411826592	0	0	0.16329774972937072	0.20957334827800245	0.08510294783972266	0	0.09285002248435276
2163337_BL	0.002076444832650222	0	0.0021899893902342705	0.005132623819781603	0.14099120659459224	0.002494345557057155	0	0.0017837468470401684	0.0026292144875530794	0.004385926509104956	0.8383165019619863	0.05661310597066429	0.00228854550683776	0.26354729293580814	0.03898804147410116	0.6128663700599226	0.19113940615471978	0.022698355585117968	0.06344904404207725	0.08208179250225052	0.10887800418945054	0.0818952151775244	0.6709809046998547	0.006279748306362138	0.014269605588075695	0	0.01609780065512202	0	0.20348870333872496	0	0.006988022234336006	0.13477918330817595	0.143472357587609	0.054205663609606096	0	0.01872083914916914	0.11562502689276974	0.1458921570184196	0.18481647539876617	0.08308945554779987	0.11939884148768454	0.14010539707917527	0.5493647954365919	0.049543056365660455	0.013906198288081026	0	0.013760162708047974	0	0.22045700919572636	0	0.012863380926716966	0.06299861241556654	0.1879754839937129	0	0	0	0.17756876748881376	0.2099022165009993	0.19458881421399127	0.027994563986766918	0.13897154140014917	0.17517087101691983	0.5376707128231115	0.05925925955621843	0.015208379374171617	0	0.014748501675308277	0	0.18363588112249643	0.0015551480025148435	0.012751246429259134	0.06238725280528978	0.19566754109936285	0.0010934161587744656	0	0	0.17063695321292555	0.2098731874021825	0.1694342919423688	0.043692155874705416	0.14721520150439063
2210551_BL	0.0014187322670506577	0	0	0.07319077815777973	0.33736529167225304	0.013247354183764382	0	0	0	0	0.5747778437191523	0.003877159991145361	2.98899203065343e-4	0.0035740258983526013	0.0774752362869608	0.0024320341810631003	0.9073659780084302	0.0640147787925737	0.056861964845795296	0.11147378159417863	0.0024431522421199513	0.25503700413711033	0.4155560624357981	0.04306204789328532	0	0	0.018345728044580373	0	0.23857917512799093	0.013139600445007981	0.01628038191622698	0.13684772548191593	0.13437533607235438	0.020652217672500806	0	0.03067002470989076	0.09638808567671675	0.14624968688462375	0.13845431385542595	0.0862188572028261	0.21014375244374564	0.2331867710777321	0.4836798448006556	0.046999541731776145	0	0	0.013238752919642478	0	0.18337228772804776	0.014310674031636236	0.0252121277105096	0.04461117782379864	0.18214006657837556	0	0	0.010068137058599644	0.16451450898226616	0.21551981140570398	0.14430617871237497	0.01274989923848377	0.22609022020039765	0.31650033263692295	0.5319804123661763	0.015784650621842037	0	0	0.012290562076435073	0	0.09440186537775065	0.010050157539908513	0.018992019380964374	0.04668148636347713	0.19840060987344504	0	0	0.005020445962302042	0.1590644507989678	0.2130927170245605	0.12664026055343036	0.024663484216875003	0.2264365452069425
2219711_BL	0.02196682461609524	0	0	0.4595184780327231	0	0.07031933614072887	0.11585997936326808	0.007139785366607691	0.0016684246387414624	0	0.3235271718418355	0.08152470221307116	0.00299005363829738	0.01417062459797045	0.03275399889758853	0.12015556771749993	0.5713959025693125	0.0318132308812963	0.1266979322510515	0.05481214937831186	0.15383460698974413	0.0806068547656734	0.5773260734378686	0.11376326823618321	0	0	0.026661522559327248	0	0.17138807948904075	0	0.030254201511906914	0.14571381801265404	0.17531976517793962	0.03231674189188692	0.047585532878447676	0.008850856646073782	0.12193710830599576	0.15326263906382465	0.12757214941159753	0.08583409577000403	0.1016072928415758	0.12163663635224818	0.43658387812979543	0.14879306970384149	0	0	0.01963466714248463	0	0.2445017189108872	0.0015104276517720686	0.027339602108970972	0.09414741364523044	0.21047585533768037	0	0	0	0.17094633744678653	0.20988579017890746	0.12789430699130436	0.039690317567775045	0.1469599788323159	0.13990885348703172	0.4805700921030458	0.16943710046930255	0	0	0.017761196014761126	0	0.16294530716557157	0.005500162866818132	0.023877287893469067	0.08687024177103742	0.22080126472072031	0.007877457914946373	0	0	0.16290768723645177	0.20807024351566122	0.11363700768790846	0.04896578360860677	0.15087031354466757
2292915_BL	0	0	0	0	0.15585073320850695	0.4366354351336002	0	0	0	0.4075138316578929	0	0.03861561366590898	0.0167987966698369	0.0751023837723516	0.04541882016480862	0.009369142055412116	0.5532598158343597	0.005168772355313886	0.4521766234456895	0.21171860898085412	0.01596026546823793	0.004752885011394233	0.21234694941968832	0.005942949926219608	0	0	4.920533537703682e-5	0	0.737880737378916	0.03802575328011528	0.0010015196482895214	0.125361450864088	0.18249554949792632	0.04608959772124607	0	0.007554468157117161	0.12101606144208395	0.14449535565169935	0.16052752595126146	0.09383713854477771	0.11862285216980001	0.030645314878457168	0.22270288793057788	0.022603922483540626	0	0	4.407474253159956e-4	0	0.6305548665733716	0.09021716272710097	0.002835097981635774	0.0542226003958266	0.22042865301047876	0	0	0	0.17050738999094345	0.20307416732492606	0.1723541974949986	0.047646281047464135	0.13176671073536259	0.050388596204922156	0.24349818165841666	0.025481281178314042	0	0	0	0	0.5573738637458658	0.1203773778059855	0.002880699406495825	0.05346331582022651	0.21745433095173708	0	0	0	0.16451741245908977	0.20399723992561464	0.15507765007806262	0.06446577670740994	0.14102427405785936
2296723_BL	0.01605583723324979	0	0.008366353603727728	0.050624329914831116	0.3091921985583107	0.009222878565639267	0.020412203527264142	0.0021098081451767945	0	0.0154433458657377	0.5685730445860628	0.016871807099700393	7.14020459300869e-4	0.005730301752769142	0.02170723810710422	0.0044834915738172455	0.21006488018328656	0.009079959902646293	0.4006917269272584	0.05341038827016397	0.010783078600705355	0.04653535037987137	0.23830435386078627	0.029993440031477633	0	0	0.061033339716501545	0	0.1430450663871326	0.4716748202958398	0.009413629328390773	0.13364533098735	0.14335419824798315	0.06360989829595247	0	0.01672039414543315	0.11342012494193547	0.1478231080724305	0.11717111106298181	0.14902786834563053	0.1152279659003029	0.11090040664711119	0.22291438087561408	0.07721287392602613	0.0013690482221724572	0	0.04124373466738911	0	0.20611878179250323	0.3342992637250991	0.005941510144084735	0.1627175996220337	0.13027099602262962	0.06377688608221044	0	0.008824312119986438	0.11143621479480896	0.1420555761958393	0.10228247195896842	0.17350718688462657	0.10512875631889668	0.12620450007709974	0.3451461301872876	0.11543423329889903	0	0	0.004750095445569736	0	0.033921620744695125	0.3682504197177801	0.006293000528668584	0.16088525168112427	0.12866648894725202	0.07375657286647602	0	0.006536057081427155	0.10775567499036788	0.14351326841499687	0.08683966873204878	0.1822593099846025	0.10978770730170463
2361361_BL	0.14408362975181443	2.803081277157318e-4	0	0	0.0032906004628271797	0	0.14682592124536517	0.09912480640670233	0.010379296070172924	0	0.5960154379354022	0.4938143441333597	0.159780884757607	0.3815815798883872	0.08615050668783664	0.023206168440032746	0.007483543003328333	0.0013652578731667947	0.12002704601674513	0.054760434349081545	0.0172057848594207	0.027734879324334116	0.07802773611400553	0.8772595958751477	0	0	2.4892973654627563e-4	0	0.011153600792510184	0	0.005575258157456207	0.11266912461244355	0.2860856491959049	0.108035463234315	0	0	0.1016104313638965	0.13384848458697907	0.1095094299717132	0.0664551233949742	0.0817862936397739	0.051599724194705335	0.05296859283757282	0.8638970243143882	0	0	0	0	0.01841445861480846	0.0020850613337635446	0.011035138704761716	0.04245062260417998	0.31615116592660547	0.06536613758412432	0	0	0.14837655004078015	0.1937868203492183	0.11024520349148592	0.01935678100870719	0.10426671899489875	0.0539777591685276	0.07122060184718859	0.8556552806954079	0	0	0	0	0.005105855139250783	0.0037039889565048637	0.010336514193120308	0.03560838675004652	0.2931000474225839	0.08005982647824282	0	0	0.14930990294615432	0.20064280349452634	0.09904531169704935	0.029334671394502958	0.11289904981689436
2361405_BL	0.0018794544968814522	0	0.09577770930067805	0	0.7114998216600716	0.010387604029023077	0	0	0	0	0.1804554105133458	0.12495058774671049	0.00389404394164034	0.15834138150819277	0.12069115617135882	0.05065515177661896	0.06374183747087607	3.76961125768712	2.309566086730606	0.011210235140266958	11.301908818583783	0.1460862913800993	0.280677914144925	0	0.1622391335611112	0	0.004830182096441553	0	0.2551611070262539	0.09682743769058573	0.05417793410058337	0.1108851026987363	0.30214017026750195	0.019865217833559046	0.00950588116825593	0	0.10196633636547991	0.12632188261878205	0.12931465867785805	0.1038731263339062	0.09612762403592086	0.1964965577853108	0.21977868168575207	0	0.24002066708523248	0	0.0038147442111769693	0	0.1960960851651571	0.12936496438204598	0.01442829968532459	0.03593793405970602	0.3419181047727219	0	0	0	0.14499067958708484	0.1826476323651468	0.13085343040864617	0.05578449187759166	0.10786772692910294	0.18465806463353096	0.3130897509730477	0.026296299922097994	0.19526062829758487	4.8616034983073124e-4	0	0	0.1157292610599097	0.1511478927487462	0.013331942015251758	0.10251471560762049	0.2148044284910809	0.03588127570747526	0	0	0.15644251388657837	0.20741690319561779	0.08291232648205465	0.08298594015985014	0.11704189646972268
2366711_BL	0.017953215063566383	0.001180672779103399	0	0	0.348808953879833	0.013529627588094891	0	0.06334809430443068	0.281711143063327	0	0.2734682933216446	2.5854397196975456	0.273822789487178	1.240470101718042	0.35912601344671674	0.053962353823035054	0.3852185016871675	0.008843029604712642	0.08017170028353565	0.009867374737147888	0.15155591265334925	0.12254550677953385	0.13888191951932122	0.5333930381153722	0	0	0.005177383432088437	0	0.12189321327252832	0.0337605065111706	0.044348432369985244	0.13513253369612255	0.17683182549927104	0.04251902587314363	0.04218173521619967	0	0.09662479428366025	0.12377389336638837	0.13637037389893347	0.10890171556566554	0.13766410260061587	0.09898798757761895	0.2504202117332428	0.4587908215556083	0	0	0.008243513178079547	0	0.11467375068074954	0.018702267331218183	0.050181447943482636	0.03594924114116055	0.23097152902560578	0	0	0	0.15402359561086854	0.19803092285260537	0.14304289020382852	0.046137519613951385	0.19184430155198007	0.157887503407739	0.24349859869972448	0.4773702653109083	0	0	0.0050856770587254015	0	0.04951511235277648	0.03089813353432637	0.035744709635799975	0.05677412497941531	0.22495521166256816	0	0	0	0.15283309886802654	0.20360579922166955	0.1188861555183222	0.054587321729355556	0.18835828802064275
2370233_BL	0.018051264387273367	0	0	0.09244198761633557	0.17290847105263504	0.09839470335798262	0	0	0	0.03344211975200739	0.584761453833766	0.09290052114449951	0.0342777332604051	1.9359902351214977	0.007164436396268595	0.43512336816611985	0.5941639796236068	0.0017434372521504507	0.7132520934328054	0.014251542821829605	1.0951982114926788	0.08621681489122085	0.4299659687383279	0.07424809989674522	0.04248892437928014	0	0.024611301555042337	0	0.28111555682658523	0.022070050238888844	0.039283283473909525	0.15013992810974358	0.17580892594973668	0.002681245261700105	0.08428500185869116	0.01822696323368947	0.11408172242081938	0.15222202077339259	0.11191744199636969	0.09222167883382491	0.09841507156203247	0.0648170554157201	0.49626762559690457	0.0448606181508276	0.05123660002599573	0	0.02975600792189548	0	0.28170061269648694	0.004490018772863028	0.026871461419306505	0.0783209995937747	0.22129801319382364	0	0	0	0.17833160109661444	0.2194688964927155	0.11203150793130967	0.029825405204522648	0.16072357648723945	0.11220999095380481	0.5567439088303778	0.06761167665448138	0.038500559047508785	0	0.014091872725071479	0	0.17935995559103918	0.010029164367726757	0.021452871829989745	0.08556053160153204	0.21807292414989315	0	0	0	0.16938225444787713	0.21723501781149418	0.09820008220833394	0.047187225022921456	0.16436196475794793
2382431_BL	6.129159046650519e-4	0	0	0.08839519073647581	0.2591459213824639	0.04738285006333416	0	0.004537751773820482	0	0	0.5999253701392406	0.14710396589473676	0.0263975820277091	0.04904926363862294	0.006638302093324871	0.018649500352599043	0.31682757470663314	0.002482439854970551	0.13899330675049237	0.019347844870586973	0.03526918530409935	0.06556413402672019	0.4063163265182367	0.042682855280740783	0.09338236683625145	0	0.012629116976060785	0	0.28444189142176485	0.088928534741029	0.006054774199196179	0.13268400655365337	0.17193625312539274	0.0508779871581319	0	0.008812273233052961	0.10309563394973054	0.1431317150342098	0.19008719571409863	0.08138112362973872	0.11799381160199122	0.03219524575490145	0.5804937258286423	0	0.08607066652163846	0	0.009405802353507067	0	0.2288934289625373	0.06294113057877344	0	0.051154641775045806	0.22551719650127985	0	0	0	0.16032147020732135	0.2101082837666613	0.20072365914339768	0.017585829067141	0.1345889195391532	0.09113330701922721	0.6107742990226843	0.02838963490345345	0.04573028392014201	0	0.015453562118589366	0	0.15732156684831655	0.050371587395324824	8.257587722622359e-4	0.07565262567470726	0.23644459454328082	0.030043303123784088	0	0	0.1671118965637819	0.21604681472182702	0.10965419350888968	0.029172044145700043	0.13587452771802921
2419959_BL	0.3413845557281184	9.489577052024576e-4	0	0.04287179887185159	0.45257126008463183	0.07994590763441474	0.04652533448027261	0	0.033740761988614004	0	0.0020114235068944275	0.043076672610812265	0.00419867173261184	0.6896808292282436	0.7923497250267821	0.027559059506415025	1.9581679785116444	0.06691674963128182	2.672519655736551	0.031834314103127315	0.27042820657132355	0.25999498995750275	0.1015586795925103	0	0.017935730388230875	0	0	0	0.21871589603087926	0.3681604770826524	0.03363422694822442	0.1647846996807945	0.13849296108033532	0.043299235989416984	0	0.010155516542036447	0.11478271548157555	0.1385948352379041	0.1039133197883165	0.17994626530691332	0.10603045089270742	0.25569606003846274	0.1841082141088984	0	0	0	0	0	0.24231469579883574	0.28031594569217044	0.03756508436163273	0.075056036128969	0.1892726491154102	0	0	0	0.17887695430840528	0.21295606038450363	0.09899423283609647	0.12861284924488864	0.11623121798172707	0.2433869144626761	0.21468985068659505	0.0039932796684391215	0	0	0	0	0.15900475883639895	0.3429146790443019	0.036010517301588926	0.07279234032015991	0.1882677902967249	0	0	0	0.17310648331086273	0.2133028994983731	0.08882794617929583	0.138935359103323	0.12476718129126088
2498789_BL	0.06336004048077129	0.0039185825415703444	0	0	0.036560292442731825	0	0	0.23859024745625737	0	0.0014865297035430744	0.6560843073751261	1.0688846160179253	0.0711350856020146	1.2291495832553616	0.9367558864462516	0.03663929125773834	0.11717752028289391	0.001517289351125124	0.6829116505945245	0.02400317442302124	0.040620608101291235	0.27738379951614955	0.0938523909515516	0.39462267551783436	0.0801663948975033	0	0.016085503416062418	0	0.11193360478664073	0.024757903143493278	0.00119772777076478	0.156626720931009	0.13182306168838398	0.08337883565411014	0	0.01954462579924468	0.09744352967006772	0.14236239521731225	0.06927829188964078	0.21336991793453775	0.08617262121569395	0.2724737419668531	0.0945671744109678	0.4021854828439878	0.046274070873310605	0	0.021211590100257846	0	0.1346333264261821	0.019642026786157563	0.009012586592283189	0.056413603130750556	0.18896545509151644	0.0015244245958674074	0	0	0.17254506768221814	0.22222485764986877	0.06096462474731902	0.1845921687587236	0.11276979834373593	0.29340734514846645	0.16221301294718954	0.3861059495671046	0.030793519764401873	0	0.005550748516723513	0	0.09492526783313897	0.017830485676818556	0.009173670546156558	0.05089396794969042	0.18849270484159117	0.010249693394620119	0	0	0.16731393924510757	0.222049317558071	0.05607893504167762	0.18794639254527934	0.116975049423963
2502699_BL	0.06380907846567416	0.04181406845789198	0	0	0.09663642400327051	4.707917763973531e-4	0	0	0	0.01791763731658699	0.779351999980179	0.1961430106484175	0.00103558687468868	0.0236822189112858	0.26847390663475657	0.054541989480092666	2.2409521332717297	0.017579884097787178	0.6575005143318889	0.10516015066698348	0.004055063952527021	0.23865432433859599	0.603756351593411	0	0.07134055368188473	0	0.020082983256786424	0	0.053973206606772725	0	0.012192580522549188	0.12681963884254882	0.14768642739768106	0.06200787901860365	0	0.0075439544061555175	0.10448054370637576	0.1467471730541348	0.24623722526563627	0.04268889808763966	0.11578826022122489	0.38922442470213003	0.44141936963273704	0.0023790449458139626	0.09591553000712709	0	0.013547583137715185	0	0.05226480490024175	0	0.005249242674235036	0.04698613740661284	0.19309202307889817	0	0	0	0.15723866137190767	0.21078212574697613	0.2579730952219371	0	0.13392795717366818	0.4622962177105167	0.39928580208129644	0.014105172788217985	0.07270722149851591	0	0.012314153320466613	0	0.03349346356046084	8.380195524772792e-4	0.004959949488048201	0.05388249355339858	0.1946020885647911	0.005482881882972218	0	0	0.1502274879517562	0.21086488496189482	0.23964678437949224	0	0.145293378705695
2512641_BL	0.034438569547317735	0	0	0	0.2802942388115818	0.1160614408842254	0	0	0	0.05975925270870756	0.5094464980481676	0.017246021053926495	0.00190378838597712	0.05086989794386799	0.0460122847408933	0.004139937304367845	0.08700545869375843	0.009279918479592345	0.0564691059199257	0.08163475087499682	0.017682779458634668	0.23416267195796464	0.6127143284933145	0	0.005409057739255562	0	0.05051051344992954	0	0.0854078519278381	0	0.011795576431697622	0.1305362600163601	0.18002321225395262	0.011913527094674622	0	1.6575715307839967e-4	0.11791648520052127	0.13371268671206737	0.12128137439247363	0.07830447148947438	0.22614622568739795	0.17678769473762904	0.676464852576592	0	0	0	0.0531972281661373	0	0.07370557579344307	0	0.019844648726198687	0.04308124201554281	0.22794443002029208	0	0	0	0.16632733593482119	0.1968393370728206	0.12504199277469852	0.0027346475926309233	0.2380310145891939	0.18686161323526726	0.73032561315754	0	0	0	0.0335349864079212	0	0.03694063628096727	0	0.01233715091830424	0.10442229151154359	0.24222778405950401	0	0	0	0.14924874953661094	0.1874068052883816	0.1039382392464844	0.001953759096524371	0.21080237126095108
2583919_BL	0.3239157593882588	0	0	0.11539749597193696	0.03920416403139271	0.05184435468410725	0.0032364814191458337	0	0	0	0.4664017445051585	0.07572633506058195	0.0275624412608248	0.006683528510186596	0.5084496310644445	0.005152441599067716	0.15768452582268386	0.003176523956131983	0.3164106049624495	0.056474037793631963	0.00683092035388093	0.29097091698248684	0.24538175516730737	0.234509504044235	0	0	0.09572240862013773	0	0.10581790534620648	0.024853331713687574	0.0027441781259390204	0.14611394029387137	0.15274968211485196	0.062007591170653714	0	0.010548175205928031	0.13543285572429403	0.15589580214787344	0.12099529279605344	0.08830206709750044	0.12795459344897359	0.30157613254295634	0.2911707477973821	0.20806584668789013	0	0	0.0620451982247673	0	0.07192727163366065	0.05173065653668306	0.013484146576660324	0.07833349721065819	0.19961396201912987	0	0	0	0.1933169493725291	0.22242051468016544	0.1201418407819145	0.03465626051653803	0.15151697541906486	0.37475325345702853	0.3620708591979539	0.16256777917954737	0	0	0.023172624115644674	0	0.023286246069323228	0.04325208106048754	0.010897156920014639	0.11132462509286162	0.1952071548670416	0	0	0	0.1846817813553024	0.22125315452358954	0.09652481989719694	0.03820886927865935	0.1527995949853489
2616045_BL	0.005899387736354226	0.03866098668406576	0	0	0.012560605770605356	0.0038037598162635805	0.266155227687911	0.01621939256282785	0.03175855097461659	0.031233460466177716	0.5937086283011779	1.8813968023685612	0.0552161597231126	0.0666473960551809	0.004864350452595236	0.012646888453639876	0.04811346735791618	0.006105487046269589	2.0106569723727903	0.02000881177410746	0.016121623544166477	0.07616042464724913	0.3007505667668319	0.01752210287537567	0.0025685512145328434	0	0.016652232457110474	0	0.5674337244812888	0.014956499466360056	0.003955898091251023	0.11592234605103047	0.056864046009731765	0.0254540904280003	0	0.023132135135011264	0.11028509579983573	0.06331217797685339	0.5449727553594318	0	0.06005735324010562	0.11802748148671989	0.2675302716669585	0.04928456838886122	0	0	0.010945781179634686	0	0.5266856259768767	0.020457588939703397	0.007068682361245458	0	0.10582463087828678	0	0	0	0.18485410172856603	0.14484758946058765	0.5477218052809549	0	0.01675187265160466	0.18448371961205992	0.39578789998174824	0.04168214537093283	0	0	0.010241631562346917	0	0.34370109744866617	0.0181603746083394	0.005943131415906416	0	0.21089612734733426	0	0	0	0.16305480033248035	0.13481354558507957	0.4583516508439338	0	0.03288387589117235
4128869_BL	0.025041653994312657	0	0.009278917380138913	0	0	0.1285721737245903	0.2062442154535761	0.01222461726132527	0.04140473437609761	0.125628318193981	0.4516053696159782	0.04760070028387624	0.0406556057269432	4.704924874903545	0.035389943882611755	0.026641924347906548	0.12707248090766704	0.889414151452369	0.4484637520534127	0.016016078942951317	0.0055106985466846364	0.10374936291583078	0.7466565201211331	0	0.1142634438205147	0	0	0.002633363402499777	0.0316431908988326	0	0.001054118841189087	0.15132936234414884	0.16976129483818203	0.06460162485784264	0	0.021641045699060488	0.11309484059383687	0.15857521427888283	0.11204152810197411	0.08110144991210136	0.12785363937397126	0.26182684355142644	0.5104604919623525	0.06995152955235107	0.09821926056547133	0	0	0.0020890981085867227	0.04392775366154976	0	0.013525022598262123	0.09590228865273054	0.21478210142292453	0.0027817419430249263	0	0.001845124041970958	0.17385281377174883	0.22094859995571642	0.10796822787692557	0.031576510914989864	0.1503425914199688	0.29583126520700737	0.4627860945616101	0.13789212065153145	0.07499671694807886	0	0	0.0015894328593254678	0.015402697096562277	0	0.01150167267588454	0.10073322979522237	0.21644341855945792	0.011698980123400496	0	0	0.1682640158443025	0.2203760726784328	0.09401557895472748	0.03768421527573966	0.15078448876871714
4235533_BL	0	0	0	0	0	0	0	0	0	1	0	0.053315313202577035	3.85556357658101e-4	0.010508768229449265	0.014644048737931497	0.0022169533250441828	0.10194508972010757	0.0036286712569005702	0.08977852403456707	0.014795766677955806	0.01280141024923073	0.11975437770387067	0.6686713350492096	0.061422616003822365	0.02491721130890821	0	0.009427144395280269	0	0.11264144733100064	0	0.003165868207908323	0.12388035852952228	0.17863781290242758	0.05835437514774265	0	0.015543053715770791	0.1076100136036458	0.14826239323476348	0.1841026796534212	0.06756639147206162	0.11604292174064466	0.07990561055194727	0.8107158395129442	0.007368728380831037	0.005081395061516754	0	0.008507946814046577	0	0.08217644915454514	0	0.006244030524168981	0.04503777282982824	0.22359836468649108	0	0	0	0.17105184972674625	0.2166971098768296	0.19627112569953487	0.007673381839374965	0.13967039534119502	0.1039920699431646	0.8011587181147259	0.021066415814320474	0	0	0.004101421181226656	0	0.06325019761855635	0	0.006431177328005899	0.04585565653481721	0.22215745060024555	0.003368046475273473	0	0	0.16451255387426944	0.2168892955093275	0.17716423670782339	0.022908564811295343	0.1471441954869483
4259035_BL	0.5296061053373242	0	0	0	0.062420277140014205	0.005247836830813925	0.16206698609365797	0.011550229459706518	0.00273202485603838	0	0.22637654028244483	0.052690014861546855	0.0191440900936611	0.03968397902503685	0.7111427385385498	0.011222157288899665	0.2896370543587925	0.07892831521534292	1.6872396931515967	0.056366509112009966	0.23419931469359534	0.2822878226292811	0.24541870924056894	0.021765381970215197	0.07226910063976623	0	0.07212277665161178	0	0.24732948222092685	0.055424475333342375	0.0033822513142876243	0.17554169438949674	0.1348958447159234	0.03962049411625407	0	0.01787243843565922	0.12173095641010069	0.1497265454230191	0.1229934884025764	0.11852185493635797	0.11909668317061244	0.176692186178993	0.41826952143406	0.024705968138035574	0.0651267293922829	0	0.0678384116514785	0	0.2080365926860242	0.039330590519125866	0	0.07511190852496724	0.2968339758291869	0	0	0	0.16266747648248125	0.19682094649955062	0.11269855537831464	0.04487478130954661	0.11099235597595276	0.22191523192328752	0.47811389719308856	0.013476109387723803	0.05482278275742872	0	0.065034894764045	0	0.1295755638970853	0.037061520077341176	0	0.08075788317012628	0.29633454108053475	0	0	0	0.15256212639816372	0.19588102581053038	0.09661926682458474	0.05879636971937796	0.1190487869966822
