obs.x	obs.y	obs.tot	mean.x	mean.y	mean.diff	var.x	var.y	stderr	df	statistic	pvalue	conf.low	conf.high	alternative	mean.null	conf.level
MAR00078	23	7	30	2.6562273	2.6710204	-0.0147931133	5.781529e-04	6.565059e-05	0.0058750097	27.461938	-2.517973	0.0179260340	-2.683816e-02	-2.748070e-03	two.sided	0	0.95
MAR00156	23	7	30	8.0080389	8.0186507	-0.0106118187	2.555615e-04	2.834286e-05	0.0038936292	27.544074	-2.725431	0.0110294601	-1.859351e-02	-2.630129e-03	two.sided	0	0.95
MAR00167	23	7	30	8.0104481	8.0186507	-0.0082026356	1.445609e-04	2.834286e-05	0.0032146910	23.585634	-2.551609	0.0176427392	-1.484361e-02	-1.561666e-03	two.sided	0	0.95
MAR00180	23	7	30	8.0080389	8.0186507	-0.0106118187	2.555615e-04	2.834286e-05	0.0038936292	27.544074	-2.725431	0.0110294601	-1.859351e-02	-2.630129e-03	two.sided	0	0.95
MAR00217	23	7	30	2.2129877	2.2443007	-0.0313130053	1.877365e-03	5.925645e-04	0.0128948305	18.466752	-2.428338	0.0255825645	-5.835504e-02	-4.270970e-03	two.sided	0	0.95
MAR00225	23	7	30	3.1583030	3.1914608	-0.0331577809	2.134719e-03	1.744899e-04	0.0108508534	27.998898	-3.055776	0.0048912088	-5.538479e-02	-1.093078e-02	two.sided	0	0.95
MAR00226	23	7	30	2.2129877	2.2443007	-0.0313130053	1.877365e-03	5.925645e-04	0.0128948305	18.466752	-2.428338	0.0255825645	-5.835504e-02	-4.270970e-03	two.sided	0	0.95
MAR00313	23	7	30	2.2129877	2.2443007	-0.0313130053	1.877365e-03	5.925645e-04	0.0128948305	18.466752	-2.428338	0.0255825645	-5.835504e-02	-4.270970e-03	two.sided	0	0.95
MAR00349	23	7	30	2.2129877	2.2443007	-0.0313130053	1.877365e-03	5.925645e-04	0.0128948305	18.466752	-2.428338	0.0255825645	-5.835504e-02	-4.270970e-03	two.sided	0	0.95
MAR00353	23	7	30	2.2129877	2.2443007	-0.0313130053	1.877365e-03	5.925645e-04	0.0128948305	18.466752	-2.428338	0.0255825645	-5.835504e-02	-4.270970e-03	two.sided	0	0.95
MAR00361	23	7	30	2.2129877	2.2443007	-0.0313130053	1.877365e-03	5.925645e-04	0.0128948305	18.466752	-2.428338	0.0255825645	-5.835504e-02	-4.270970e-03	two.sided	0	0.95
MAR00397	23	7	30	2.2129877	2.2443007	-0.0313130053	1.877365e-03	5.925645e-04	0.0128948305	18.466752	-2.428338	0.0255825645	-5.835504e-02	-4.270970e-03	two.sided	0	0.95
MAR00401	23	7	30	2.2129877	2.2443007	-0.0313130053	1.877365e-03	5.925645e-04	0.0128948305	18.466752	-2.428338	0.0255825645	-5.835504e-02	-4.270970e-03	two.sided	0	0.95
MAR00405	23	7	30	2.2129877	2.2443007	-0.0313130053	1.877365e-03	5.925645e-04	0.0128948305	18.466752	-2.428338	0.0255825645	-5.835504e-02	-4.270970e-03	two.sided	0	0.95
MAR00409	23	7	30	2.2129877	2.2443007	-0.0313130053	1.877365e-03	5.925645e-04	0.0128948305	18.466752	-2.428338	0.0255825645	-5.835504e-02	-4.270970e-03	two.sided	0	0.95
MAR00568	23	7	30	8.7360231	8.7324554	 0.0035677444	3.640515e-05	1.407583e-06	0.0013356332	26.383530	 2.671201	0.0127806440	 8.242521e-04	 6.311237e-03	two.sided	0	0.95
MAR00583	23	7	30	8.2921422	8.2997116	-0.0075693890	1.273842e-04	2.631057e-06	0.0024319350	24.670752	-3.112496	0.0046460841	-1.258144e-02	-2.557334e-03	two.sided	0	0.95
MAR00611	23	7	30	8.3927696	8.4067041	-0.0139345502	1.810150e-04	1.896238e-05	0.0032525571	27.712737	-4.284183	0.0001987703	-2.060022e-02	-7.268876e-03	two.sided	0	0.95
MAR00617	23	7	30	8.3887274	8.3988953	-0.0101679483	1.884456e-04	4.041653e-05	0.0037372551	22.663947	-2.720700	0.0122869164	-1.790540e-02	-2.430499e-03	two.sided	0	0.95
MAR00622	23	7	30	0.3356918	0.3608212	-0.0251293900	6.549027e-04	4.809854e-04	0.0098583078	11.466089	-2.549057	0.0262905865	-4.672025e-02	-3.538528e-03	two.sided	0	0.95
MAR00624	23	7	30	8.3803618	8.3938480	-0.0134862411	1.881445e-04	5.063045e-06	0.0029838713	25.336179	-4.519713	0.0001258990	-1.962751e-02	-7.344975e-03	two.sided	0	0.95
MAR00627	23	7	30	0.3355553	0.3606898	-0.0251344979	6.557614e-04	4.822365e-04	0.0098692603	11.458764	-2.546746	0.0264120009	-4.675096e-02	-3.518037e-03	two.sided	0	0.95
MAR00639	23	7	30	8.3928777	8.4067530	-0.0138753228	1.800228e-04	1.899397e-05	0.0032466140	27.693846	-4.273783	0.0002046640	-2.052902e-02	-7.221622e-03	two.sided	0	0.95
MAR00650	23	7	30	8.3986055	8.4084365	-0.0098310323	1.589303e-04	1.388364e-05	0.0029821785	27.987328	-3.296594	0.0026645098	-1.593987e-02	-3.722192e-03	two.sided	0	0.95
MAR01095	23	7	30	1.7274336	1.7167549	 0.0106787020	1.689264e-04	1.004702e-04	0.0046580584	12.797793	 2.292522	0.0394910187	 5.993921e-04	 2.075801e-02	two.sided	0	0.95
MAR01435	23	7	30	2.6562273	2.6710204	-0.0147931133	5.781529e-04	6.565059e-05	0.0058750097	27.461938	-2.517973	0.0179260340	-2.683816e-02	-2.748070e-03	two.sided	0	0.95
MAR01525	23	7	30	4.1585411	4.1163912	 0.0421499119	3.194303e-03	1.506523e-03	0.0188175538	14.585798	 2.239925	0.0411328571	 1.941815e-03	 8.235801e-02	two.sided	0	0.95
MAR01616	23	7	30	1.5482009	1.6002911	-0.0520901750	6.409937e-03	1.534140e-03	0.0223126814	21.486121	-2.334555	0.0293370305	-9.842809e-02	-5.752255e-03	two.sided	0	0.95
MAR01658	23	7	30	0.3750330	0.3943963	-0.0193632968	5.712247e-04	3.751691e-04	0.0088561524	12.138265	-2.186423	0.0490777715	-3.863485e-02	-9.174760e-05	two.sided	0	0.95
MAR01664	23	7	30	0.3750330	0.3943963	-0.0193632968	5.712247e-04	3.751691e-04	0.0088561524	12.138265	-2.186423	0.0490777715	-3.863485e-02	-9.174760e-05	two.sided	0	0.95
MAR01975	23	7	30	8.5773697	8.5565962	 0.0207735658	8.888702e-04	6.765276e-05	0.0069506265	27.966341	 2.988733	0.0057802900	 6.535081e-03	 3.501205e-02	two.sided	0	0.95
MAR02331	23	7	30	2.5414295	2.5681695	-0.0267399864	1.749318e-03	5.135870e-04	0.0122240286	19.246560	-2.187494	0.0412422716	-5.230301e-02	-1.176966e-03	two.sided	0	0.95
MAR02341	23	7	30	8.5773697	8.5565962	 0.0207735658	8.888702e-04	6.765276e-05	0.0069506265	27.966341	 2.988733	0.0057802900	 6.535081e-03	 3.501205e-02	two.sided	0	0.95
MAR02358	23	7	30	5.1306897	5.0579166	 0.0727730539	6.574727e-03	3.863585e-03	0.0289447485	12.881991	 2.514206	0.0260288647	 1.018345e-02	 1.353627e-01	two.sided	0	0.95
MAR02388	23	7	30	2.5275201	2.5170731	 0.0104470024	1.266441e-04	6.528735e-05	0.0038513671	13.858380	 2.712544	0.0169597632	 2.178715e-03	 1.871529e-02	two.sided	0	0.95
MAR02427	23	7	30	2.6562273	2.6710204	-0.0147931133	5.781529e-04	6.565059e-05	0.0058750097	27.461938	-2.517973	0.0179260340	-2.683816e-02	-2.748070e-03	two.sided	0	0.95
MAR02429	23	7	30	2.2129877	2.2443007	-0.0313130053	1.877365e-03	5.925645e-04	0.0128948305	18.466752	-2.428338	0.0255825645	-5.835504e-02	-4.270970e-03	two.sided	0	0.95
MAR02431	23	7	30	2.9144207	2.9334105	-0.0189897705	9.664535e-04	1.108124e-04	0.0076059229	27.426050	-2.496708	0.0188294383	-3.458450e-02	-3.395042e-03	two.sided	0	0.95
MAR02432	23	7	30	2.2129877	2.2443007	-0.0313130053	1.877365e-03	5.925645e-04	0.0128948305	18.466752	-2.428338	0.0255825645	-5.835504e-02	-4.270970e-03	two.sided	0	0.95
MAR02471	23	7	30	2.2129877	2.2443007	-0.0313130053	1.877365e-03	5.925645e-04	0.0128948305	18.466752	-2.428338	0.0255825645	-5.835504e-02	-4.270970e-03	two.sided	0	0.95
MAR02473	23	7	30	2.2129877	2.2443007	-0.0313130053	1.877365e-03	5.925645e-04	0.0128948305	18.466752	-2.428338	0.0255825645	-5.835504e-02	-4.270970e-03	two.sided	0	0.95
MAR02474	23	7	30	2.2129877	2.2443007	-0.0313130053	1.877365e-03	5.925645e-04	0.0128948305	18.466752	-2.428338	0.0255825645	-5.835504e-02	-4.270970e-03	two.sided	0	0.95
MAR02476	23	7	30	2.2129877	2.2443007	-0.0313130053	1.877365e-03	5.925645e-04	0.0128948305	18.466752	-2.428338	0.0255825645	-5.835504e-02	-4.270970e-03	two.sided	0	0.95
MAR02477	23	7	30	2.2129877	2.2443007	-0.0313130053	1.877365e-03	5.925645e-04	0.0128948305	18.466752	-2.428338	0.0255825645	-5.835504e-02	-4.270970e-03	two.sided	0	0.95
MAR02479	23	7	30	2.5414295	2.5681695	-0.0267399864	1.749318e-03	5.135870e-04	0.0122240286	19.246560	-2.187494	0.0412422716	-5.230301e-02	-1.176966e-03	two.sided	0	0.95
MAR02481	23	7	30	2.5414295	2.5681695	-0.0267399864	1.749318e-03	5.135870e-04	0.0122240286	19.246560	-2.187494	0.0412422716	-5.230301e-02	-1.176966e-03	two.sided	0	0.95
MAR02569	23	7	30	2.2129877	2.2443007	-0.0313130053	1.877365e-03	5.925645e-04	0.0128948305	18.466752	-2.428338	0.0255825645	-5.835504e-02	-4.270970e-03	two.sided	0	0.95
MAR02626	23	7	30	2.7518257	2.7756880	-0.0238622725	1.354916e-03	1.947010e-04	0.0093125619	26.234710	-2.562375	0.0164768872	-4.299619e-02	-4.728359e-03	two.sided	0	0.95
MAR02702	23	7	30	2.2129877	2.2443007	-0.0313130053	1.877365e-03	5.925645e-04	0.0128948305	18.466752	-2.428338	0.0255825645	-5.835504e-02	-4.270970e-03	two.sided	0	0.95
MAR02714	23	7	30	2.2129877	2.2443007	-0.0313130053	1.877365e-03	5.925645e-04	0.0128948305	18.466752	-2.428338	0.0255825645	-5.835504e-02	-4.270970e-03	two.sided	0	0.95
MAR02720	23	7	30	2.2129877	2.2443007	-0.0313130053	1.877365e-03	5.925645e-04	0.0128948305	18.466752	-2.428338	0.0255825645	-5.835504e-02	-4.270970e-03	two.sided	0	0.95
MAR02742	23	7	30	2.5414295	2.5681695	-0.0267399864	1.749318e-03	5.135870e-04	0.0122240286	19.246560	-2.187494	0.0412422716	-5.230301e-02	-1.176966e-03	two.sided	0	0.95
MAR02746	23	7	30	2.5414295	2.5681695	-0.0267399864	1.749318e-03	5.135870e-04	0.0122240286	19.246560	-2.187494	0.0412422716	-5.230301e-02	-1.176966e-03	two.sided	0	0.95
MAR02752	23	7	30	2.5414295	2.5681695	-0.0267399864	1.749318e-03	5.135870e-04	0.0122240286	19.246560	-2.187494	0.0412422716	-5.230301e-02	-1.176966e-03	two.sided	0	0.95
MAR02755	23	7	30	2.2129877	2.2443007	-0.0313130053	1.877365e-03	5.925645e-04	0.0128948305	18.466752	-2.428338	0.0255825645	-5.835504e-02	-4.270970e-03	two.sided	0	0.95
MAR02777	23	7	30	2.9144207	2.9334105	-0.0189897705	9.664535e-04	1.108124e-04	0.0076059229	27.426050	-2.496708	0.0188294383	-3.458450e-02	-3.395042e-03	two.sided	0	0.95
MAR02801	23	7	30	2.7518257	2.7756880	-0.0238622725	1.354916e-03	1.947010e-04	0.0093125619	26.234710	-2.562375	0.0164768872	-4.299619e-02	-4.728359e-03	two.sided	0	0.95
MAR02803	23	7	30	2.7518257	2.7756880	-0.0238622725	1.354916e-03	1.947010e-04	0.0093125619	26.234710	-2.562375	0.0164768872	-4.299619e-02	-4.728359e-03	two.sided	0	0.95
MAR02807	23	7	30	2.2129877	2.2443007	-0.0313130053	1.877365e-03	5.925645e-04	0.0128948305	18.466752	-2.428338	0.0255825645	-5.835504e-02	-4.270970e-03	two.sided	0	0.95
MAR02809	23	7	30	2.2129877	2.2443007	-0.0313130053	1.877365e-03	5.925645e-04	0.0128948305	18.466752	-2.428338	0.0255825645	-5.835504e-02	-4.270970e-03	two.sided	0	0.95
MAR02851	23	7	30	2.2129877	2.2443007	-0.0313130053	1.877365e-03	5.925645e-04	0.0128948305	18.466752	-2.428338	0.0255825645	-5.835504e-02	-4.270970e-03	two.sided	0	0.95
MAR02852	23	7	30	2.2129877	2.2443007	-0.0313130053	1.877365e-03	5.925645e-04	0.0128948305	18.466752	-2.428338	0.0255825645	-5.835504e-02	-4.270970e-03	two.sided	0	0.95
MAR02857	23	7	30	2.2129877	2.2443007	-0.0313130053	1.877365e-03	5.925645e-04	0.0128948305	18.466752	-2.428338	0.0255825645	-5.835504e-02	-4.270970e-03	two.sided	0	0.95
MAR02859	23	7	30	2.2129877	2.2443007	-0.0313130053	1.877365e-03	5.925645e-04	0.0128948305	18.466752	-2.428338	0.0255825645	-5.835504e-02	-4.270970e-03	two.sided	0	0.95
MAR02861	23	7	30	2.2129877	2.2443007	-0.0313130053	1.877365e-03	5.925645e-04	0.0128948305	18.466752	-2.428338	0.0255825645	-5.835504e-02	-4.270970e-03	two.sided	0	0.95
MAR02862	23	7	30	2.2129877	2.2443007	-0.0313130053	1.877365e-03	5.925645e-04	0.0128948305	18.466752	-2.428338	0.0255825645	-5.835504e-02	-4.270970e-03	two.sided	0	0.95
MAR02865	23	7	30	2.2129877	2.2443007	-0.0313130053	1.877365e-03	5.925645e-04	0.0128948305	18.466752	-2.428338	0.0255825645	-5.835504e-02	-4.270970e-03	two.sided	0	0.95
MAR02866	23	7	30	2.2129877	2.2443007	-0.0313130053	1.877365e-03	5.925645e-04	0.0128948305	18.466752	-2.428338	0.0255825645	-5.835504e-02	-4.270970e-03	two.sided	0	0.95
MAR02880	23	7	30	2.5414295	2.5681695	-0.0267399864	1.749318e-03	5.135870e-04	0.0122240286	19.246560	-2.187494	0.0412422716	-5.230301e-02	-1.176966e-03	two.sided	0	0.95
MAR02882	23	7	30	2.5414295	2.5681695	-0.0267399864	1.749318e-03	5.135870e-04	0.0122240286	19.246560	-2.187494	0.0412422716	-5.230301e-02	-1.176966e-03	two.sided	0	0.95
MAR02884	23	7	30	2.5414295	2.5681695	-0.0267399864	1.749318e-03	5.135870e-04	0.0122240286	19.246560	-2.187494	0.0412422716	-5.230301e-02	-1.176966e-03	two.sided	0	0.95
MAR02886	23	7	30	2.5414295	2.5681695	-0.0267399864	1.749318e-03	5.135870e-04	0.0122240286	19.246560	-2.187494	0.0412422716	-5.230301e-02	-1.176966e-03	two.sided	0	0.95
MAR02888	23	7	30	2.5414295	2.5681695	-0.0267399864	1.749318e-03	5.135870e-04	0.0122240286	19.246560	-2.187494	0.0412422716	-5.230301e-02	-1.176966e-03	two.sided	0	0.95
MAR02890	23	7	30	2.5414295	2.5681695	-0.0267399864	1.749318e-03	5.135870e-04	0.0122240286	19.246560	-2.187494	0.0412422716	-5.230301e-02	-1.176966e-03	two.sided	0	0.95
MAR02892	23	7	30	2.2129877	2.2443007	-0.0313130053	1.877365e-03	5.925645e-04	0.0128948305	18.466752	-2.428338	0.0255825645	-5.835504e-02	-4.270970e-03	two.sided	0	0.95
MAR02894	23	7	30	2.2129877	2.2443007	-0.0313130053	1.877365e-03	5.925645e-04	0.0128948305	18.466752	-2.428338	0.0255825645	-5.835504e-02	-4.270970e-03	two.sided	0	0.95
MAR02949	23	7	30	2.2129877	2.2443007	-0.0313130053	1.877365e-03	5.925645e-04	0.0128948305	18.466752	-2.428338	0.0255825645	-5.835504e-02	-4.270970e-03	two.sided	0	0.95
MAR02952	23	7	30	2.2129877	2.2443007	-0.0313130053	1.877365e-03	5.925645e-04	0.0128948305	18.466752	-2.428338	0.0255825645	-5.835504e-02	-4.270970e-03	two.sided	0	0.95
MAR02973	23	7	30	2.2129877	2.2443007	-0.0313130053	1.877365e-03	5.925645e-04	0.0128948305	18.466752	-2.428338	0.0255825645	-5.835504e-02	-4.270970e-03	two.sided	0	0.95
MAR02981	23	7	30	2.2129877	2.2443007	-0.0313130053	1.877365e-03	5.925645e-04	0.0128948305	18.466752	-2.428338	0.0255825645	-5.835504e-02	-4.270970e-03	two.sided	0	0.95
MAR02982	23	7	30	2.2129877	2.2443007	-0.0313130053	1.877365e-03	5.925645e-04	0.0128948305	18.466752	-2.428338	0.0255825645	-5.835504e-02	-4.270970e-03	two.sided	0	0.95
MAR02984	23	7	30	2.2129877	2.2443007	-0.0313130053	1.877365e-03	5.925645e-04	0.0128948305	18.466752	-2.428338	0.0255825645	-5.835504e-02	-4.270970e-03	two.sided	0	0.95
MAR02991	23	7	30	2.2129877	2.2443007	-0.0313130053	1.877365e-03	5.925645e-04	0.0128948305	18.466752	-2.428338	0.0255825645	-5.835504e-02	-4.270970e-03	two.sided	0	0.95
MAR02992	23	7	30	2.2129877	2.2443007	-0.0313130053	1.877365e-03	5.925645e-04	0.0128948305	18.466752	-2.428338	0.0255825645	-5.835504e-02	-4.270970e-03	two.sided	0	0.95
MAR02994	23	7	30	2.2129877	2.2443007	-0.0313130053	1.877365e-03	5.925645e-04	0.0128948305	18.466752	-2.428338	0.0255825645	-5.835504e-02	-4.270970e-03	two.sided	0	0.95
MAR02996	23	7	30	2.2129877	2.2443007	-0.0313130053	1.877365e-03	5.925645e-04	0.0128948305	18.466752	-2.428338	0.0255825645	-5.835504e-02	-4.270970e-03	two.sided	0	0.95
MAR04144	23	7	30	8.2811159	8.2469357	 0.0341801611	3.062762e-03	5.144747e-04	0.0143756713	25.029634	 2.377639	0.0253763068	 4.574689e-03	 6.378563e-02	two.sided	0	0.95
MAR04150	23	7	30	8.1678997	8.1345360	 0.0333637386	3.570710e-03	5.838979e-04	0.0154486976	25.257088	 2.159647	0.0404867898	 1.562964e-03	 6.516451e-02	two.sided	0	0.95
MAR04151	23	7	30	8.1678997	8.1345360	 0.0333637386	3.570710e-03	5.838979e-04	0.0154486976	25.257088	 2.159647	0.0404867898	 1.562964e-03	 6.516451e-02	two.sided	0	0.95
MAR04237	23	7	30	1.7870278	1.8537758	-0.0667480506	1.586359e-02	2.278893e-03	0.0318634151	26.236789	-2.094818	0.0459865220	-1.322155e-01	-1.280620e-03	two.sided	0	0.95
MAR04257	23	7	30	1.7274336	1.7167549	 0.0106787020	1.689264e-04	1.004702e-04	0.0046580584	12.797793	 2.292522	0.0394910187	 5.993921e-04	 2.075801e-02	two.sided	0	0.95
MAR04274	23	7	30	1.7274336	1.7167549	 0.0106787020	1.689264e-04	1.004702e-04	0.0046580584	12.797793	 2.292522	0.0394910187	 5.993921e-04	 2.075801e-02	two.sided	0	0.95
MAR04275	23	7	30	1.7274336	1.7167549	 0.0106787020	1.689264e-04	1.004702e-04	0.0046580584	12.797793	 2.292522	0.0394910187	 5.993921e-04	 2.075801e-02	two.sided	0	0.95
MAR04276	23	7	30	1.7274336	1.7167549	 0.0106787020	1.689264e-04	1.004702e-04	0.0046580584	12.797793	 2.292522	0.0394910187	 5.993921e-04	 2.075801e-02	two.sided	0	0.95
MAR04457	23	7	30	8.3928777	8.4067530	-0.0138753228	1.800228e-04	1.899397e-05	0.0032466140	27.693846	-4.273783	0.0002046640	-2.052902e-02	-7.221622e-03	two.sided	0	0.95
MAR04596	23	7	30	1.7864390	1.8531812	-0.0667421955	1.589426e-02	2.281800e-03	0.0318908500	26.241232	-2.092832	0.0461761759	-1.322655e-01	-1.218931e-03	two.sided	0	0.95
MAR04597	23	7	30	1.7863671	1.8531099	-0.0667427931	1.590199e-02	2.285399e-03	0.0319041780	26.233857	-2.091977	0.0462616549	-1.322943e-01	-1.191257e-03	two.sided	0	0.95
MAR04683	23	7	30	3.9384087	4.0822749	-0.1438661967	8.982544e-02	6.346706e-03	0.0693694899	27.889127	-2.073912	0.0474366982	-2.859886e-01	-1.743784e-03	two.sided	0	0.95
MAR04686	23	7	30	3.9384087	4.0822749	-0.1438661967	8.982544e-02	6.346706e-03	0.0693694899	27.889127	-2.073912	0.0474366982	-2.859886e-01	-1.743784e-03	two.sided	0	0.95
MAR04807	23	7	30	2.2129877	2.2443007	-0.0313130053	1.877365e-03	5.925645e-04	0.0128948305	18.466752	-2.428338	0.0255825645	-5.835504e-02	-4.270970e-03	two.sided	0	0.95
MAR04846	23	7	30	2.1320573	2.1465384	-0.0144811543	4.065915e-04	1.219716e-04	0.0059247279	19.013000	-2.444189	0.0244370175	-2.688118e-02	-2.081130e-03	two.sided	0	0.95
MAR04849	23	7	30	3.2014803	3.1912090	 0.0102713899	2.283695e-04	8.888422e-05	0.0047567694	16.329176	 2.159321	0.0460277532	 2.039852e-04	 2.033879e-02	two.sided	0	0.95
MAR04859	23	7	30	8.3928777	8.4067530	-0.0138753228	1.800228e-04	1.899397e-05	0.0032466140	27.693846	-4.273783	0.0002046640	-2.052902e-02	-7.221622e-03	two.sided	0	0.95
MAR04889	23	7	30	8.3967304	8.4077653	-0.0110349550	1.219988e-04	3.348545e-05	0.0031761502	19.982591	-3.474318	0.0023955883	-1.766066e-02	-4.409252e-03	two.sided	0	0.95
MAR04899	23	7	30	8.3928777	8.4067530	-0.0138753228	1.800228e-04	1.899397e-05	0.0032466140	27.693846	-4.273783	0.0002046640	-2.052902e-02	-7.221622e-03	two.sided	0	0.95
MAR04913	23	7	30	2.7518257	2.7756880	-0.0238622725	1.354916e-03	1.947010e-04	0.0093125619	26.234710	-2.562375	0.0164768872	-4.299619e-02	-4.728359e-03	two.sided	0	0.95
MAR04918	23	7	30	8.3928777	8.4067530	-0.0138753228	1.800228e-04	1.899397e-05	0.0032466140	27.693846	-4.273783	0.0002046640	-2.052902e-02	-7.221622e-03	two.sided	0	0.95
MAR04948	23	7	30	8.4992940	8.5118634	-0.0125693103	4.854352e-04	4.301729e-05	0.0052202688	27.979077	-2.407790	0.0228892066	-2.326291e-02	-1.875714e-03	two.sided	0	0.95
MAR04989	23	7	30	2.6436077	2.6180053	 0.0256023644	3.185997e-03	6.183777e-05	0.0121390109	24.529698	 2.109098	0.0453218737	 5.772762e-04	 5.062745e-02	two.sided	0	0.95
MAR05422	23	7	30	1.7274336	1.7167549	 0.0106787020	1.689264e-04	1.004702e-04	0.0046580584	12.797793	 2.292522	0.0394910187	 5.993921e-04	 2.075801e-02	two.sided	0	0.95
MAR05464	23	7	30	3.1052744	3.0887540	 0.0165204254	4.409320e-04	9.246124e-05	0.0056903168	22.899712	 2.903252	0.0080332452	 4.746255e-03	 2.829460e-02	two.sided	0	0.95
MAR05578	23	7	30	4.2500323	4.1561017	 0.0939306196	1.454067e-02	5.976789e-03	0.0385490589	15.810650	 2.436651	0.0270380852	 1.213065e-02	 1.757306e-01	two.sided	0	0.95
MAR05579	23	7	30	4.2500323	4.1561017	 0.0939306196	1.454067e-02	5.976789e-03	0.0385490589	15.810650	 2.436651	0.0270380852	 1.213065e-02	 1.757306e-01	two.sided	0	0.95
MAR05580	23	7	30	4.2500323	4.1561017	 0.0939306196	1.454067e-02	5.976789e-03	0.0385490589	15.810650	 2.436651	0.0270380852	 1.213065e-02	 1.757306e-01	two.sided	0	0.95
MAR05581	23	7	30	4.2500323	4.1561017	 0.0939306196	1.454067e-02	5.976789e-03	0.0385490589	15.810650	 2.436651	0.0270380852	 1.213065e-02	 1.757306e-01	two.sided	0	0.95
MAR05582	23	7	30	4.2500323	4.1561017	 0.0939306196	1.454067e-02	5.976789e-03	0.0385490589	15.810650	 2.436651	0.0270380852	 1.213065e-02	 1.757306e-01	two.sided	0	0.95
MAR05583	23	7	30	4.2500323	4.1561017	 0.0939306196	1.454067e-02	5.976789e-03	0.0385490589	15.810650	 2.436651	0.0270380852	 1.213065e-02	 1.757306e-01	two.sided	0	0.95
MAR05584	23	7	30	4.2500323	4.1561017	 0.0939306196	1.454067e-02	5.976789e-03	0.0385490589	15.810650	 2.436651	0.0270380852	 1.213065e-02	 1.757306e-01	two.sided	0	0.95
MAR05585	23	7	30	4.2467862	4.1531352	 0.0936510196	1.481698e-02	5.971370e-03	0.0386945664	15.996117	 2.420263	0.0277782110	 1.162058e-02	 1.756815e-01	two.sided	0	0.95
MAR05586	23	7	30	4.2467862	4.1531352	 0.0936510196	1.481698e-02	5.971370e-03	0.0386945664	15.996117	 2.420263	0.0277782110	 1.162058e-02	 1.756815e-01	two.sided	0	0.95
MAR05593	23	7	30	3.5353839	3.4996056	 0.0357782203	3.503974e-03	6.881019e-04	0.0158318345	23.569553	 2.259891	0.0333593261	 3.071312e-03	 6.848513e-02	two.sided	0	0.95
MAR05712	23	7	30	3.5364492	3.5039240	 0.0325251446	4.403321e-03	3.803148e-04	0.0156773538	27.992382	 2.074658	0.0473273246	 4.111473e-04	 6.463914e-02	two.sided	0	0.95
MAR05713	23	7	30	3.5364492	3.5039240	 0.0325251446	4.403321e-03	3.803148e-04	0.0156773538	27.992382	 2.074658	0.0473273246	 4.111473e-04	 6.463914e-02	two.sided	0	0.95
MAR05714	23	7	30	3.5364492	3.5039240	 0.0325251446	4.403321e-03	3.803148e-04	0.0156773538	27.992382	 2.074658	0.0473273246	 4.111473e-04	 6.463914e-02	two.sided	0	0.95
MAR05715	23	7	30	3.5329988	3.5003596	 0.0326391980	4.357535e-03	3.531555e-04	0.0154889910	27.997347	 2.107251	0.0441810219	 9.113027e-04	 6.436709e-02	two.sided	0	0.95
MAR05718	23	7	30	3.5329988	3.5003596	 0.0326391980	4.357535e-03	3.531555e-04	0.0154889910	27.997347	 2.107251	0.0441810219	 9.113027e-04	 6.436709e-02	two.sided	0	0.95
MAR05721	23	7	30	3.5329988	3.5003596	 0.0326391980	4.357535e-03	3.531555e-04	0.0154889910	27.997347	 2.107251	0.0441810219	 9.113027e-04	 6.436709e-02	two.sided	0	0.95
MAR05907	23	7	30	4.0141712	3.9691580	 0.0450132065	4.191076e-03	1.825799e-03	0.0210487330	15.278218	 2.138523	0.0490175140	 2.199463e-04	 8.980647e-02	two.sided	0	0.95
MAR05923	23	7	30	4.0141712	3.9691580	 0.0450132065	4.191076e-03	1.825799e-03	0.0210487330	15.278218	 2.138523	0.0490175140	 2.199463e-04	 8.980647e-02	two.sided	0	0.95
MAR05927	23	7	30	3.9070295	3.8626191	 0.0444103613	5.371523e-03	1.411692e-03	0.0208618016	20.459900	 2.128788	0.0455980228	 9.560292e-04	 8.786469e-02	two.sided	0	0.95
MAR05939	23	7	30	4.0141712	3.9691580	 0.0450132065	4.191076e-03	1.825799e-03	0.0210487330	15.278218	 2.138523	0.0490175140	 2.199463e-04	 8.980647e-02	two.sided	0	0.95
MAR05971	23	7	30	4.0141712	3.9691580	 0.0450132065	4.191076e-03	1.825799e-03	0.0210487330	15.278218	 2.138523	0.0490175140	 2.199463e-04	 8.980647e-02	two.sided	0	0.95
MAR05990	23	7	30	3.7275913	3.6993678	 0.0282235220	1.423749e-03	7.645708e-04	0.0130815342	13.541841	 2.157509	0.0494585085	 7.710418e-05	 5.636994e-02	two.sided	0	0.95
MAR06355	23	7	30	3.0394762	2.9892456	 0.0502306168	7.294465e-03	1.405393e-03	0.0227578781	23.758961	 2.207175	0.0372135985	 3.235435e-03	 9.722580e-02	two.sided	0	0.95
MAR06524	23	7	30	3.8756637	3.8359895	 0.0396742128	3.108412e-03	1.081731e-03	0.0170200276	17.444897	 2.331031	0.0319767507	 3.834728e-03	 7.551370e-02	two.sided	0	0.95
MAR06527	23	7	30	3.7443055	3.7050542	 0.0392513032	1.830220e-03	1.504311e-03	0.0171603121	10.859985	 2.287330	0.0432664398	 1.422214e-03	 7.708039e-02	two.sided	0	0.95
MAR06646	23	7	30	2.9870950	3.0963965	-0.1093014499	1.402945e-02	6.374919e-04	0.0264772836	26.863978	-4.128122	0.0003175962	-1.636412e-01	-5.496168e-02	two.sided	0	0.95
MAR06647	23	7	30	2.9056589	3.1022350	-0.1965761087	4.552286e-02	2.486992e-03	0.0483170709	27.373037	-4.068461	0.0003616359	-2.956514e-01	-9.750085e-02	two.sided	0	0.95
MAR06650	23	7	30	2.1696622	2.2727574	-0.1030951469	1.471922e-02	6.187158e-03	0.0390364666	15.603093	-2.640996	0.0180697087	-1.860202e-01	-2.017012e-02	two.sided	0	0.95
MAR06652	23	7	30	2.1696622	2.2727574	-0.1030951469	1.471922e-02	6.187158e-03	0.0390364666	15.603093	-2.640996	0.0180697087	-1.860202e-01	-2.017012e-02	two.sided	0	0.95
MAR06659	23	7	30	6.3741074	6.3917385	-0.0176311407	3.775832e-04	2.197124e-04	0.0069140544	12.951477	-2.550044	0.0242474138	-3.257374e-02	-2.688544e-03	two.sided	0	0.95
MAR06660	23	7	30	2.1696622	2.2727574	-0.1030951469	1.471922e-02	6.187158e-03	0.0390364666	15.603093	-2.640996	0.0180697087	-1.860202e-01	-2.017012e-02	two.sided	0	0.95
MAR06661	23	7	30	2.6334435	2.8595589	-0.2261154616	4.012703e-02	4.542195e-02	0.0907386564	 9.473403	-2.491942	0.0330932576	-4.298275e-01	-2.240337e-02	two.sided	0	0.95
MAR06662	23	7	30	2.9056589	3.1022350	-0.1965761087	4.552286e-02	2.486992e-03	0.0483170709	27.373037	-4.068461	0.0003616359	-2.956514e-01	-9.750085e-02	two.sided	0	0.95
MAR06672	23	7	30	2.6334435	2.8595589	-0.2261154616	4.012703e-02	4.542195e-02	0.0907386564	 9.473403	-2.491942	0.0330932576	-4.298275e-01	-2.240337e-02	two.sided	0	0.95
MAR06673	23	7	30	2.9056589	3.1022350	-0.1965761087	4.552286e-02	2.486992e-03	0.0483170709	27.373037	-4.068461	0.0003616359	-2.956514e-01	-9.750085e-02	two.sided	0	0.95
MAR06674	23	7	30	2.9056589	3.1022350	-0.1965761087	4.552286e-02	2.486992e-03	0.0483170709	27.373037	-4.068461	0.0003616359	-2.956514e-01	-9.750085e-02	two.sided	0	0.95
MAR06675	23	7	30	2.9870950	3.0963965	-0.1093014499	1.402945e-02	6.374919e-04	0.0264772836	26.863978	-4.128122	0.0003175962	-1.636412e-01	-5.496168e-02	two.sided	0	0.95
MAR06676	23	7	30	2.9056589	3.1022350	-0.1965761087	4.552286e-02	2.486992e-03	0.0483170709	27.373037	-4.068461	0.0003616359	-2.956514e-01	-9.750085e-02	two.sided	0	0.95
MAR06725	23	7	30	1.5449956	1.5974833	-0.0524877183	6.557701e-03	1.577560e-03	0.0225938732	21.430282	-2.323095	0.0300837267	-9.941687e-02	-5.558564e-03	two.sided	0	0.95
MAR06969	23	7	30	8.4627017	8.4235673	 0.0391343466	6.108269e-04	6.609785e-04	0.0109992357	 9.641684	 3.557915	0.0055049071	 1.450250e-02	 6.376619e-02	two.sided	0	0.95
MAR07154	23	7	30	2.7235263	2.6931178	 0.0304085107	4.331951e-03	1.308878e-04	0.0143890219	25.657767	 2.113313	0.0444610662	 8.122399e-04	 6.000478e-02	two.sided	0	0.95
MAR07190	23	7	30	1.6816538	1.6921289	-0.0104750675	1.926035e-04	9.137947e-05	0.0046290687	14.535529	-2.262889	0.0394279196	-2.036923e-02	-5.809101e-04	two.sided	0	0.95
MAR07786	23	7	30	1.7274336	1.7167549	 0.0106787020	1.689264e-04	1.004702e-04	0.0046580584	12.797793	 2.292522	0.0394910187	 5.993921e-04	 2.075801e-02	two.sided	0	0.95
MAR08022	23	7	30	1.7864496	1.8531166	-0.0666669700	1.588559e-02	2.284655e-03	0.0318913299	26.229071	-2.090442	0.0464121022	-1.321927e-01	-1.141255e-03	two.sided	0	0.95
MAR08482	23	7	30	5.1306897	5.0579166	 0.0727730539	6.574727e-03	3.863585e-03	0.0289447485	12.881991	 2.514206	0.0260288647	 1.018345e-02	 1.353627e-01	two.sided	0	0.95
MAR08676	23	7	30	3.7356731	3.8233845	-0.0877113999	1.800853e-02	3.380118e-03	0.0355788375	24.013889	-2.465269	0.0212247258	-1.611403e-01	-1.428254e-02	two.sided	0	0.95
MAR08677	23	7	30	3.7356731	3.8233845	-0.0877113999	1.800853e-02	3.380118e-03	0.0355788375	24.013889	-2.465269	0.0212247258	-1.611403e-01	-1.428254e-02	two.sided	0	0.95
MAR08698	23	7	30	2.9870950	3.0963965	-0.1093014499	1.402945e-02	6.374919e-04	0.0264772836	26.863978	-4.128122	0.0003175962	-1.636412e-01	-5.496168e-02	two.sided	0	0.95
MAR08699	23	7	30	2.9870950	3.0963965	-0.1093014499	1.402945e-02	6.374919e-04	0.0264772836	26.863978	-4.128122	0.0003175962	-1.636412e-01	-5.496168e-02	two.sided	0	0.95
MAR08958	23	7	30	8.2155526	8.2137436	 0.0018089592	4.985687e-06	1.786061e-06	0.0006869647	17.149615	 2.633264	0.0173476086	 3.605529e-04	 3.257365e-03	two.sided	0	0.95
MAR08993	23	7	30	8.2155526	8.2137436	 0.0018089592	4.985687e-06	1.786061e-06	0.0006869647	17.149615	 2.633264	0.0173476086	 3.605529e-04	 3.257365e-03	two.sided	0	0.95
MAR08994	23	7	30	8.2155526	8.2137436	 0.0018089592	4.985687e-06	1.786061e-06	0.0006869647	17.149615	 2.633264	0.0173476086	 3.605529e-04	 3.257365e-03	two.sided	0	0.95
MAR09036	23	7	30	8.2562635	8.2733982	-0.0171346601	7.981574e-04	1.585802e-04	0.0075734281	23.452434	-2.262471	0.0332262210	-3.278478e-02	-1.484537e-03	two.sided	0	0.95
MAR09076	23	7	30	8.7783363	8.7785715	-0.0002351599	8.518157e-08	4.880106e-08	0.0001033205	13.062691	-2.276023	0.0403257822	-4.582614e-04	-1.205835e-05	two.sided	0	0.95
MAR09172	23	7	30	8.2736025	8.2810785	-0.0074760329	1.619501e-04	1.924571e-05	0.0031290091	27.282747	-2.389265	0.0240523434	-1.389312e-02	-1.058948e-03	two.sided	0	0.95
MAR09242	23	7	30	8.4992940	8.5118634	-0.0125693103	4.854352e-04	4.301729e-05	0.0052202688	27.979077	-2.407790	0.0228892066	-2.326291e-02	-1.875714e-03	two.sided	0	0.95
MAR09258	23	7	30	8.2743736	8.2815050	-0.0071314198	1.567470e-04	1.899250e-05	0.0030867943	27.197851	-2.310300	0.0286898201	-1.346284e-02	-7.999962e-04	two.sided	0	0.95
MAR09283	23	7	30	8.1673012	8.1345360	 0.0327652485	3.594398e-03	5.838979e-04	0.0154819945	25.311858	 2.116345	0.0443176752	 8.993920e-04	 6.463111e-02	two.sided	0	0.95
MAR09284	23	7	30	8.1704682	8.1375006	 0.0329676544	3.210544e-03	5.417249e-04	0.0147301775	24.990884	 2.238103	0.0343648449	 2.629725e-03	 6.330558e-02	two.sided	0	0.95
MAR09404	23	7	30	6.5932856	6.6158349	-0.0225492898	6.212643e-04	2.992026e-04	0.0083519290	14.410042	-2.699890	0.0169181090	-4.041469e-02	-4.683886e-03	two.sided	0	0.95
MAR09808	23	7	30	8.3956080	8.4060617	-0.0104537101	1.389380e-04	5.221239e-05	0.0036741931	16.671633	-2.845172	0.0113472937	-1.821723e-02	-2.690193e-03	two.sided	0	0.95
MAR09809	23	7	30	8.2768359	8.2891674	-0.0123315425	3.442679e-04	3.846526e-05	0.0045236277	27.519024	-2.726029	0.0110184687	-2.160508e-02	-3.058009e-03	two.sided	0	0.95
MAR09811	23	7	30	8.2796285	8.2891674	-0.0095389779	1.953189e-04	3.846526e-05	0.0037399417	23.541161	-2.550569	0.0176980796	-1.726581e-02	-1.812148e-03	two.sided	0	0.95
MAR09815	23	7	30	8.2768359	8.2891674	-0.0123315425	3.442679e-04	3.846526e-05	0.0045236277	27.519024	-2.726029	0.0110184687	-2.160508e-02	-3.058009e-03	two.sided	0	0.95
MAR09869	23	7	30	3.2800588	3.1890066	 0.0910521987	6.347000e-03	3.004580e-03	0.0265552678	14.554351	 3.428781	0.0038755317	 3.429966e-02	 1.478047e-01	two.sided	0	0.95
MAR09872	23	7	30	3.2736098	3.1796219	 0.0939879522	7.417472e-03	2.970045e-03	0.0273274752	16.057378	 3.439321	0.0033538819	 3.607311e-02	 1.519028e-01	two.sided	0	0.95
MAR09876	23	7	30	3.3107361	3.1892611	 0.1214749795	1.073429e-02	3.433583e-03	0.0309389746	18.325018	 3.926277	0.0009612562	 5.655714e-02	 1.863928e-01	two.sided	0	0.95
MAR09887	23	7	30	3.4280749	3.3326959	 0.0953789468	8.183371e-03	4.687575e-03	0.0320226851	13.063813	 2.978481	0.0106226447	 2.623248e-02	 1.645254e-01	two.sided	0	0.95
MAR09888	23	7	30	2.3814573	2.3466782	 0.0347790688	1.014812e-03	6.417814e-04	0.0116535550	12.382453	 2.984417	0.0110506819	 9.474861e-03	 6.008328e-02	two.sided	0	0.95
MAR09891	23	7	30	3.4280749	3.3326959	 0.0953789468	8.183371e-03	4.687575e-03	0.0320226851	13.063813	 2.978481	0.0106226447	 2.623248e-02	 1.645254e-01	two.sided	0	0.95
MAR09892	23	7	30	3.4280749	3.3326959	 0.0953789468	8.183371e-03	4.687575e-03	0.0320226851	13.063813	 2.978481	0.0106226447	 2.623248e-02	 1.645254e-01	two.sided	0	0.95
MAR09895	23	7	30	3.4280749	3.3326959	 0.0953789468	8.183371e-03	4.687575e-03	0.0320226851	13.063813	 2.978481	0.0106226447	 2.623248e-02	 1.645254e-01	two.sided	0	0.95
MAR09898	23	7	30	3.4311894	3.3357676	 0.0954218283	8.255083e-03	4.868593e-03	0.0324719869	12.856615	 2.938589	0.0116382754	 2.519075e-02	 1.656529e-01	two.sided	0	0.95
MAR09904	23	7	30	3.2800588	3.1890066	 0.0910521987	6.347000e-03	3.004580e-03	0.0265552678	14.554351	 3.428781	0.0038755317	 3.429966e-02	 1.478047e-01	two.sided	0	0.95
MAR09907	23	7	30	3.4311894	3.3357676	 0.0954218283	8.255083e-03	4.868593e-03	0.0324719869	12.856615	 2.938589	0.0116382754	 2.519075e-02	 1.656529e-01	two.sided	0	0.95
MAR09908	23	7	30	3.4311894	3.3357676	 0.0954218283	8.255083e-03	4.868593e-03	0.0324719869	12.856615	 2.938589	0.0116382754	 2.519075e-02	 1.656529e-01	two.sided	0	0.95
MAR09909	23	7	30	3.4280749	3.3326959	 0.0953789468	8.183371e-03	4.687575e-03	0.0320226851	13.063813	 2.978481	0.0106226447	 2.623248e-02	 1.645254e-01	two.sided	0	0.95
MAR09912	23	7	30	3.0001580	3.0243126	-0.0241545292	1.472261e-03	4.609641e-04	0.0113957603	18.552882	-2.119607	0.0477652265	-4.804509e-02	-2.639639e-04	two.sided	0	0.95
MAR09913	23	7	30	3.1629045	3.1862368	-0.0233323756	1.742765e-03	3.321053e-04	0.0111002715	23.866682	-2.101964	0.0462945573	-4.624898e-02	-4.157670e-04	two.sided	0	0.95
MAR09914	23	7	30	3.1629045	3.1862368	-0.0233323756	1.742765e-03	3.321053e-04	0.0111002715	23.866682	-2.101964	0.0462945573	-4.624898e-02	-4.157670e-04	two.sided	0	0.95
MAR09915	23	7	30	3.1629045	3.1862368	-0.0233323756	1.742765e-03	3.321053e-04	0.0111002715	23.866682	-2.101964	0.0462945573	-4.624898e-02	-4.157670e-04	two.sided	0	0.95
MAR09916	23	7	30	3.1629045	3.1862368	-0.0233323756	1.742765e-03	3.321053e-04	0.0111002715	23.866682	-2.101964	0.0462945573	-4.624898e-02	-4.157670e-04	two.sided	0	0.95
MAR09917	23	7	30	3.1629045	3.1862368	-0.0233323756	1.742765e-03	3.321053e-04	0.0111002715	23.866682	-2.101964	0.0462945573	-4.624898e-02	-4.157670e-04	two.sided	0	0.95
MAR09918	23	7	30	3.1629045	3.1862368	-0.0233323756	1.742765e-03	3.321053e-04	0.0111002715	23.866682	-2.101964	0.0462945573	-4.624898e-02	-4.157670e-04	two.sided	0	0.95
MAR09920	23	7	30	8.5552438	8.5661218	-0.0108779510	2.983834e-04	4.245088e-05	0.0043632100	26.301790	-2.493107	0.0192746128	-1.984165e-02	-1.914250e-03	two.sided	0	0.95
MAR10001	23	7	30	8.0885706	8.0938165	-0.0052458887	5.865126e-05	7.666319e-06	0.0019092520	26.817643	-2.747615	0.0105980377	-9.164597e-03	-1.327180e-03	two.sided	0	0.95
MAR10160	23	7	30	8.4627017	8.4235673	 0.0391343466	6.108269e-04	6.609785e-04	0.0109992357	 9.641684	 3.557915	0.0055049071	 1.450250e-02	 6.376619e-02	two.sided	0	0.95
MAR10200	23	7	30	8.0885706	8.0938165	-0.0052458887	5.865126e-05	7.666319e-06	0.0019092520	26.817643	-2.747615	0.0105980377	-9.164597e-03	-1.327180e-03	two.sided	0	0.95
MAR10223	23	7	30	8.4627017	8.4235673	 0.0391343466	6.108269e-04	6.609785e-04	0.0109992357	 9.641684	 3.557915	0.0055049071	 1.450250e-02	 6.376619e-02	two.sided	0	0.95
MAR10240	23	7	30	8.0885706	8.0938165	-0.0052458887	5.865126e-05	7.666319e-06	0.0019092520	26.817643	-2.747615	0.0105980377	-9.164597e-03	-1.327180e-03	two.sided	0	0.95
MAR10246	23	7	30	7.8999979	7.9036741	-0.0036761948	5.584236e-05	3.642770e-06	0.0017170686	27.764624	-2.140971	0.0412006568	-7.194794e-03	-1.575954e-04	two.sided	0	0.95
MAR10264	23	7	30	8.3605218	8.3223411	 0.0381806855	5.310358e-04	5.152883e-04	0.0098336730	10.083503	 3.882647	0.0029987372	 1.629447e-02	 6.006690e-02	two.sided	0	0.95
MAR10321	23	7	30	8.0885706	8.0938165	-0.0052458887	5.865126e-05	7.666319e-06	0.0019092520	26.817643	-2.747615	0.0105980377	-9.164597e-03	-1.327180e-03	two.sided	0	0.95
MAR10339	23	7	30	8.0885706	8.0938165	-0.0052458887	5.865126e-05	7.666319e-06	0.0019092520	26.817643	-2.747615	0.0105980377	-9.164597e-03	-1.327180e-03	two.sided	0	0.95
MAR10367	23	7	30	3.1629045	3.1862368	-0.0233323756	1.742765e-03	3.321053e-04	0.0111002715	23.866682	-2.101964	0.0462945573	-4.624898e-02	-4.157670e-04	two.sided	0	0.95
MAR10390	23	7	30	8.3605218	8.3223411	 0.0381806855	5.310358e-04	5.152883e-04	0.0098336730	10.083503	 3.882647	0.0029987372	 1.629447e-02	 6.006690e-02	two.sided	0	0.95
MAR10399	23	7	30	8.0885706	8.0938165	-0.0052458887	5.865126e-05	7.666319e-06	0.0019092520	26.817643	-2.747615	0.0105980377	-9.164597e-03	-1.327180e-03	two.sided	0	0.95
MAR10400	23	7	30	8.0885706	8.0938165	-0.0052458887	5.865126e-05	7.666319e-06	0.0019092520	26.817643	-2.747615	0.0105980377	-9.164597e-03	-1.327180e-03	two.sided	0	0.95
MAR10434	23	7	30	8.2904906	8.2987867	-0.0082960509	1.218464e-04	5.772532e-06	0.0024743319	26.984729	-3.352845	0.0023807401	-1.337310e-02	-3.219007e-03	two.sided	0	0.95
MAR10442	23	7	30	8.2904906	8.2987867	-0.0082960509	1.218464e-04	5.772532e-06	0.0024743319	26.984729	-3.352845	0.0023807401	-1.337310e-02	-3.219007e-03	two.sided	0	0.95
MAR10483	23	7	30	8.4689093	8.4991535	-0.0302441677	1.070813e-03	3.110179e-05	0.0071414437	25.546340	-4.235021	0.0002604684	-4.493631e-02	-1.555202e-02	two.sided	0	0.95
MAR10492	23	7	30	8.4689093	8.4991535	-0.0302441677	1.070813e-03	3.110179e-05	0.0071414437	25.546340	-4.235021	0.0002604684	-4.493631e-02	-1.555202e-02	two.sided	0	0.95
MAR11250	23	7	30	3.0001580	3.0243126	-0.0241545292	1.472261e-03	4.609641e-04	0.0113957603	18.552882	-2.119607	0.0477652265	-4.804509e-02	-2.639639e-04	two.sided	0	0.95
MAR11270	23	7	30	3.1629045	3.1862368	-0.0233323756	1.742765e-03	3.321053e-04	0.0111002715	23.866682	-2.101964	0.0462945573	-4.624898e-02	-4.157670e-04	two.sided	0	0.95
MAR11272	23	7	30	3.1629045	3.1862368	-0.0233323756	1.742765e-03	3.321053e-04	0.0111002715	23.866682	-2.101964	0.0462945573	-4.624898e-02	-4.157670e-04	two.sided	0	0.95
MAR11274	23	7	30	3.1629045	3.1862368	-0.0233323756	1.742765e-03	3.321053e-04	0.0111002715	23.866682	-2.101964	0.0462945573	-4.624898e-02	-4.157670e-04	two.sided	0	0.95
MAR11275	23	7	30	3.1629045	3.1862368	-0.0233323756	1.742765e-03	3.321053e-04	0.0111002715	23.866682	-2.101964	0.0462945573	-4.624898e-02	-4.157670e-04	two.sided	0	0.95
MAR11276	23	7	30	3.1629045	3.1862368	-0.0233323756	1.742765e-03	3.321053e-04	0.0111002715	23.866682	-2.101964	0.0462945573	-4.624898e-02	-4.157670e-04	two.sided	0	0.95
MAR11277	23	7	30	3.1629045	3.1862368	-0.0233323756	1.742765e-03	3.321053e-04	0.0111002715	23.866682	-2.101964	0.0462945573	-4.624898e-02	-4.157670e-04	two.sided	0	0.95
MAR11292	23	7	30	8.6272280	8.6340688	-0.0068407766	1.652744e-04	1.582213e-05	0.0030734587	27.896467	-2.225758	0.0342887813	-1.313752e-02	-5.440290e-04	two.sided	0	0.95
MAR11293	23	7	30	8.6272280	8.6340688	-0.0068407766	1.652744e-04	1.582213e-05	0.0030734587	27.896467	-2.225758	0.0342887813	-1.313752e-02	-5.440290e-04	two.sided	0	0.95
MAR11303	23	7	30	3.1583030	3.1914608	-0.0331577809	2.134719e-03	1.744899e-04	0.0108508534	27.998898	-3.055776	0.0048912088	-5.538479e-02	-1.093078e-02	two.sided	0	0.95
MAR11337	23	7	30	6.9568942	6.9688435	-0.0119492511	2.164612e-04	5.013451e-05	0.0040710476	21.842722	-2.935178	0.0076973000	-2.039561e-02	-3.502889e-03	two.sided	0	0.95
MAR11443	23	7	30	1.5482009	1.6002911	-0.0520901750	6.409937e-03	1.534140e-03	0.0223126814	21.486121	-2.334555	0.0293370305	-9.842809e-02	-5.752255e-03	two.sided	0	0.95
MAR11896	23	7	30	6.3741074	6.3917385	-0.0176311407	3.775832e-04	2.197124e-04	0.0069140544	12.951477	-2.550044	0.0242474138	-3.257374e-02	-2.688544e-03	two.sided	0	0.95
MAR11897	23	7	30	6.3741074	6.3917385	-0.0176311407	3.775832e-04	2.197124e-04	0.0069140544	12.951477	-2.550044	0.0242474138	-3.257374e-02	-2.688544e-03	two.sided	0	0.95
MAR11930	23	7	30	7.9808756	7.9887823	-0.0079066633	2.034750e-04	3.923426e-05	0.0038015302	23.751012	-2.079863	0.0485043906	-1.575699e-02	-5.633566e-05	two.sided	0	0.95
MAR11958	23	7	30	8.3123042	8.3158256	-0.0035214501	3.680330e-05	8.120436e-06	0.0016613867	22.363631	-2.119585	0.0453690322	-6.963710e-03	-7.919039e-05	two.sided	0	0.95
MAR11959	23	7	30	8.3123042	8.3158256	-0.0035214501	3.680330e-05	8.120436e-06	0.0016613867	22.363631	-2.119585	0.0453690322	-6.963710e-03	-7.919039e-05	two.sided	0	0.95
MAR12460	23	7	30	2.6682556	2.6376917	 0.0305638434	2.868668e-03	3.379981e-04	0.0131533312	27.318585	 2.323658	0.0278210798	 3.590156e-03	 5.753753e-02	two.sided	0	0.95
MAR12705	23	7	30	7.9819027	7.9887979	-0.0068952452	6.382268e-05	2.933705e-06	0.0017871765	26.897570	-3.858178	0.0006464881	-1.056288e-02	-3.227608e-03	two.sided	0	0.95
MAR12706	23	7	30	7.9819027	7.9887979	-0.0068952452	6.382268e-05	2.933705e-06	0.0017871765	26.897570	-3.858178	0.0006464881	-1.056288e-02	-3.227608e-03	two.sided	0	0.95
MAR12713	23	7	30	7.6808902	7.6708190	 0.0100711831	3.118985e-04	5.671600e-05	0.0046543626	24.315448	 2.163816	0.0405170872	 4.716415e-04	 1.967072e-02	two.sided	0	0.95
MAR12714	23	7	30	7.6808902	7.6708190	 0.0100711831	3.118985e-04	5.671600e-05	0.0046543626	24.315448	 2.163816	0.0405170872	 4.716415e-04	 1.967072e-02	two.sided	0	0.95
MAR12859	23	7	30	7.6808902	7.6708190	 0.0100711831	3.118985e-04	5.671600e-05	0.0046543626	24.315448	 2.163816	0.0405170872	 4.716415e-04	 1.967072e-02	two.sided	0	0.95
MAR12860	23	7	30	7.6808902	7.6708190	 0.0100711831	3.118985e-04	5.671600e-05	0.0046543626	24.315448	 2.163816	0.0405170872	 4.716415e-04	 1.967072e-02	two.sided	0	0.95
MAR12986	23	7	30	7.6808902	7.6708190	 0.0100711831	3.118985e-04	5.671600e-05	0.0046543626	24.315448	 2.163816	0.0405170872	 4.716415e-04	 1.967072e-02	two.sided	0	0.95
MAR12987	23	7	30	7.6808902	7.6708190	 0.0100711831	3.118985e-04	5.671600e-05	0.0046543626	24.315448	 2.163816	0.0405170872	 4.716415e-04	 1.967072e-02	two.sided	0	0.95
MAR13041	23	7	30	8.0858921	8.0919543	-0.0060622245	1.005620e-04	4.239560e-06	0.0022311233	26.642597	-2.717118	0.0114250689	-1.064299e-02	-1.481462e-03	two.sided	0	0.95
MAR13052	23	7	30	8.2904906	8.2987867	-0.0082960509	1.218464e-04	5.772532e-06	0.0024743319	26.984729	-3.352845	0.0023807401	-1.337310e-02	-3.219007e-03	two.sided	0	0.95
