tf	target	mor	likelihood	state
1	ABCC8	ID4	0.993092792794823	1	activation
2	ABCC8	SYNC	0.407459841378534	1	activation
3	ABCC8	SNORD115-8	0.960688317566403	1	activation
4	ADCYAP1	CEACAM5	0.981475508443275	1	activation
5	ADCYAP1	PPP1R14C	-0.395394387426766	1	inhibition
6	ADCYAP1	EYA1	0.656848688946704	1	activation
7	ADCYAP1	CAPN12	0.280805745077061	1	activation
8	ADCYAP1	SLC10A5	0.364514434234139	1	activation
9	ADCYAP1	ADAM3A	0.899889664373048	1	activation
10	ADRA2C	SNORA19	-0.153028238122888	1	inhibition
11	ADRA2C	TRIM4	0.457661977394449	1	activation
12	ADRA2C	PLAT	-0.105235613604974	1	inhibition
13	ADRA2C	NACA	0.339737749910206	1	activation
14	ADRA2C	ANKRD35	-0.186614760718372	1	inhibition
15	ADRA2C	LINGO4	-0.0924809672152652	1	inhibition
16	ADRA2C	MMP28	-0.246514865818019	1	inhibition
17	ADRA2C	LHFPL1	-0.250441800232889	1	inhibition
18	ADRA2C	GUCY2D	0.600057292555279	1	activation
19	ADRA2C	CSMD2	0.223685510119372	1	activation
20	AFF3	AGBL4	0.99019453417102	1	activation
21	AFF3	JAG1	-0.903030332407778	1	inhibition
22	AFF3	NR5A2	0.841472737298438	1	activation
23	AFF3	GPS2	0.955302657837113	1	activation
24	AFF3	RGS22	0.926470086572212	1	activation
25	AFF3	FAM111B	0.656848688946704	1	activation
26	AFF3	HOMER2	0.799920263037804	1	activation
27	AHRR	ACR	-0.0612286550531032	1	inhibition
28	AHRR	ESPNL	-0.653322323647923	1	inhibition
29	AHRR	TEAD1	-0.575210312442801	1	inhibition
30	AHRR	LIN7A	-0.549877371202531	1	inhibition
31	ALMS1	TTC21B	0.998152949994198	1	activation
32	ALMS1	DNAH7	0.995938201232673	1	activation
33	ALMS1	TAS2R50	0.953614716816621	1	activation
34	ALMS1	PRH2	0.984745793759442	1	activation
35	ALMS1	SLC12A6	0.422899525082013	1	activation
36	ANG	TANC1	-0.925955465262182	1	inhibition
37	ANG	KCNB2	0.839454214132225	1	activation
38	ANG	CABP7	0.887585531245212	1	activation
39	ANGPTL4	CACNA2D1	-0.0970239628752737	1	inhibition
40	ANGPTL4	LBP	-0.679825438169605	1	inhibition
41	ANGPTL4	ASIP	0.736977213440256	1	activation
42	ANGPTL4	PRAMEF10	0.286322986724771	1	activation
43	APBB2	P4HA2	0.968049415938383	1	activation
44	APBB2	MT1L	0.620033634155861	1	activation
45	APBB2	DNAH3	-0.232429006207618	1	inhibition
46	APBB2	A2M	-0.100379609418822	1	inhibition
47	APBB2	ASPG	0.79595272274538	1	activation
48	APBB2	PWP2	0.222897006743215	1	activation
49	APBB2	GPR176	0.45426904083853	1	activation
50	ARHGAP42	SLC14A1	0.938623942385158	1	activation
51	ARHGAP42	EYA1	-0.13497149103667	1	inhibition
52	ARHGAP42	SLC6A11	0.554826657131543	1	activation
53	ARHGAP42	MARVELD3	-0.251758777424722	1	inhibition
54	ARHGAP42	CAMK2A	0.890138122040134	1	activation
55	ARHGAP42	NPFFR2	-0.0733734290314015	1	inhibition
56	ARHGAP42	AMOTL1	0.703202880461266	1	activation
57	ARHGAP42	FRMD6	-0.576777013919772	1	inhibition
58	ARHGEF15	SEMA5A	-0.448953636954105	1	inhibition
59	ARHGEF15	FAM107A	-0.187707059808599	1	inhibition
60	ARHGEF15	SYPL2	0.322702696838723	1	activation
61	ARHGEF15	TNFRSF13C	-0.640353692761981	1	inhibition
62	ARTN	ABCG2	0.229258481308344	1	activation
63	ARTN	NLGN1	0.969263017581515	1	activation
64	ARTN	GLB1	0.259385222545596	1	activation
65	ARTN	HBA1	0.46900729894716	1	activation
66	ARTN	BCL2L1	-0.727740041942879	1	inhibition
67	ARTN	VPREB1	0.591091875059778	1	activation
68	ASCL3	ESPNL	-0.672970138498237	1	inhibition
69	ASCL3	PPP1R1A	0.881804611310392	1	activation
70	ASIP	ANGPTL4	0.736977213440256	1	activation
71	ASIP	SNORD115-8	0.994186975627822	1	activation
72	ASIP	FOXE1	0.972040858325171	1	activation
73	ASIP	B3GAT2	0.234924801296299	1	activation
74	ASIP	KCNJ14	0.823358492884999	1	activation
75	ATG10	CRB1	-0.764987279085969	1	inhibition
76	ATG10	RSPO3	-0.866355444551267	1	inhibition
77	ATG10	NR4A3	-0.703767311387516	1	inhibition
78	ATG10	ITGB6	0.948212851683286	1	activation
79	ATP8B1	KCTD4	0.997892128097814	1	activation
80	ATP8B1	EYS	0.999671727971819	1	activation
81	ATP8B1	DNAH7	0.9966056707026	1	activation
82	ATP8B1	OMD	0.991391876032601	1	activation
83	ATP8B1	TAS2R46	0.31484372598478	1	activation
84	ATP8B1	LRRC18	0.90805668749689	1	activation
85	ATP8B1	TAS2R31	0.998337266156774	1	activation
86	ATP8B1	ZNF398	0.918882568415129	1	activation
87	ATP8B1	OGN	0.997710142114873	1	activation
88	ATP8B1	ARG2	-0.567345947107454	1	inhibition
89	ATP8B1	DLGAP2	0.916077423630161	1	activation
90	ATP8B1	OR1J2	0.934448781877787	1	activation
91	ATP8B1	ANGPTL4	0.996930983260362	1	activation
92	ATP8B1	ACTA1	0.640771823898522	1	activation
93	ATP8B1	MTUS2	0.330663552016804	1	activation
94	BCAR1	BEND7	-0.129051781510191	1	inhibition
95	BCAR1	CSF1	0.775343903723194	1	activation
96	BCAR1	MYCT1	0.929333494550107	1	activation
97	BCAR1	IL2RB	0.753475197873996	1	activation
98	BCL2L1	ATP7B	-0.0754955777358679	1	inhibition
99	BCL2L1	ATP6V1G2	0.522775029839949	1	activation
100	BCL2L1	HSD17B8	0.844135203442054	1	activation
101	BCL2L1	SULT2A1	0.420682707443217	1	activation
102	BCL2L1	ARTN	-0.727740041942879	1	inhibition
103	BCL6B	CACNA1H	-0.727740041942879	1	inhibition
104	BCL6B	ADAMTS4	0.284476819506289	1	activation
105	BCL6B	GNAI1	-0.787272197655562	1	inhibition
106	BCL6B	SYNC	-0.071302158956809	1	inhibition
107	BCL6B	DCN	0.842808094234135	1	activation
108	BCL6B	ITGAE	-0.895529691176055	1	inhibition
109	BCL6B	MPDZ	0.83328683454595	1	activation
110	BCL6B	ZNF311	-0.202305062795494	1	inhibition
111	BCL6B	DEFA1B	0.998439467336129	1	activation
112	BCL6B	TPPP2	-0.898267208037426	1	inhibition
113	BCL6B	KCNF1	-0.514388440775469	1	inhibition
114	BCL6B	CA7	0.406364272714139	1	activation
115	BCL6B	RAB3IP	0.456530413646586	1	activation
116	BCL6B	OLFML2B	0.861250505107086	1	activation
117	BCL6B	CKMT1A	0.321714697470324	1	activation
118	BMP6	RAET1G	-0.298796384070308	1	inhibition
119	BMX	SYDE2	0.986462629790466	1	activation
120	BMX	PRKAG3	0.637523816758027	1	activation
121	BMX	GJB7	-0.476807870684952	1	inhibition
122	C9	LRCH2	-0.22127777087414	1	inhibition
123	C9	CSMD2	0.919276866880473	1	activation
124	C9	OR3A2	0.245694436727888	1	activation
125	CAMK2A	JAKMIP3	-0.0754955777358679	1	inhibition
126	CAMK2A	SCG5	0.287248715528446	1	activation
127	CAMK2A	F13A1	0.63860764194096	1	activation
128	CAMK2A	CSMD3	0.888612155652924	1	activation
129	CAMK2A	CARD17	-0.176981553273266	1	inhibition
130	CAMK2A	KIF26B	0.627719078010247	1	activation
131	CAMK2A	NAV3	-0.772605358524843	1	inhibition
132	CAMK2A	CCL2	0.681947970840585	1	activation
133	CAMK2A	PANK1	0.824801826908824	1	activation
134	CAMK2A	ARHGAP42	0.890138122040134	1	activation
135	CAMK2A	TTC39B	0.589967857240436	1	activation
136	CAMK2A	RGS7	-0.352783810273194	1	inhibition
137	CAMK2A	ZNF469	-0.825942530949061	1	inhibition
138	CAMK2A	SLC4A1	0.719877399094475	1	activation
139	CAMK2A	SLC1A1	0.450881523224985	1	activation
140	CAMK2A	CDC42BPB	-0.941518249096528	1	inhibition
141	CAMK2A	LDLRAP1	-0.388994155024994	1	inhibition
142	CAMK2A	CES3	0.879645466688214	1	activation
143	CAMK2A	FAM90A1	0.985882878942639	1	activation
144	CAMK2A	PKLR	0.269964503571961	1	activation
145	CARD9	TNFSF12-TNFSF13	0.265524363079498	1	activation
146	CARD9	VPREB1	-0.546678862892026	1	inhibition
147	CARD9	THUMPD3	0.926470086572212	1	activation
148	CARD9	PWP2	0.661087397129279	1	activation
149	CASR	DUOX2	0.284476819506289	1	activation
150	CASR	HLX	0.233296344822566	1	activation
151	CASR	CADM4	-0.905587411879844	1	inhibition
152	CASS4	CCL19	-0.782120916524922	1	inhibition
153	CASS4	CDH22	0.244854675910691	1	activation
154	CASS4	REL	-0.93252270766019	1	inhibition
155	CASS4	SLC41A1	-0.690610659324496	1	inhibition
156	CASS4	NAALADL1	-0.995164926458172	1	inhibition
157	CASS4	SNORD11B	0.320728295633318	1	activation
158	CASS4	SEZ6L	0.818241116415896	1	activation
159	CCL2	P4HA2	-0.838550454030914	1	inhibition
160	CCR3	RXFP2	0.766745230313579	1	activation
161	CCR3	GUCY1B2	0.662143739062332	1	activation
162	CCR3	VSTM2A	0.87523481612525	1	activation
163	CDC42BPB	SHISA3	-0.955230227492242	1	inhibition
164	CDC42BPB	KRT18	-0.848070081544538	1	inhibition
165	CDC42BPB	PCYT2	0.989378655515957	1	activation
166	CDC42BPB	HAS3	-0.993974273189958	1	inhibition
167	CDC42BPB	FAM89A	0.977582290798062	1	activation
168	CDC42EP5	TMEM179	0.728500724240003	1	activation
169	CDC42EP5	COL16A1	0.860033413640451	1	activation
170	CDC42EP5	CYP4A11	-0.960215933747021	1	inhibition
171	CDC42EP5	A4GALT	0.974877846074906	1	activation
172	CDC42EP5	SYNC	-0.363685938340528	1	inhibition
173	CDC42EP5	SLC1A5	-0.169734891992361	1	inhibition
174	CDC42EP5	DSCAM	-0.283115460835354	1	inhibition
175	CDC42EP5	CILP2	-0.308988449184744	1	inhibition
176	CDC42EP5	WDR5B	-0.932152023865331	1	inhibition
177	CERK	MFRP	-0.590778672360604	1	inhibition
178	CERK	FRRS1	-0.384211718853188	1	inhibition
179	CHURC1	LRRC56	0.772785371936532	1	activation
180	CHURC1	HOXA13	0.434034846470538	1	activation
181	CHURC1	PCYT2	-0.942161228366864	1	inhibition
182	CHURC1	SNORD63	0.969602129203356	1	activation
183	CLDN4	KIAA0087	0.567353473010626	1	activation
184	CLDN4	SLC38A7	0.929684713730762	1	activation
185	CLDN4	LRRN3	0.283556388191922	1	activation
186	CLDN4	NR2E3	0.885509805879984	1	activation
187	CLDN4	GSTM3	-0.60458947315519	1	inhibition
188	CLDN4	UGT8	0.912353234533201	1	activation
189	CLDN4	CDC26	0.98836024015486	1	activation
190	CLDN4	MASP1	0.813021506076727	1	activation
191	CNGB3	CLEC4GP1	0.229258481308344	1	activation
192	CNGB3	VCY	-0.196603112642891	1	inhibition
193	CNGB3	SCYL1	-0.161715912446001	1	inhibition
194	CNKSR2	GPA33	0.990254849034487	1	activation
195	CNKSR3	ELN	0.98419338119141	1	activation
196	CNKSR3	OR3A2	-0.888096132114345	1	inhibition
197	CNKSR3	TANC1	0.725642404486705	1	activation
198	CNKSR3	SIM2	-0.977147559225617	1	inhibition
199	CNKSR3	CLIP3	0.955774946958465	1	activation
200	CNKSR3	USP1	0.694179348351349	1	activation
201	CNTF	UCP3	0.663198729720262	1	activation
202	CNTF	KCNC1	0.964730773294101	1	activation
203	CNTF	CST8	0.290969180406464	1	activation
204	CNTF	MYC	-0.184443321562072	1	inhibition
205	CNTF	SNORD87	0.291903665377449	1	activation
206	CNTF	SCRN2	0.881804611310392	1	activation
207	CNTNAP4	KIAA0087	0.993919813398081	1	activation
208	CNTNAP4	OR2B6	0.840801962562753	1	activation
209	CNTNAP4	LYG2	0.791123469789796	1	activation
210	CRHBP	TSPAN13	0.979196477549453	1	activation
211	CRHBP	MARVELD2	-0.331345034818805	1	inhibition
212	CRHBP	OR52N4	0.955302657837113	1	activation
213	CRHBP	TOX	0.620033634155861	1	activation
214	CRHBP	ELN	0.838098192284652	1	activation
215	CSDC2	CDH6	0.295658964838814	1	activation
216	CSDC2	AATK	0.732286409149218	1	activation
217	CSDC2	SH3PXD2B	0.476977371449714	1	activation
218	CSDC2	TMEM179	0.568489564849856	1	activation
219	CSDC2	LHFPL5	-0.935774373581825	1	inhibition
220	CSDC2	MS4A6E	0.431801206713821	1	activation
221	CSDC2	ABCA13	-0.618191558975464	1	inhibition
222	CSDC2	RSPO3	0.786220117117552	1	activation
223	CSDC2	OR3A2	-0.865662825342739	1	inhibition
224	CSDC2	SNORA19	-0.990891840619149	1	inhibition
225	CSDC2	HSPB2	-0.0728508751232288	1	inhibition
226	CSDC2	PROS1	0.950331926059885	1	activation
227	CSDC2	RPS27A	-0.444046299667053	1	inhibition
228	CSDC2	SNORD63	-0.980354479750302	1	inhibition
229	CSDC2	FRMD6	0.608971364227764	1	activation
230	CSF1	LHX6	-0.990724008129153	1	inhibition
231	CSF1	C1R	-0.0733734290314015	1	inhibition
232	CSF1	FBN1	0.515893155823301	1	activation
233	CSF1	F13A1	0.732286409149218	1	activation
234	CSF1	LONRF2	0.93986196603851	1	activation
235	CSF1	KCNE3	-0.355887053997998	1	inhibition
236	CSF1	CADM4	-0.390591744793925	1	inhibition
237	CSF1	ROR2	0.827663479026349	1	activation
238	CXXC5	C10orf95	0.370832337905828	1	activation
239	CXXC5	GRAMD1C	0.777039503592514	1	activation
240	CXXC5	CKM	0.699208697114186	1	activation
241	CXXC5	SEMA7A	-0.297353624669371	1	inhibition
242	CXXC5	CELA3A	0.379328079826783	1	activation
243	CXXC5	ANKRD35	-0.783158876524967	1	inhibition
244	DAPP1	DHRS11	0.876903310908531	1	activation
245	DAPP1	GAS5	0.578690584658153	1	activation
246	DAPP1	HSD17B8	0.616724861829192	1	activation
247	DAPP1	TRAFD1	0.440754246183313	1	activation
248	DAPP1	IGFBP6	-0.054808560105262	1	inhibition
249	DCC	PIK3R6	-0.596941460779637	1	inhibition
250	DCC	FAM90A1	0.790311380574116	1	activation
251	DCC	SNORD121A	-0.874424075143813	1	inhibition
252	DCC	FBN1	0.450881523224985	1	activation
253	DCC	PNMA5	-0.791324049327797	1	inhibition
254	DCC	SMO	0.533093606387759	1	activation
255	DCC	CRH	-0.959537488142196	1	inhibition
256	DCC	KRT14	0.475837530676762	1	activation
257	DCC	APLN	0.882339620975919	1	activation
258	DGKA	KHDRBS3	-0.96987739281563	1	inhibition
259	DIRAS3	LAPTM4B	0.87298292067547	1	activation
260	DIRAS3	KHDRBS3	0.667405009447873	1	activation
261	DIRAS3	PSKH2	0.829787843752638	1	activation
262	DMRTC2	TAS2R38	0.742544784993821	1	activation
263	DMRTC2	SLC7A3	0.322702696838723	1	activation
264	DMRTC2	PPFIA2	0.952123870921756	1	activation
265	DMRTC2	KCNF1	0.995275761771595	1	activation
266	DMRTC2	RAET1G	0.901290263332056	1	activation
267	DPF1	SLC9A5	-0.25440464717634	1	inhibition
268	DPF1	WNT2B	-0.668815471620246	1	inhibition
269	DPF1	NPC1	-0.990202876818966	1	inhibition
270	DPF1	A4GALT	-0.910034607021682	1	inhibition
271	DPF1	FGF17	0.333674565566364	1	activation
272	DPF1	NTN1	0.997012706528248	1	activation
273	DPF1	ZNF48	-0.355887053997998	1	inhibition
274	DPF1	ANGPTL4	0.883403931049546	1	activation
275	DPF1	ITGB6	0.660029712504192	1	activation
276	DPF1	IDO2	-0.142885621957876	1	inhibition
277	DPF1	SIX4	-0.0749602238492946	1	inhibition
278	DPF1	ZNF75A	0.758836220027407	1	activation
279	DPF1	ANG	0.944602174232082	1	activation
280	DUOX2	GTF2IRD1	0.620033634155861	1	activation
281	DUOX2	GPR176	0.903132994022857	1	activation
282	DUOX2	CASR	0.284476819506289	1	activation
283	DUOX2	CAMK2N2	-0.376277385432009	1	inhibition
284	DUOX2	P4HA2	0.934448781877787	1	activation
285	DUOX2	IDO1	0.275352687733967	1	activation
286	DUOX2	PSD3	-0.403429713082128	1	inhibition
287	ECM1	NUDT4	-0.898806801605948	1	inhibition
288	ECM1	DNAJC6	-0.893291609646854	1	inhibition
289	ECM1	SNORD116-11	0.825520366327532	1	activation
290	ECM1	FSTL4	0.801492773085276	1	activation
291	ECM1	DLGAP1	0.734168268223972	1	activation
292	ECT2	HOXA13	0.998876387398572	1	activation
293	EDA	PAWR	0.474698091692711	1	activation
294	EDA	SYDE2	0.958739588579876	1	activation
295	EDA	PRR5-ARHGAP8	-0.931028482918681	1	inhibition
296	EDA	SNORD115-37	0.90805668749689	1	activation
297	EEF1D	GALNT4	-0.138446518225683	1	inhibition
298	EEF1D	RPL11	-0.263788762288484	1	inhibition
299	EEF1D	ZDHHC13	-0.936476688799666	1	inhibition
300	EEF1D	OR13D1	-0.0881148687671104	1	inhibition
301	EEF1D	TFAP2D	-0.640353692761981	1	inhibition
302	EEF1D	CXCL13	-0.381032364880998	1	inhibition
303	EEF1D	IGFBP6	-0.965069608172626	1	inhibition
304	ELL3	ITGB6	-0.343533082389411	1	inhibition
305	ELL3	MT1L	0.9778377588945	1	activation
306	ELL3	LDLRAP1	0.997301504562375	1	activation
307	ELL3	PPP1R14C	0.716971018099104	1	activation
308	ELL3	SPRED2	0.281720847563237	1	activation
309	ELL3	NBPF4	-0.616691048161572	1	inhibition
310	ELL3	SNORD115-37	0.471282292817492	1	activation
311	ELL3	PRSS3	-0.721563685925725	1	inhibition
312	ELL3	HIVEP3	-0.557844514671618	1	inhibition
313	ELL3	HLF	-0.224956976745838	1	inhibition
314	ELL3	GOLT1A	0.27807114895137	1	activation
315	ELL3	WDR5B	-0.899878159992805	1	inhibition
316	ELN	CNKSR3	0.98419338119141	1	activation
317	ELN	CALB2	0.549117110329029	1	activation
318	ELN	PCYT2	0.750768478242508	1	activation
319	ELN	HAS1	0.751672649149194	1	activation
320	ELN	PRR5-ARHGAP8	-0.0728508751232288	1	inhibition
321	ELN	LONRF2	0.310953283054942	1	activation
322	ELN	DRP2	-0.478446588852315	1	inhibition
323	ELN	CYP2J2	-0.96175717242895	1	inhibition
324	ELN	CRHBP	0.838098192284652	1	activation
325	EPHA8	CATSPER4	0.967336939967153	1	activation
326	EPHA8	PRR5-ARHGAP8	0.926833269400027	1	activation
327	EPO	OR6V1	-0.332858974304324	1	inhibition
328	EPO	SVIL	0.87184524812748	1	activation
329	EPO	NPY2R	-0.166694957050176	1	inhibition
330	EPO	MDP1	-0.990667420311951	1	inhibition
331	EPO	THOC3	-0.880188307749816	1	inhibition
332	ETV3	PKIB	0.518187169898502	1	activation
333	ETV3	ZNF398	-0.14378622004681	1	inhibition
334	ETV4	RORC	-0.625651955616525	1	inhibition
335	ETV4	FOXE1	0.983815063211274	1	activation
336	ETV4	RPTN	-0.187707059808599	1	inhibition
337	ETV4	JAG1	-0.881436662524449	1	inhibition
338	ETV4	RNASE10	-0.530596780984051	1	inhibition
339	EYA1	SLC14A1	-0.468612578065492	1	inhibition
340	EYA1	ARHGAP42	-0.13497149103667	1	inhibition
341	EYA1	C7	-0.337417413079784	1	inhibition
342	EYA1	PLOD2	0.725642404486705	1	activation
343	EYA1	PRELP	0.375070144223706	1	activation
344	EYA1	GOLGA6L9	0.931418757072557	1	activation
345	EYA1	AP4S1	-0.88511201094924	1	inhibition
346	EYA1	ADCYAP1	0.656848688946704	1	activation
347	EYA1	VWDE	0.650451566882476	1	activation
348	EYA1	GPR182	-0.145600244625853	1	inhibition
349	EYA1	TAS2R50	-0.0749602238492946	1	inhibition
350	EYA1	ACSF2	-0.245213931523762	1	inhibition
351	FCER1A	BDNF	-0.504616239276792	1	inhibition
352	FCER1A	COBLL1	0.470144568229747	1	activation
353	FCER1A	RPTN	-0.247819830869117	1	inhibition
354	FCER1A	POTEF	-0.113247874790815	1	inhibition
355	FCER1A	TMEM98	-0.335895190779841	1	inhibition
356	FCER1A	TPM2	0.264641823759388	1	activation
357	FCER1A	TUBB6	-0.0893445256792954	1	inhibition
358	FCER1A	AQP7P3	-0.338942341307325	1	inhibition
359	FCER1A	HOMER2	-0.125760544612329	1	inhibition
360	FLNB	KCNK5	-0.973599391384136	1	inhibition
361	FLNB	HRH4	0.323692288396682	1	activation
362	FLNB	C20orf27	0.323692288396682	1	activation
363	FLNB	RASL12	0.812267503788818	1	activation
364	FLNB	IL12RB2	0.94402782715662	1	activation
365	FLNB	ASPG	-0.803113331855986	1	inhibition
366	FLNB	ATP6V1G2	0.750768478242508	1	activation
367	FLNB	KRT18	-0.511134447459251	1	inhibition
368	FLRT3	BICC1	0.968574660585113	1	activation
369	FLRT3	FJX1	0.448626325719761	1	activation
370	FLRT3	DNAH6	-0.107374095926652	1	inhibition
371	FLRT3	GLYATL2	-0.902511359735487	1	inhibition
372	FLRT3	MXD3	0.944602174232082	1	activation
373	FLRT3	KIF26B	-0.922662542353964	1	inhibition
374	FOXE1	NRIP2	0.98528057942044	1	activation
375	FOXE1	GPR82	0.921992494854656	1	activation
376	FOXE1	ETV4	0.983815063211274	1	activation
377	FOXE1	BEND7	-0.313404891186603	1	inhibition
378	FOXE1	NPC1	0.226858618637239	1	activation
379	FOXE1	ASIP	0.972040858325171	1	activation
380	FOXE1	SH3BGR	-0.22743088245968	1	inhibition
381	FOXE1	TMEM106C	0.760607586502458	1	activation
382	FOXH1	LOC646813	0.254195218119373	1	activation
383	FOXH1	GSTM3	-0.759429221781403	1	inhibition
384	FOXH1	OR6V1	-0.173849511856901	1	inhibition
385	FOXH1	FAM156A	-0.619689287864711	1	inhibition
386	FOXH1	ZNF598	0.985192651368903	1	activation
387	FOXH1	RXFP2	0.977063376844004	1	activation
388	FOXI1	LHFPL5	0.988501005864321	1	activation
389	FOXI1	PNMA5	0.666355508858356	1	activation
390	FOXI1	SYNC	0.388979431808977	1	activation
391	FOXI1	FAM107A	0.911931152460278	1	activation
392	FOXI1	BCL2L1	0.589967857240436	1	activation
393	FOXI1	CHADL	0.817501716840326	1	activation
394	FOXI1	SH3BGR	-0.127397899517708	1	inhibition
395	FOXL1	CLYBL	0.812267503788818	1	activation
396	FOXL1	PLAT	0.983330598289152	1	activation
397	FOXL1	PALMD	0.828373682984024	1	activation
398	FOXL1	CELP	0.911507398530304	1	activation
399	FOXL1	CAMK2N2	-0.0983550472967794	1	inhibition
400	FOXP2	PCDHAC2	-0.733820797485523	1	inhibition
401	FOXP2	GJA3	0.840801962562753	1	activation
402	FOXP2	APLN	-0.543474057703476	1	inhibition
403	FOXP2	CAPN13	0.703202880461266	1	activation
404	FOXP2	PALMD	0.653655894222799	1	activation
405	FOXP2	CASR	0.715998725653668	1	activation
406	FOXP3	RORC	-0.417978709045112	1	inhibition
407	FOXP3	KLF9	0.966610370153939	1	activation
408	FOXP3	C15orf62	0.949546269620842	1	activation
409	FOXP3	IL2RB	0.99892407990988	1	activation
410	FOXP3	SNORD56	0.931761185609902	1	activation
411	FOXP3	LDLRAP1	-0.214034132908295	1	inhibition
412	FOXP3	WDHD1	0.39438207395158	1	activation
413	FOXP3	MYH11	-0.694595953610875	1	inhibition
414	FOXP3	SORCS3	0.747132578858435	1	activation
415	FOXP3	SLC13A5	0.970925440212537	1	activation
416	FOXR1	RAB24	-0.52250639963183	1	inhibition
417	FOXR1	CST8	-0.445681586601628	1	inhibition
418	FSTL3	GLIS2	0.595580664628067	1	activation
419	FSTL3	TMEM156	-0.057727820290611	1	inhibition
420	FSTL3	CCL11	-0.829382988760287	1	inhibition
421	FSTL3	MARVELD3	0.630997185021021	1	activation
422	FSTL3	FAM111B	-0.384211718853188	1	inhibition
423	FZD10	MFSD6	-0.0957076647429557	1	inhibition
424	FZD10	ZNF705D	-0.905587411879844	1	inhibition
425	FZD10	PHYHIP	-0.390591744793925	1	inhibition
426	FZD10	KRT14	0.856955427257868	1	activation
427	FZD10	SCN1A	-0.770448177901028	1	inhibition
428	FZD3	BICC1	0.990896211396371	1	activation
429	FZD3	KHDRBS3	0.981148740939516	1	activation
430	FZD3	BEND7	0.998325533031469	1	activation
431	FZD3	NTSR2	0.27625704342805	1	activation
432	FZD3	HSD3B7	0.945735628761611	1	activation
433	GFI1B	SEMA7A	0.981038663781728	1	activation
434	GFI1B	NUDT4	0.245694436727888	1	activation
435	GFI1B	SNORD7	0.63860764194096	1	activation
436	GFI1B	SERPING1	0.323692288396682	1	activation
437	GFI1B	GNAZ	0.285399020193061	1	activation
438	GFI1B	CRYBG3	0.60452108245799	1	activation
439	GFI1B	ZDHHC3	-0.166694957050176	1	inhibition
440	GFI1B	C10orf95	0.358244513438077	1	activation
441	GFI1B	RP2	-0.866355444551267	1	inhibition
442	GHR	C7	0.887069414605688	1	activation
443	GLIS2	C4orf3	0.463328153715064	1	activation
444	GLIS2	NTN3	0.990551349483874	1	activation
445	GLIS2	PDCD10	0.290969180406464	1	activation
446	GLIS2	CILP2	0.892644379603453	1	activation
447	GLIS2	MREG	0.417364240421368	1	activation
448	GLRA1	PPM1E	0.989508095543196	1	activation
449	GLRA1	CC2D2A	0.95716568588327	1	activation
450	GLRA1	DNAH7	0.996017957130868	1	activation
451	GLRA1	SLC36A3	0.30805279202756	1	activation
452	GLRA1	ACE2	0.371889875510989	1	activation
453	GLRA1	CYP4A11	0.992405804743529	1	activation
454	GNAI1	HOMER2	0.995516749391926	1	activation
455	GNAI1	DLGAP2	0.999717088444401	1	activation
456	GNAI1	SESN1	0.453139252455383	1	activation
457	GNAI1	SETBP1	-0.971553164995724	1	inhibition
458	GNAI1	ITGAE	-0.145600244625853	1	inhibition
459	GNAI1	VPREB1	-0.906592797965081	1	inhibition
460	GNAI1	LONRF2	-0.325317697481326	1	inhibition
461	GNAI1	APOC2	-0.358999737976831	1	inhibition
462	GNAZ	BMP8B	-0.257066308338029	1	inhibition
463	GNAZ	FSTL4	-0.135833921635825	1	inhibition
464	GNAZ	ANKS4B	-0.201155966940648	1	inhibition
465	GNAZ	GLYATL2	-0.976881292201202	1	inhibition
466	GNAZ	GIMAP7	0.796750370663942	1	activation
467	GNB5	TSPAN13	0.970762889800958	1	activation
468	GNB5	OR6C2	0.999531980850442	1	activation
469	GNB5	FSTL4	-0.0976876507372449	1	inhibition
470	GNB5	NGEF	0.934448781877787	1	activation
471	GNB5	VAPB	-0.7301838487975	1	inhibition
472	GNB5	SLC6A11	0.808466224238814	1	activation
473	GPR135	GUCY1B2	-0.226191825370293	1	inhibition
474	GPR135	DNAH7	-0.0668233792901728	1	inhibition
475	GPR135	SNORD1A	-0.237493679301066	1	inhibition
476	GPR143	LHFPL5	0.999208545068506	1	activation
477	GPR143	FKSG29	0.98510424521477	1	activation
478	GPR143	HOXA1	0.298493555387971	1	activation
479	GPR143	C11orf65	0.541111031266075	1	activation
480	GPR176	DUOX2	0.903132994022857	1	activation
481	GPR176	A4GALT	0.478117603247136	1	activation
482	GPR176	AMPH	-0.489910237710406	1	inhibition
483	GPR176	BICC1	0.88498617207252	1	activation
484	GPR176	AP4S1	-0.959764849086765	1	inhibition
485	GPR176	APBB2	0.45426904083853	1	activation
486	GPR176	GRB7	0.745303158107077	1	activation
487	GPR176	GJB6	0.642931318679818	1	activation
488	GPR179	EXD1	0.25162533653242	1	activation
489	GPR179	YTHDC2	0.799130897276535	1	activation
490	GPR179	TAS2R46	-0.118595042596334	1	inhibition
491	GPR179	HAS3	0.938623942385158	1	activation
492	GPR179	SNORA15	-0.300242501226917	1	inhibition
493	GPR179	CSMD3	-0.0687833120708915	1	inhibition
494	GPR179	RAB3IP	-0.719066517562484	1	inhibition
495	GPR182	A2M	0.455399431344072	1	activation
496	GPR19	OCM2	0.747132578858435	1	activation
497	GPR19	SLC30A2	0.294717543916172	1	activation
498	GPR19	SNORD115-37	-0.156845956544603	1	inhibition
499	GPR19	CCL11	0.428456791034732	1	activation
500	GPR19	MDP1	0.280805745077061	1	activation
501	GPR19	UGT8	-0.196603112642891	1	inhibition
502	GPR19	NAV3	0.824801826908824	1	activation
503	GPR39	TAS2R39	0.648309060949098	1	activation
504	GPR39	NOS2	0.951362908419847	1	activation
505	GPR39	ANGPTL4	0.290036439157385	1	activation
506	GPR39	RIMBP3C	-0.180153110040981	1	inhibition
507	GPR39	GFI1B	0.608971364227764	1	activation
508	GPR55	ELAC1	0.964343791157972	1	activation
509	GPR55	CKM	0.974877846074906	1	activation
510	GPR55	KLHL10	0.867215868944894	1	activation
511	GPR55	RFPL4B	0.713071435715179	1	activation
512	GPR55	NUDT4	-0.955480519037984	1	inhibition
513	GPR55	ZNF20	0.648309060949098	1	activation
514	GPR65	SLC30A2	-0.0718152534947363	1	inhibition
515	GPR82	FOXE1	0.921992494854656	1	activation
516	GPR82	MASP1	-0.401819711527829	1	inhibition
517	GPR82	OR6V1	0.463328153715064	1	activation
518	GPR82	CAPN12	0.22132573247576	1	activation
519	GPR82	CCK	-0.758305946619033	1	inhibition
520	GPR82	SEMA3C	-0.753773971932357	1	inhibition
521	GPR84	SDC3	0.962555455948421	1	activation
522	GPR84	FAM161A	-0.978435758780768	1	inhibition
523	GPR84	SMARCE1	0.997741454919224	1	activation
524	GPS2	TNIP2	0.545687570241931	1	activation
525	GPS2	SERF2	0.71404892840242	1	activation
526	GRAP2	TRIB2	0.796750370663942	1	activation
527	GRAP2	HOMER2	0.559387770370228	1	activation
528	GRB7	KSR2	0.62881285016959	1	activation
529	GRB7	MTUS2	0.229258481308344	1	activation
530	GRB7	CYP4A11	0.93986196603851	1	activation
531	GRB7	GPR176	0.745303158107077	1	activation
532	GRB7	PPM1E	0.988914008506171	1	activation
533	GRB7	HIGD1C	0.436271618734109	1	activation
534	GRB7	IL12RB2	0.715998725653668	1	activation
535	GRIK5	ZNF30	-0.775812045535896	1	inhibition
536	GRIN2B	RFPL4B	0.5582480804481	1	activation
537	GRIN2B	COL16A1	0.881267694246503	1	activation
538	GRIN2B	FBXO15	0.750768478242508	1	activation
539	GRIN2C	ZNF30	0.372948694170336	1	activation
540	GRIN2C	BAALC	0.634265518013809	1	activation
541	GRIN2C	KLHL10	0.996198444045891	1	activation
542	GRIN2C	C1orf146	0.735106434063663	1	activation
543	GRIN2C	KRT18	0.63860764194096	1	activation
544	GRIN2C	ACE2	-0.0544022098252519	1	inhibition
545	GTF2IRD1	DUOX2	0.620033634155861	1	activation
546	GTF2IRD1	TAS2R39	-0.138446518225683	1	inhibition
547	GTF2IRD1	GTSF1	-0.670203786646619	1	inhibition
548	GTF2IRD1	KIF17	-0.575210312442801	1	inhibition
549	GTF2IRD1	CDR2	-0.057727820290611	1	inhibition
550	GTF2IRD1	PCDHB10	0.30420883507011	1	activation
551	GTF2IRD2B	LDLRAP1	-0.643257651993972	1	inhibition
552	GTF2IRD2B	ANG	0.971408257178392	1	activation
553	GTF2IRD2B	ECT2	0.614514210578485	1	activation
554	GTF2IRD2B	ZBBX	0.825520366327532	1	activation
555	GTF2IRD2B	IL2RB	-0.262436527549874	1	inhibition
556	GUCY2D	SERPINF2	0.62552837310372	1	activation
557	GUCY2D	AGMAT	0.237381721985946	1	activation
558	GUCY2D	ZNF311	0.424009257599154	1	activation
559	GUCY2D	CDCP1	0.303252048649733	1	activation
560	HCRTR1	FNDC5	0.986543654499801	1	activation
561	HCRTR1	TINAGL1	-0.223726345627505	1	inhibition
562	HCRTR1	NPC1	0.921224498047144	1	activation
563	HCRTR1	B4GALT5	-0.0564605466058486	1	inhibition
564	HES5	PSD3	0.555967512665464	1	activation
565	HES5	PKIB	0.756164479454025	1	activation
566	HES5	UCP3	0.735106434063663	1	activation
567	HES5	LOC153684	0.868966688187228	1	activation
568	HES5	COL18A1	-0.103829166973905	1	inhibition
569	HES5	SULT4A1	0.542255541462475	1	activation
570	HES5	VDAC1	0.963160187503669	1	activation
571	HES5	GNAI1	0.5044258317634	1	activation
572	HES5	PLA2G2F	0.426231322696866	1	activation
573	HES5	RILP	-0.906091341060875	1	inhibition
574	HES5	KCNJ14	0.725642404486705	1	activation
575	HES5	RAET1G	0.934448781877787	1	activation
576	HHIP	GGT1	0.78539571357269	1	activation
577	HHIP	TMC6	0.941078525437551	1	activation
578	HIVEP3	VAV1	-0.990553268647849	1	inhibition
579	HIVEP3	RNF213	-0.904060690908991	1	inhibition
580	HIVEP3	SEMA4D	-0.548278919306157	1	inhibition
581	HIVEP3	C15orf62	0.368721136022172	1	activation
582	HIVEP3	MFRP	-0.991430885753608	1	inhibition
583	HIVEP3	PDE7B	0.656848688946704	1	activation
584	HIVEP3	NACA	-0.530596780984051	1	inhibition
585	HIVEP3	ELL3	-0.557844514671618	1	inhibition
586	HIVEP3	HSPB2	-0.584578166612762	1	inhibition
587	HIVEP3	TTC39B	0.420682707443217	1	activation
588	HLF	ALDH1A1	0.266408735493003	1	activation
589	HLF	DNAJC6	0.262882254553777	1	activation
590	HLF	MMP16	-0.0810291489639452	1	inhibition
591	HLF	ASPG	-0.944359507112391	1	inhibition
592	HLX	RARG	-0.859285928939606	1	inhibition
593	HLX	CASR	0.233296344822566	1	activation
594	HOMER2	GNAI1	0.995516749391926	1	activation
595	HOMER2	LIN7A	-0.995404231030962	1	inhibition
596	HOMER2	PKLR	-0.158780874544241	1	inhibition
597	HOMER2	CYP46A1	0.814523254045233	1	activation
598	HOMER2	SLC1A5	0.342789595483784	1	activation
599	HOMER2	LRRC3B	0.921992494854656	1	activation
600	HOMER2	PLXNB3	-0.086296764876519	1	inhibition
601	HOMER2	PIRT	0.227656666311791	1	activation
602	HOMER2	GRAP2	0.559387770370228	1	activation
603	HOMER2	FCER1A	-0.125760544612329	1	inhibition
604	HOXA1	BCO2	0.943156685719955	1	activation
605	HOXA1	RSPO4	0.541111031266075	1	activation
606	HOXA1	GPR143	0.298493555387971	1	activation
607	HOXA13	FAM81B	0.869546340197725	1	activation
608	HOXA13	CHURC1	0.434034846470538	1	activation
609	HOXA13	MKRN3	0.583209284583068	1	activation
610	HOXA13	ECT2	0.998876387398572	1	activation
611	HOXA13	LINGO4	0.71404892840242	1	activation
612	HOXA13	ETV3	-0.156845956544603	1	inhibition
613	HOXA13	KCNG2	0.39113708385919	1	activation
614	HRH4	FLNB	0.323692288396682	1	activation
615	HRH4	CILP2	0.876349085476957	1	activation
616	HRH4	A4GALT	0.358244513438077	1	activation
617	HRH4	C1orf146	0.406364272714139	1	activation
618	ID1	TOX	-0.997884844165949	1	inhibition
619	ID1	FUT2	-0.967372862397991	1	inhibition
620	ID1	MYOZ1	-0.693271143607491	1	inhibition
621	ID1	SNORD115-37	0.654721452381573	1	activation
622	ID1	HSPB2	-0.159754862135487	1	inhibition
623	ID1	PROS1	0.995661533875485	1	activation
624	ID1	C7	-0.56576709676887	1	inhibition
625	ID1	ID4	0.235741877840895	1	activation
626	ID1	SLC5A12	-0.277519526560486	1	inhibition
627	ID2	MYC	0.245694436727888	1	activation
628	ID2	SDC3	0.9816904931478	1	activation
629	ID2	NEAT1	-0.236221308966708	1	inhibition
630	ID2	OLIG2	0.456530413646586	1	activation
631	ID2	ANO5	-0.147431413870268	1	inhibition
632	ID2	TXNDC8	0.332669356261014	1	activation
633	ID2	SNORD1C	0.307089290183974	1	activation
634	ID2	DUSP5	-0.288768804157488	1	inhibition
635	ID2	VAV1	0.566216892578577	1	activation
636	ID2	SLC35A1	0.352024115158346	1	activation
637	ID2	NRBP2	0.369776088906904	1	activation
638	ID2	CRB1	0.519334172755217	1	activation
639	ID2	PCOTH	0.78949723454486	1	activation
640	ID4	DCN	0.418469482367311	1	activation
641	ID4	OLFML2B	0.359286102029329	1	activation
642	ID4	GPX8	0.708158278691335	1	activation
643	ID4	RARRES2	0.35409198612334	1	activation
644	ID4	ABCC8	0.993092792794823	1	activation
645	ID4	DLK1	-0.816182047496564	1	inhibition
646	ID4	APBB2	0.255917790244332	1	activation
647	ID4	FAM107A	0.997710142114873	1	activation
648	ID4	PLAT	0.488395500016485	1	activation
649	ID4	SIX4	0.999930695928856	1	activation
650	ID4	ETV3	0.996347079575401	1	activation
651	ID4	IRX3	0.708158278691335	1	activation
652	ID4	MYH11	-0.117819152552079	1	inhibition
653	ID4	SNORD11	0.592215175391194	1	activation
654	ID4	LDLRAP1	-0.598476075885644	1	inhibition
655	ID4	ISLR2	0.999463404637134	1	activation
656	ID4	TNFRSF13C	-0.348147164035992	1	inhibition
657	IGF1	FBN1	0.930729532890104	1	activation
658	IGF1	SEMA3C	0.445248454882368	1	activation
659	IGF1	C1R	-0.277519526560486	1	inhibition
660	IGF1	CSF1	0.910226064426756	1	activation
661	IGF1	MYCT1	-0.147431413870268	1	inhibition
662	IGF1	SYPL2	-0.756047733158955	1	inhibition
663	IGF1	ESAM	0.978216040801239	1	activation
664	IGF1	GNAZ	0.846764724377218	1	activation
665	IGF1	PHYHIP	-0.512761897652265	1	inhibition
666	IGF1	KCNT2	0.916483015552514	1	activation
667	IGF1	CA13	0.770208745982532	1	activation
668	IGFBP6	PCBP4	0.941678842312321	1	activation
669	IGFBP6	SH2D1B	-0.8863141599562	1	inhibition
670	IGFBP6	KLHL10	-0.263788762288484	1	inhibition
671	IGFBP6	GPA33	-0.0760341650242044	1	inhibition
672	IGFBP6	SNORD11B	-0.149279773851868	1	inhibition
673	IGFBP6	DCC	0.89412607932324	1	activation
674	IGFBP6	EEF1D	-0.965069608172626	1	inhibition
675	IL12RB2	FLNB	0.94402782715662	1	activation
676	IL12RB2	MMP20	-0.945277261226307	1	inhibition
677	IL12RB2	WDR55	0.998636280325874	1	activation
678	IL12RB2	GRB7	0.715998725653668	1	activation
679	IL2	SLC6A4	0.316798768789064	1	activation
680	IL2	SNORD115-33	0.410752560011544	1	activation
681	IL2	BCAR4	0.92083813910875	1	activation
682	IL2	CSMD2	0.739769428618441	1	activation
683	IL2	BMP8B	0.474698091692711	1	activation
684	IL2	SYDE2	-0.975505125756513	1	inhibition
685	IL2	DMBT1	0.239029146340759	1	activation
686	IL2	SDC3	-0.480085112599723	1	inhibition
687	IL2	SLAMF1	0.297546974676093	1	activation
688	IL2RB	RORC	-0.251758777424722	1	inhibition
689	IL2RB	CACNA1H	0.999184845244526	1	activation
690	IL2RB	ITGAE	-0.0845100103466345	1	inhibition
691	IL3RA	ANO3	0.858192677059603	1	activation
692	IL3RA	ODF4	0.65258905463496	1	activation
693	IL3RA	DUSP5	0.989887790992486	1	activation
694	IL3RA	SI	-0.208115613787125	1	inhibition
695	IL3RA	CYP4A11	-0.194352855756317	1	inhibition
696	IL3RA	VENTXP7	0.881804611310392	1	activation
697	IL3RA	SNHG6	0.541111031266075	1	activation
698	IL5	GNAI1	0.711111292902413	1	activation
699	IL5	SPATA9	-0.753773971932357	1	inhibition
700	IL5	GPR19	0.546831041767449	1	activation
701	IL7R	RASGRF2	-0.549877371202531	1	inhibition
702	IL7R	TMEM179	-0.215230727171061	1	inhibition
703	IL7R	IFNA2	0.873548821434307	1	activation
704	IRS2	HHIPL1	0.662143739062332	1	activation
705	IRS2	DMC1	0.874112768997374	1	activation
706	IRX3	IQCK	0.939554483193762	1	activation
707	IRX3	DHRS11	0.974877846074906	1	activation
708	IRX3	OSR2	0.630997185021021	1	activation
709	IRX3	DAPP1	0.996910230524239	1	activation
710	IRX3	RNF213	-0.756047733158955	1	inhibition
711	IRX3	C15orf62	0.916483015552514	1	activation
712	IRX3	GSDMB	0.743466135749445	1	activation
713	ITGAE	GPR55	0.983815063211274	1	activation
714	ITGAE	SIX5	0.972040858325171	1	activation
715	ITGB4	NBL1	0.492971268092329	1	activation
716	ITGB4	GDAP1	-0.851134185407785	1	inhibition
717	ITGB4	PRR15	-0.22743088245968	1	inhibition
718	ITGB4	CACNA1H	0.227656666311791	1	activation
719	ITGB4	TNN	-0.600008208878148	1	inhibition
720	ITGB4	RASL12	-0.697234659157665	1	inhibition
721	ITGB4	LOC153684	-0.153028238122888	1	inhibition
722	ITGB6	MGST1	-0.0687833120708915	1	inhibition
723	ITGB6	DHRS11	0.961110189266004	1	activation
724	ITGB6	IQCK	0.397637076542708	1	activation
725	ITGB6	TRA2A	0.438511444980872	1	activation
726	ITGB6	SNORA19	0.82117784926351	1	activation
727	JAG1	KCNK5	0.983719206501066	1	activation
728	JAG1	AFF3	-0.903030332407778	1	inhibition
729	KCNH4	FGF17	0.257647797435073	1	activation
730	KCNH4	MMP17	-0.992604812318702	1	inhibition
731	KCNH4	DMBT1	0.530801369778252	1	activation
732	KCNH4	CPSF1	0.348932952032976	1	activation
733	KCNIP1	MMP17	-0.969181131516543	1	inhibition
734	KCNIP1	GGT1	0.884460650548811	1	activation
735	KHDRBS3	BICC1	0.994990354561983	1	activation
736	KHDRBS3	FZD3	0.981148740939516	1	activation
737	KHDRBS3	RAB3IP	0.970270357002163	1	activation
738	KHDRBS3	ANO5	0.993223122482923	1	activation
739	KHDRBS3	LIN7A	0.948212851683286	1	activation
740	KHDRBS3	GOLGA6L9	0.555967512665464	1	activation
741	KHDRBS3	SMO	0.425119859971105	1	activation
742	KHDRBS3	FAM86B1	0.922374141277183	1	activation
743	KHDRBS3	BCHE	0.898947040046288	1	activation
744	KHDRBS3	PNMA5	-0.564186319610275	1	inhibition
745	KHDRBS3	MYH11	0.97156759594203	1	activation
746	KHDRBS3	DIRAS3	0.667405009447873	1	activation
747	KHDRBS3	MMP16	-0.442411551547675	1	inhibition
748	KHDRBS3	CD180	0.332669356261014	1	activation
749	KHDRBS3	GUCY1B2	-0.166694957050176	1	inhibition
750	KHDRBS3	DGKA	-0.96987739281563	1	inhibition
751	KHDRBS3	GGT1	-0.974348475422125	1	inhibition
752	KHDRBS3	F13A1	-0.158780874544241	1	inhibition
753	KHDRBS3	KIF26B	-0.931779430947354	1	inhibition
754	KHDRBS3	SGSH	-0.667423749005297	1	inhibition
755	KHDRBS3	OCLN	0.889122670330139	1	activation
756	KHDRBS3	VSTM2A	-0.778983877652403	1	inhibition
757	KHDRBS3	SNHG6	-0.561019098870025	1	inhibition
758	KHDRBS3	CRB1	0.682975715057069	1	activation
759	KHDRBS3	NCS1	0.949016521964465	1	activation
760	KHDRBS3	SNORD63	-0.977147559225617	1	inhibition
761	KHDRBS3	TMEM98	0.362419051970835	1	activation
762	KHDRBS3	GREB1	-0.977671375486804	1	inhibition
763	KHDRBS3	VSIG4	0.593337747540768	1	activation
764	KHDRBS3	TPPP2	-0.7301838487975	1	inhibition
765	KHDRBS3	TMEM200B	0.513599205394981	1	activation
766	KLF11	BMP8B	0.289105445431827	1	activation
767	KLF11	VSIG4	-0.153976163580924	1	inhibition
768	KLF11	GPR65	-0.830234134772779	1	inhibition
769	KLF11	C3	-0.670203786646619	1	inhibition
770	KLF11	ODF2	-0.991739760664753	1	inhibition
771	KLF9	C9orf57	-0.679825438169605	1	inhibition
772	KLF9	FOXP3	0.966610370153939	1	activation
773	KLF9	C9orf131	-0.0644409827216133	1	inhibition
774	KLF9	MPDZ	-0.854144697920191	1	inhibition
775	KLF9	ANO3	-0.439143811629273	1	inhibition
776	KLF9	SPRY1	0.397637076542708	1	activation
777	KSR2	GRB7	0.62881285016959	1	activation
778	KSR2	ACE2	0.946848990798224	1	activation
779	KSR2	ZNF281	0.796750370663942	1	activation
780	LBP	PKLR	0.952625396418558	1	activation
781	LBP	PLCE1	-0.12094693004439	1	inhibition
782	LBP	BHMT2	-0.144691092226114	1	inhibition
783	LDLRAP1	ESAM	0.878554386408721	1	activation
784	LDLRAP1	LYPD4	0.864258136197985	1	activation
785	LDLRAP1	HAL	0.99447900970422	1	activation
786	LDLRAP1	CYP1A2	0.99971930422528	1	activation
787	LDLRAP1	NRBP2	-0.18228943576549	1	inhibition
788	LDLRAP1	PCBP4	0.39872426271657	1	activation
789	LDLRAP1	GTF2IRD2B	-0.643257651993972	1	inhibition
790	LDLRAP1	WNT7B	-0.682543056791002	1	inhibition
791	LDLRAP1	LAPTM4B	0.730397214042568	1	activation
792	LDLRAP1	RILP	0.743466135749445	1	activation
793	LGALS1	LY86	0.84012912192344	1	activation
794	LGALS1	CLUAP1	0.716971018099104	1	activation
795	LGALS1	CKM	0.994584983083323	1	activation
796	LGALS1	LRRN3	0.994407299827972	1	activation
797	LGALS1	SGCA	-0.322321452256043	1	inhibition
798	LHX6	CSF1	-0.990724008129153	1	inhibition
799	LHX6	NTN1	0.897519689612011	1	activation
800	LHX6	EPS8L2	-0.237493679301066	1	inhibition
801	LHX6	ATP6V1G2	0.928270937908989	1	activation
802	LHX6	SEMA3C	0.321714697470324	1	activation
803	LHX6	CST8	-0.978808563876145	1	inhibition
804	LHX6	NME2P1	0.718910360722776	1	activation
805	LHX6	SLC6A12	-0.374696267477396	1	inhibition
806	LPXN	SNAI3	-0.214034132908295	1	inhibition
807	LRRN3	RASGRF2	0.896076151663137	1	activation
808	LRRN3	OR13C4	0.677822012270656	1	activation
809	LRRN3	TLL1	0.439632478671279	1	activation
810	LRRN3	ATP7B	-0.475168992755606	1	inhibition
811	LRRN3	CLDN4	0.283556388191922	1	activation
812	LRRN3	HAVCR1	0.494115833705884	1	activation
813	LRRN3	LGALS1	0.994407299827972	1	activation
814	LRRN3	SLC14A1	0.966426498693566	1	activation
815	MACC1	ELAC1	0.991551504739481	1	activation
816	MACC1	FLNB	-0.138446518225683	1	inhibition
817	MACC1	MAB21L1	-0.116279421858844	1	inhibition
818	MACC1	UCP3	-0.238770165837726	1	inhibition
819	MACC1	OR13D1	0.899419243934555	1	activation
820	MACC1	TSHZ3	0.989762648897256	1	activation
821	MACC1	ZNFX1	0.424009257599154	1	activation
822	MACC1	C2orf49	-0.132409398864017	1	inhibition
823	MACC1	CHST7	-0.343533082389411	1	inhibition
824	MACC1	KIF26B	0.657910349723556	1	activation
825	MACC1	MAMDC2	0.984099563227339	1	activation
826	MACC1	RAB35	0.667405009447873	1	activation
827	MACC1	GLYATL2	0.921224498047144	1	activation
828	MACC1	MYLK	0.984745793759442	1	activation
829	MACC1	SCN4A	0.330663552016804	1	activation
830	MACC1	CHGB	0.716971018099104	1	activation
831	MACC1	DMC1	0.403083704219533	1	activation
832	MACC1	DMBT1	0.937045807289485	1	activation
833	MACC1	PHOSPHO2	0.922374141277183	1	activation
834	MACC1	GTF2IRD2B	0.482682224716781	1	activation
835	MACC1	SNORD115-37	0.918486669288546	1	activation
836	MACC1	SLC5A12	0.956009448447503	1	activation
837	MACC1	CRYBB3	0.5216281139621	1	activation
838	MACC1	SLC35A1	-0.155885018447716	1	inhibition
839	MACC1	AATK	-0.455502663373491	1	inhibition
840	MACC1	BAALC	0.577559386104128	1	activation
841	MACC1	MRGPRD	0.816016658125403	1	activation
842	MAP2K1	SGSH	0.885509805879984	1	activation
843	MAP3K1	ACOT2	-0.245213931523762	1	inhibition
844	MAP3K1	F13A1	-0.072331487745938	1	inhibition
845	MAP3K1	BAGE	0.71012865520588	1	activation
846	MAP3K1	PRRG2	0.946015842319569	1	activation
847	MAP3K1	GDF10	0.519334172755217	1	activation
848	MAP3K1	ZNF48	0.27265044571367	1	activation
849	MAP3K1	RHBDL2	0.30805279202756	1	activation
850	MAPK11	TAS2R1	0.911081968621884	1	activation
851	MAPK11	RAB21	-0.108819090529702	1	inhibition
852	MAPK4	CELP	0.678855733620838	1	activation
853	MAPK4	AGR2	0.295658964838814	1	activation
854	MAPK4	PRTN3	0.280805745077061	1	activation
855	MAPK4	SEMA7A	0.997892128097814	1	activation
856	MORF4L1	CAPN12	-0.178034347846136	1	inhibition
857	MORF4L1	NACA	0.989572272008036	1	activation
858	MORF4L1	ANP32C	0.988914008506171	1	activation
859	MORF4L1	CCDC157	-0.151145368214359	1	inhibition
860	MRGPRD	EEF1A1	0.275352687733967	1	activation
861	MRGPRD	GUCY1B2	0.994371123146765	1	activation
862	MRGPRD	ACTC1	0.89412607932324	1	activation
863	MRGPRD	DNAH3	0.552543858660317	1	activation
864	MS4A6E	FNDC5	0.448626325719761	1	activation
865	MSX1	C1orf146	-0.657587493098321	1	inhibition
866	MSX1	SDC4P	0.78949723454486	1	activation
867	MSX1	COL16A1	0.463328153715064	1	activation
868	MSX1	FBXO10	-0.121738997310735	1	inhibition
869	MSX1	CLCA3P	0.936082395439542	1	activation
870	MSX1	CACNG1	-0.0539984918011637	1	inhibition
871	MSX1	SNORA38B	0.936404920402867	1	activation
872	MSX1	MYH11	0.278980892492453	1	activation
873	MSX1	HSD17B8	-0.245213931523762	1	inhibition
874	MTA3	CRYBG3	0.943156685719955	1	activation
875	MTA3	ATP6V1G2	0.951871377449847	1	activation
876	MTA3	PGBD1	-0.270607205142569	1	inhibition
877	MTA3	RRAS2	-0.992604812318702	1	inhibition
878	MTA3	SPEG	0.924259025020019	1	activation
879	MTA3	ACER2	0.897040313923458	1	activation
880	MTA3	CYP46A1	0.93477831755728	1	activation
881	MTA3	C4BPB	0.988640212264475	1	activation
882	MTA3	ZNF107	0.225268246603995	1	activation
883	MXD3	PPM1H	0.582080545525026	1	activation
884	MYC	GRIN2C	-0.581464283661899	1	inhibition
885	MYC	B3GAT2	-0.722806575553051	1	inhibition
886	MYH11	GJA9	-0.934707202682886	1	inhibition
887	MYH11	APLN	0.655785720234693	1	activation
888	MYH11	SPDYE1	0.571894798293545	1	activation
889	MYH11	RAB3IP	0.999663968835162	1	activation
890	MYH11	KIF26B	-0.820673396307512	1	inhibition
891	MYH11	OR3A2	0.355128030045734	1	activation
892	MYH11	MMP20	0.399812527236374	1	activation
893	NACA	RPL24	0.995801978224724	1	activation
894	NACA	RPL11	0.945454159428189	1	activation
895	NACA	MORF4L1	0.989572272008036	1	activation
896	NACA	CDCP1	-0.158780874544241	1	inhibition
897	NACA	ADRA2C	0.339737749910206	1	activation
898	NACA	NOG	-0.0552175557673335	1	inhibition
899	NACA	HIVEP3	-0.530596780984051	1	inhibition
900	NACA	CADM4	0.722767912706199	1	activation
901	NACA	KCNQ1	-0.811598512844942	1	inhibition
902	NACA	EXD1	-0.0598948763214609	1	inhibition
903	NACC2	KCNQ1	0.8137734229272	1	activation
904	NACC2	RARG	-0.901465777318763	1	inhibition
905	NACC2	SGSH	0.377196626772628	1	activation
906	NACC2	MAP2K1	0.989699546887057	1	activation
907	NACC2	TRAFD1	-0.701165287066575	1	inhibition
908	NACC2	CLUAP1	0.997662414625821	1	activation
909	NACC2	TMEM176A	-0.484999171465987	1	inhibition
910	NACC2	CPXCR1	0.998606828764752	1	activation
911	NACC2	SLC10A5	-0.0658614987238043	1	inhibition
912	NACC2	KIF26B	-0.933623390904426	1	inhibition
913	NACC2	GOLGA6L9	-0.216431602680626	1	inhibition
914	NACC2	ESYT3	-0.3937918940033	1	inhibition
915	NACC2	SNHG6	0.403083704219533	1	activation
916	NACC2	NPC1	0.925739171812741	1	activation
917	NACC2	WFS1	0.923132751575172	1	activation
918	NACC2	SLC1A5	0.685026655055485	1	activation
919	NCS1	TLL1	-0.802151751756077	1	inhibition
920	NCS1	CCL19	0.991913445656731	1	activation
921	NCS1	NBL1	0.349961911719665	1	activation
922	NDRG2	CPNE1	0.462193838908506	1	activation
923	NDRG2	PADI6	0.621134596759708	1	activation
924	NDRG2	ZNF266	0.482682224716781	1	activation
925	NDRG2	PKIB	0.248224998634325	1	activation
926	NEUROD2	ZAP70	-0.480085112599723	1	inhibition
927	NEUROD2	FBXO10	0.757057013606658	1	activation
928	NEUROD2	LRRC3B	0.592215175391194	1	activation
929	NEUROD2	FTCD	0.716971018099104	1	activation
930	NEUROD2	LYG2	0.831193679158871	1	activation
931	NEUROD2	SNORD11	0.900825170224291	1	activation
932	NGEF	SYNC	0.629905555753874	1	activation
933	NGEF	GDAP1	0.358244513438077	1	activation
934	NGEF	ETV4	0.941977025115295	1	activation
935	NGEF	SCARNA9L	-0.071302158956809	1	inhibition
936	NGEF	HIGD1C	0.362419051970835	1	activation
937	NLGN1	ARTN	0.969263017581515	1	activation
938	NLGN1	NOG	-0.271982229361243	1	inhibition
939	NOS2	GTSF1	0.841472737298438	1	activation
940	NOS2	HAVCR1	0.79595272274538	1	activation
941	NOS2	FOXE1	0.912353234533201	1	activation
942	NOS2	ADAMTS4	-0.925144725713075	1	inhibition
943	NOS2	WNT7B	0.5216281139621	1	activation
944	NOS2	ATP6V1E2	0.60452108245799	1	activation
945	NOS2	PFN4	0.975160906415691	1	activation
946	NOS2	CYP46A1	0.908493963917958	1	activation
947	NOTCH2	SH2B3	0.222897006743215	1	activation
948	NOTCH2	GIMAP6	0.990725251913818	1	activation
949	NOTCH2	NTNG2	-0.796302790335826	1	inhibition
950	NOTCH2	SESN1	-0.277519526560486	1	inhibition
951	NOTCH2	NPC1	-0.63156842416619	1	inhibition
952	NOTCH2	PCBP4	-0.37311714012378	1	inhibition
953	NPAS2	TLE2	0.259385222545596	1	activation
954	NPAS2	IL2RB	0.972966288382991	1	activation
955	NPAS2	CNTN2	0.947942531779761	1	activation
956	NPAS2	SPTBN5	-0.994617189656382	1	inhibition
957	NPAS2	SERPINI2	0.677822012270656	1	activation
958	NPAS2	C11orf65	0.970925440212537	1	activation
959	NPAS2	COL18A1	-0.643257651993972	1	inhibition
960	NPAS2	RPP30	-0.808803808667897	1	inhibition
961	NPAS2	IL12RB2	0.917690052099024	1	activation
962	NPFFR2	ARHGAP42	-0.0733734290314015	1	inhibition
963	NPFFR2	PAWR	0.458794112210166	1	activation
964	NPFFR2	AMPH	0.334681305197812	1	activation
965	NR2E1	CDC20	0.936404920402867	1	activation
966	NR2E1	DLGAP2	-0.646149133610627	1	inhibition
967	NR2E1	IQCK	-0.180153110040981	1	inhibition
968	NR2E1	MPDZ	0.595580664628067	1	activation
969	NR2E1	SPRED3	0.97401120165666	1	activation
970	NR2E3	ELL3	-0.65474730851965	1	inhibition
971	NR2E3	PLLP	0.991498600061995	1	activation
972	NR2E3	CLDN4	0.885509805879984	1	activation
973	NR2E3	GJA9	0.991862628157608	1	activation
974	NR2E3	TPM2	-0.925144725713075	1	inhibition
975	NR2E3	PAGE2B	-0.906091341060875	1	inhibition
976	NR2E3	MPPED2	-0.496452069539657	1	inhibition
977	NR4A3	PCDHA1	-0.105235613604974	1	inhibition
978	NR4A3	ANGPTL4	-0.186614760718372	1	inhibition
979	NR4A3	ATG10	-0.703767311387516	1	inhibition
980	NR4A3	PLEKHG5	0.956475185397225	1	activation
981	NR5A2	PLXNB3	-0.0702853353348993	1	inhibition
982	NR5A2	TLL1	0.533093606387759	1	activation
983	NR5A2	SPRY1	-0.149279773851868	1	inhibition
984	NR5A2	MFRP	-0.940541126998154	1	inhibition
985	NR5A2	GPR143	-0.297353624669371	1	inhibition
986	NR5A2	AFF3	0.841472737298438	1	activation
987	NR5A2	KCNK5	-0.0905883717891927	1	inhibition
988	NR5A2	PNMA5	0.621134596759708	1	activation
989	NR5A2	ZDHHC13	-0.134113265491164	1	inhibition
990	NRIP2	FOXE1	0.98528057942044	1	activation
991	NRIP2	SERPIND1	0.936082395439542	1	activation
992	NRIP2	TAS2R5	0.983232138695853	1	activation
993	NRIP2	EXD1	-0.180153110040981	1	inhibition
994	NRIP2	LDLRAP1	-0.998295414281965	1	inhibition
995	NRIP2	ZNF398	0.340753545841468	1	activation
996	NRIP2	GUCY1B2	0.991391876032601	1	activation
997	NRIP2	SIGLEC5	0.928270937908989	1	activation
998	NRIP2	HIGD1C	0.422899525082013	1	activation
999	NT5C2	PCBP4	-0.377860462252099	1	inhibition
1000	NT5C2	C4orf3	0.98870923553282	1	activation
1001	NT5C2	C20orf27	0.245694436727888	1	activation
1002	NT5C2	VSIG4	-0.0816008010378847	1	inhibition
1003	NT5C2	CDR2	-0.0912156474908613	1	inhibition
1004	NT5C2	GJA9	0.925002162796413	1	activation
1005	NT5C2	RNASE10	-0.354334237195173	1	inhibition
1006	NT5C2	SNORD115-33	0.569625157037894	1	activation
1007	NTSR2	FZD3	0.27625704342805	1	activation
1008	NTSR2	CDH22	-0.196603112642891	1	inhibition
1009	NTSR2	SNORD115-8	-0.0702853353348993	1	inhibition
1010	NTSR2	PADI6	0.778727009298617	1	activation
1011	NUDT4	ECM1	-0.898806801605948	1	inhibition
1012	NUDT4	WTAP	-0.432616335046678	1	inhibition
1013	NUDT4	SNAI3	-0.457140741918461	1	inhibition
1014	NUDT4	CLDN7	-0.749179832487459	1	inhibition
1015	NUDT4	GPR55	-0.955480519037984	1	inhibition
1016	OLIG2	GSTM3	0.328663938772402	1	activation
1017	OLIG2	KRT14	0.421790671886145	1	activation
1018	OLIG2	EMILIN2	0.597820541213229	1	activation
1019	OLIG2	LCA5L	0.249072273531887	1	activation
1020	OLIG2	ADAM22	0.30420883507011	1	activation
1021	OLIG2	PABPC3	-0.981685951247893	1	inhibition
1022	OLIG2	PDCD10	-0.181219077602335	1	inhibition
1023	OLIG2	NDRG2	0.244854675910691	1	activation
1024	OMD	OGN	0.999915104623586	1	activation
1025	OMD	KCTD4	0.999582749558245	1	activation
1026	OMD	TWF1	0.847416968095923	1	activation
1027	OMD	ESYT3	0.97401120165666	1	activation
1028	OMD	WDR55	0.9516177246605	1	activation
1029	OMD	CPSF1	0.758836220027407	1	activation
1030	OMD	TAS2R31	0.993179933278886	1	activation
1031	OMD	MYRIP	0.952375209204074	1	activation
1032	ONECUT2	ZCCHC2	-0.209290702912129	1	inhibition
1033	OR13C4	LRRN3	0.677822012270656	1	activation
1034	OR13C4	DNAH5	0.603406375304589	1	activation
1035	OR13C4	PTPRQ	0.996673187638358	1	activation
1036	OR13C4	SLC6A4	-0.0677972812208317	1	inhibition
1037	OR13D1	KATNAL2	0.977453563942054	1	activation
1038	OR13D1	EEF1D	-0.0881148687671104	1	inhibition
1039	OR13D1	MASP1	0.297546974676093	1	activation
1040	OR13D1	PSMB3	0.45992680769071	1	activation
1041	OR13D1	NUDT12	-0.966431305206851	1	inhibition
1042	OR13D1	IRGM	0.973567900007864	1	activation
1043	OR13D1	SLC1A5	0.331665683140537	1	activation
1044	OR13F1	FAM89A	-0.883898432712748	1	inhibition
1045	OR13F1	SERTAD1	0.968574660585113	1	activation
1046	OR13F1	CYP2C8	0.911931152460278	1	activation
1047	OR13F1	ESYT3	0.961941968937234	1	activation
1048	OR13F1	UNC80	0.740696426845295	1	activation
1049	OR13F1	TAS2R19	0.986462629790466	1	activation
1050	OR13F1	CERK	0.257647797435073	1	activation
1051	OR13F1	SNORD115-13	0.693168665616411	1	activation
1052	OR13F1	MMP23A	0.755269996265411	1	activation
1053	OR13F1	HLA-DRB6	0.999708059592001	1	activation
1054	OR14A16	RPTN	0.510158595209262	1	activation
1055	OR1J2	OR6B2	0.782910235924835	1	activation
1056	OR1J2	SPRED2	-0.323818101079323	1	inhibition
1057	OR1J2	ATP8B1	0.934448781877787	1	activation
1058	OR1N2	HAS3	0.234109623265733	1	activation
1059	OR1N2	KCNC1	0.382534441798396	1	activation
1060	OR2B6	ANKRD35	-0.0673088208630347	1	inhibition
1061	OR2B6	CNTNAP4	0.840801962562753	1	activation
1062	OR2B6	POTEF	-0.189904809197093	1	inhibition
1063	OR2C1	C9orf152	-0.955230227492242	1	inhibition
1064	OR2C1	HAS3	0.996070318810628	1	activation
1065	OR3A2	DNAH3	0.839454214132225	1	activation
1066	OR3A2	CNKSR3	-0.888096132114345	1	inhibition
1067	OR3A2	MYH11	0.355128030045734	1	activation
1068	OR3A2	OR52N4	0.981903214027626	1	activation
1069	OR3A2	MAB21L1	-0.261088149006432	1	inhibition
1070	OR3A2	LIME1	0.999661344348915	1	activation
1071	OR3A2	LOC100130691	0.623333519642288	1	activation
1072	OR4D10	CA7	0.934448781877787	1	activation
1073	OR4F4	FN3KRP	-0.695917128736444	1	inhibition
1074	OR4F4	PRELP	0.997963903919225	1	activation
1075	OR4F4	SEZ6L	0.976667117725858	1	activation
1076	OR4F4	GJA9	0.935433160783582	1	activation
1077	OR51E1	CTAGE1	0.467870495609264	1	activation
1078	OR51E1	GOLGA6L9	0.533093606387759	1	activation
1079	OR52N4	OR56B1	0.999502586498489	1	activation
1080	OR52N4	OR3A2	0.981903214027626	1	activation
1081	OR52N4	CRHBP	0.955302657837113	1	activation
1082	OR52N4	HAVCR1	0.978955178010663	1	activation
1083	OR52N4	GSTM3	-0.176981553273266	1	inhibition
1084	OR56B1	OR52N4	0.999502586498489	1	activation
1085	OR56B1	BCHE	0.438511444980872	1	activation
1086	OR56B1	CDK15	-0.649027995420525	1	inhibition
1087	OR56B1	HAS1	0.957393707380075	1	activation
1088	OR56B1	TMEM156	0.895591357619869	1	activation
1089	OR5K2	PLA2R1	-0.385804109380173	1	inhibition
1090	OR5K2	ZNF266	0.226062478502409	1	activation
1091	OR6B2	DNAJC2	0.458794112210166	1	activation
1092	OR6B2	OR1J2	0.782910235924835	1	activation
1093	OR6C2	GNB5	0.999531980850442	1	activation
1094	OR6C2	HAVCR1	0.567353473010626	1	activation
1095	OR6C2	SYDE2	-0.405041115689842	1	inhibition
1096	OR6V1	EPO	-0.332858974304324	1	inhibition
1097	OR6V1	SEMA4D	0.255917790244332	1	activation
1098	OR6V1	SH3PXD2B	-0.280310239375122	1	inhibition
1099	OR6V1	UCHL5	0.757057013606658	1	activation
1100	OSMR	A2M	0.437391155037112	1	activation
1101	OSMR	OLFML2B	0.528508612177282	1	activation
1102	OSMR	RRM1	-0.982422628158159	1	inhibition
1103	P2RX5	RAB3IP	-0.927156211800238	1	inhibition
1104	P2RX5	ZAP70	-0.889270065001244	1	inhibition
1105	P2RX5	GTF2IRD1	-0.465334316234633	1	inhibition
1106	PAWR	MYCT1	0.944602174232082	1	activation
1107	PAWR	MMP16	-0.628616046838344	1	inhibition
1108	PAWR	EDA	0.474698091692711	1	activation
1109	PAWR	SLC38A5	0.242346695116216	1	activation
1110	PAWR	SERPING1	-0.263788762288484	1	inhibition
1111	PAWR	CLECL1	-0.0963639715994103	1	inhibition
1112	PAWR	SLC6A10P	0.612299811478537	1	activation
1113	PAWR	NPFFR2	0.458794112210166	1	activation
1114	PAWR	SLC17A2	-0.263788762288484	1	inhibition
1115	PAWR	BEX1	0.338723448169259	1	activation
1116	PAWR	SDC4	0.571894798293545	1	activation
1117	PAWR	GDAP2	0.238204487246444	1	activation
1118	PAX4	MRGPRD	0.260256711277685	1	activation
1119	PAX4	HAVCR1	0.315820433089733	1	activation
1120	PDE11A	SLC6A11	0.989443557318164	1	activation
1121	PDE11A	SMNDC1	-0.717812250602582	1	inhibition
1122	PDE11A	ALDH1A1	0.839454214132225	1	activation
1123	PDE11A	SEMA3C	0.936726056240625	1	activation
1124	PDE1B	AQP5	0.696195921988473	1	activation
1125	PDE1B	CPM	0.520481157854392	1	activation
1126	PDE6A	PAWR	-0.647590150740439	1	inhibition
1127	PDE6A	GPA33	0.726596981924037	1	activation
1128	PDE6A	ACTC1	-0.313404891186603	1	inhibition
1129	PDE6A	YTHDC2	0.945171430067084	1	activation
1130	PDE6A	PCBP4	-0.30314471915238	1	inhibition
1131	PDE6A	PSD3	-0.507876958321774	1	inhibition
1132	PDE6C	UCHL5	-0.894974206958886	1	inhibition
1133	PDE6C	ZDHHC13	-0.218846168649124	1	inhibition
1134	PDE6C	PSD3	-0.290190960415254	1	inhibition
1135	PDE6C	ATP6V1E2	0.745303158107077	1	activation
1136	PDE7B	BICC1	-0.998999267154429	1	inhibition
1137	PDE7B	ADAMTS4	-0.889270065001244	1	inhibition
1138	PDE7B	HIVEP3	0.656848688946704	1	activation
1139	PDE7B	MFSD6	0.842808094234135	1	activation
1140	PGBD1	MTA3	-0.270607205142569	1	inhibition
1141	PGBD1	CKM	0.994407299827972	1	activation
1142	PGBD1	PLIN1	-0.780033419835852	1	inhibition
1143	PGBD1	PCDHGC5	0.992870433047602	1	activation
1144	PGBD1	CLIP3	0.998289868745406	1	activation
1145	PIK3C2B	IMPG2	0.987329901348324	1	activation
1146	PIK3C2B	CLUAP1	-0.906091341060875	1	inhibition
1147	PKD2	ZNF75A	0.567353473010626	1	activation
1148	PKD2	FBXO10	0.95807139159329	1	activation
1149	PLAT	DLGAP2	0.79595272274538	1	activation
1150	PLAT	CPZ	0.697201798741342	1	activation
1151	PLAT	FOXL1	0.983330598289152	1	activation
1152	PLAT	TEAD1	-0.875076529681943	1	inhibition
1153	PLAT	ADRA2C	-0.105235613604974	1	inhibition
1154	PLAT	FNDC5	0.98536803164473	1	activation
1155	PLAT	AHRR	-0.115515561117307	1	inhibition
1156	PLCE1	C4orf3	0.759722885039247	1	activation
1157	PLCE1	PROK2	-0.837734666753432	1	inhibition
1158	PLCE1	LBP	-0.12094693004439	1	inhibition
1159	PLCE1	GUCY1B2	0.921224498047144	1	activation
1160	PLEKHG5	PLA2G2F	-0.0635086852349922	1	inhibition
1161	PLEKHG5	IL2RB	-0.912421052360308	1	inhibition
1162	PLEKHG5	ZNF281	0.312895217561227	1	activation
1163	PLXNB3	NR5A2	-0.0702853353348993	1	inhibition
1164	PLXNB3	NBL1	0.928270937908989	1	activation
1165	PLXNB3	SULT2A1	-0.60458947315519	1	inhibition
1166	PLXNB3	TAS2R5	-0.119374962340577	1	inhibition
1167	PLXNB3	PAX4	0.921992494854656	1	activation
1168	PLXNB3	TINAGL1	0.39872426271657	1	activation
1169	PLXNB3	HOMER2	-0.086296764876519	1	inhibition
1170	PLXNB3	CLUAP1	0.99019453417102	1	activation
1171	POU4F1	TAL2	0.330663552016804	1	activation
1172	POU4F1	SDS	-0.818887865779688	1	inhibition
1173	POU4F1	GDAP1	0.730397214042568	1	activation
1174	POU4F1	ZCCHC2	0.234924801296299	1	activation
1175	PPP1R1A	CORIN	-0.0887279299332726	1	inhibition
1176	PPP1R1A	TP53INP2	0.715024693743657	1	activation
1177	PPP1R1A	SNORD121A	0.772785371936532	1	activation
1178	PPP1R1A	KCNF1	0.965493586812098	1	activation
1179	PPP1R1A	ASCL3	0.881804611310392	1	activation
1180	PRDM14	PPP1R3A	0.680918720703212	1	activation
1181	PRDM14	ESPNL	0.472420462049143	1	activation
1182	PRDM14	EXD1	0.700209704882891	1	activation
1183	PRDM14	MASP1	0.769345862765733	1	activation
1184	PRDX2	COL18A1	0.993136490497112	1	activation
1185	PRKAG3	UCP3	-0.238770165837726	1	inhibition
1186	PRKAG3	BMX	0.637523816758027	1	activation
1187	PRKAG3	LDLRAP1	0.880728866575992	1	activation
1188	PRRX1	ELL3	0.886031555321589	1	activation
1189	PRRX1	SNORD121A	-0.88571450900899	1	inhibition
1190	PRRX1	WFS1	0.96047587278811	1	activation
1191	PRRX1	SDC3	0.559387770370228	1	activation
1192	PRRX1	KCNT2	-0.120158921588585	1	inhibition
1193	PRRX1	GDF10	-0.151145368214359	1	inhibition
1194	PSD3	RIMBP3C	0.514746167046571	1	activation
1195	PSD3	CACNA1H	0.440754246183313	1	activation
1196	PSD3	AGBL4	-0.498086182731096	1	inhibition
1197	PSD3	F8	0.833980396750263	1	activation
1198	PSD3	MYLPF	0.535385231927468	1	activation
1199	PSD3	CEACAM4	0.432917630141029	1	activation
1200	PSD3	PWP2	0.705190057031995	1	activation
1201	PSD3	PDE6C	-0.290190960415254	1	inhibition
1202	PSTPIP1	ANKRD35	0.998152949994198	1	activation
1203	PSTPIP1	AATK	0.940168107370357	1	activation
1204	PSTPIP1	CNGA4	0.998916264890135	1	activation
1205	PSTPIP1	CDR2	0.836048626788572	1	activation
1206	PTK2B	ADAM3A	0.750768478242508	1	activation
1207	PTK2B	PRELID2	-0.0535973929275545	1	inhibition
1208	PTK2B	KCNQ1	0.967694925429472	1	activation
1209	PTPRT	MICA	-0.493182161355352	1	inhibition
1210	PWP2	CARD9	0.661087397129279	1	activation
1211	PWP2	ZNF823	0.551401938100103	1	activation
1212	RAB14	RAB21	0.691142544057017	1	activation
1213	RAB14	DLK1	-0.668815471620246	1	inhibition
1214	RAB21	RAB14	0.691142544057017	1	activation
1215	RAB21	MAPK11	-0.108819090529702	1	inhibition
1216	RAB24	METTL8	-0.0827542556972741	1	inhibition
1217	RAB24	ZNF562	0.62881285016959	1	activation
1218	RAB27A	ACOT2	-0.414737058461968	1	inhibition
1219	RAB27A	DMC1	0.570760238529611	1	activation
1220	RAB35	CLUAP1	0.748954363466005	1	activation
1221	RAB35	MACC1	0.667405009447873	1	activation
1222	RAB35	WDR53	0.724686030122346	1	activation
1223	RAD17	ZNF213	0.482682224716781	1	activation
1224	RAD17	LMAN1	0.539966289509949	1	activation
1225	RARG	NACC2	-0.901465777318763	1	inhibition
1226	RARG	MMP17	0.226062478502409	1	activation
1227	RARG	TRAFD1	0.985967063356582	1	activation
1228	RARG	HAVCR1	0.439632478671279	1	activation
1229	RARG	NDRG2	0.767614101932294	1	activation
1230	RARG	HLX	-0.859285928939606	1	inhibition
1231	RARG	CEP170	0.829787843752638	1	activation
1232	RARG	CLIP3	0.992825177278671	1	activation
1233	RASGRF2	ZNF483	0.5044258317634	1	activation
1234	RASGRF2	LRRN3	0.896076151663137	1	activation
1235	RASGRF2	IL7R	-0.549877371202531	1	inhibition
1236	RASL12	HAS3	0.940776382757509	1	activation
1237	RASL12	FLNB	0.812267503788818	1	activation
1238	RASL12	PRRX1	-0.440777377216576	1	inhibition
1239	RASL12	NTN3	0.603406375304589	1	activation
1240	RCBTB1	TRAFD1	0.725642404486705	1	activation
1241	RCBTB1	SLC35A1	-0.612173043258444	1	inhibition
1242	REL	FBXL20	-0.259743642560283	1	inhibition
1243	REL	MGST1	0.255055573753335	1	activation
1244	REL	CASS4	-0.93252270766019	1	inhibition
1245	REL	RTN4R	-0.366821166611198	1	inhibition
1246	REL	TMC6	-0.132409398864017	1	inhibition
1247	REL	P4HA2	0.987781272298024	1	activation
1248	REL	CCL2	-0.60306493151096	1	inhibition
1249	RELA	TMC6	0.890138122040134	1	activation
1250	RGL4	AGR2	-0.833603078310961	1	inhibition
1251	RGL4	GAS2	0.987632474976132	1	activation
1252	RGS22	SNORD121A	0.991963971105746	1	activation
1253	RGS22	F13A1	-0.365252463442092	1	inhibition
1254	RGS22	FJX1	-0.297353624669371	1	inhibition
1255	RGS22	NOG	0.88655142376715	1	activation
1256	RGS22	RXFP2	0.610081746125181	1	activation
1257	RGS22	DLGAP2	0.920060678812879	1	activation
1258	RGS22	SYDE2	-0.414737058461968	1	inhibition
1259	RGS7	GJA3	0.722767912706199	1	activation
1260	RGS7	GJB7	0.226858618637239	1	activation
1261	RGS7	HIGD1C	0.321714697470324	1	activation
1262	RHBDL2	GJA9	0.853826856647458	1	activation
1263	RHBDL2	USP6NL	-0.0798959296095058	1	inhibition
1264	RHBDL2	MAP3K1	0.30805279202756	1	activation
1265	RHBDL2	PPP1R3A	0.821906816489755	1	activation
1266	RHBDL2	MEGF11	0.994791313119451	1	activation
1267	RHBDL2	DLEU2	0.404176195273741	1	activation
1268	RHOB	TRIM4	0.499841852293911	1	activation
1269	RHOB	DLK1	-0.925551125734627	1	inhibition
1270	RHOB	AMPH	-0.756047733158955	1	inhibition
1271	RNF213	RPL11	0.692156395119028	1	activation
1272	RNF213	ARV1	-0.504616239276792	1	inhibition
1273	RNF213	RPL24	0.538821327444168	1	activation
1274	RNF213	FJX1	0.990254849034487	1	activation
1275	ROR2	TPCN1	-0.140209408760791	1	inhibition
1276	ROR2	CELA3A	-0.447317377363735	1	inhibition
1277	RORC	FOXP3	-0.417978709045112	1	inhibition
1278	RORC	ETV4	-0.625651955616525	1	inhibition
1279	RORC	SLC4A1	-0.516014043843533	1	inhibition
1280	RORC	SLAMF1	0.27625704342805	1	activation
1281	RORC	METTL8	-0.0918465084455369	1	inhibition
1282	RORC	TTL	-0.164690224380785	1	inhibition
1283	RPS27A	RPL11	0.321714697470324	1	activation
1284	RPS27A	RPS18	0.932779789116798	1	activation
1285	RPS27A	MYLPF	0.452010076493524	1	activation
1286	RRAS2	MTA3	-0.992604812318702	1	inhibition
1287	RRAS2	CPNE1	0.759722885039247	1	activation
1288	RXFP2	PLA2R1	-0.155885018447716	1	inhibition
1289	RXFP2	CCR3	0.766745230313579	1	activation
1290	RXFP2	TPM2	-0.0663409430580028	1	inhibition
1291	RXFP2	GOLGA6L9	0.942863722573139	1	activation
1292	RXFP2	RGS22	0.610081746125181	1	activation
1293	S1PR1	GIMAP7	-0.332858974304324	1	inhibition
1294	SCG5	TMEM106C	0.573028825312314	1	activation
1295	SCG5	PCDHA10	-0.210470105476922	1	inhibition
1296	SCG5	PANK1	0.672631443512521	1	activation
1297	SCG5	CAMK2A	0.287248715528446	1	activation
1298	SCG5	KCNC1	0.444123851941671	1	activation
1299	SCG5	PDE1B	0.282637729732004	1	activation
1300	SCT	SULT2A1	0.518187169898502	1	activation
1301	SCT	EXD1	-0.0957076647429557	1	inhibition
1302	SERTAD1	KCNQ1	0.97401120165666	1	activation
1303	SERTAD1	OR13F1	0.968574660585113	1	activation
1304	SERTAD1	FAM161A	0.904496627543487	1	activation
1305	SERTAD1	SPATA2L	0.70419730057773	1	activation
1306	SERTAD1	PPM1H	-0.400211144674886	1	inhibition
1307	SERTAD1	ZNF562	-0.572070655158343	1	inhibition
1308	SERTAD1	RAB3IP	-0.746859473931981	1	inhibition
1309	SERTAD1	CYP4A11	0.793547380250486	1	activation
1310	SERTAD1	ZNF549	0.900825170224291	1	activation
1311	SERTAD1	SLC6A11	-0.154928422213797	1	inhibition
1312	SETBP1	COBLL1	-0.0573026756004249	1	inhibition
1313	SETBP1	MYLK	-0.106657411736786	1	inhibition
1314	SETBP1	GNAI1	-0.971553164995724	1	inhibition
1315	SETBP1	ALG1	0.437391155037112	1	activation
1316	SETBP1	CGN	-0.716554203297566	1	inhibition
1317	SETBP1	CLIP3	-0.826808041744864	1	inhibition
1318	SH2B3	MYH4	-0.086296764876519	1	inhibition
1319	SH3BGR	DNAJC6	0.968049415938383	1	activation
1320	SH3BGR	SDC4P	0.737909817173417	1	activation
1321	SH3BGR	RAB35	0.822633697622162	1	activation
1322	SH3BGR	SNORD68	-0.0590197342354707	1	inhibition
1323	SH3RF1	HOXA1	0.36766748671537	1	activation
1324	SH3RF1	ITPRIPL1	0.473559065242087	1	activation
1325	SH3RF1	MMP16	0.639690314128669	1	activation
1326	SIM2	PPP1R1A	0.91966956892961	1	activation
1327	SIM2	KIAA0087	0.912353234533201	1	activation
1328	SIM2	FUT2	0.993223122482923	1	activation
1329	SIM2	SNORD11	0.952123870921756	1	activation
1330	SIM2	SGSH	0.999190831723391	1	activation
1331	SIM2	SLC7A3	0.514746167046571	1	activation
1332	SIRT6	LYPLA2	0.576427599943726	1	activation
1333	SIRT6	TNIP2	0.568489564849856	1	activation
1334	SIRT6	SCYL1	0.918089165261158	1	activation
1335	SIRT6	RAD17	0.98536803164473	1	activation
1336	SIRT6	SPTBN5	0.480399196760332	1	activation
1337	SIRT6	THUMPD3	-0.189904809197093	1	inhibition
1338	SIX3	SERPING1	0.360329059363157	1	activation
1339	SIX3	ZCCHC2	0.669499821681698	1	activation
1340	SIX3	SCN5A	-0.304600774525851	1	inhibition
1341	SIX3	PIRT	0.353057345565084	1	activation
1342	SIX3	ACTC1	0.996650821732165	1	activation
1343	SIX3	CLUAP1	0.979076141941275	1	activation
1344	SIX4	SNHG6	0.385751631757851	1	activation
1345	SIX4	HHIPL1	0.832591194761184	1	activation
1346	SIX4	HSPB2	0.984286695444274	1	activation
1347	SIX4	PLAT	0.850647448157942	1	activation
1348	SIX4	ID4	0.999930695928856	1	activation
1349	SIX4	CDH6	0.720842674388691	1	activation
1350	SIX4	SH2D1B	0.689110129275085	1	activation
1351	SIX4	LIN7A	0.226062478502409	1	activation
1352	SIX4	DPF1	-0.0749602238492946	1	inhibition
1353	SIX4	RPL22L1	0.63860764194096	1	activation
1354	SIX4	NALCN	0.998428408159585	1	activation
1355	SIX5	EFCAB5	0.706181143225612	1	activation
1356	SIX5	CAPN12	0.959615943884987	1	activation
1357	SIX5	SLC9A5	-0.0793343359703709	1	inhibition
1358	SIX5	ITGAE	0.972040858325171	1	activation
1359	SIX5	ITPRIPL1	-0.453864878590596	1	inhibition
1360	SIX5	LAMC2	-0.782120916524922	1	inhibition
1361	SIX5	LCTL	0.8137734229272	1	activation
1362	SIX5	ZNF791	0.594459580836373	1	activation
1363	SLC7A3	HHIPL1	0.984099563227339	1	activation
1364	SLC7A3	MLN	0.799130897276535	1	activation
1365	SMARCE1	PSTPIP1	0.995689966112735	1	activation
1366	SMARCE1	SNORA19	-0.323818101079323	1	inhibition
1367	SMARCE1	IL2RB	-0.440777377216576	1	inhibition
1368	SMARCE1	FAM156A	0.640771823898522	1	activation
1369	SMARCE1	GUCY2D	0.838777237977522	1	activation
1370	SMARCE1	TNFSF12-TNFSF13	-0.297353624669371	1	inhibition
1371	SMARCE1	LAMC1	0.98638116020235	1	activation
1372	SMO	GGT1	0.594459580836373	1	activation
1373	SMO	TANC1	-0.155885018447716	1	inhibition
1374	SMO	FAM86B1	0.931074874279909	1	activation
1375	SMO	GSTM5	0.922374141277183	1	activation
1376	SMO	DCC	0.533093606387759	1	activation
1377	SMO	TLL1	-0.875725964612647	1	inhibition
1378	SMO	CD180	-0.0875053294123857	1	inhibition
1379	SNAI3	KCNN4	0.397637076542708	1	activation
1380	SNAI3	LPXN	-0.214034132908295	1	inhibition
1381	SNAI3	MPPED2	0.306127460357436	1	activation
1382	SNAI3	NUDT4	-0.457140741918461	1	inhibition
1383	SNAI3	SEZ6L	0.347905429188163	1	activation
1384	SORCS3	VSTM2A	0.810753244303438	1	activation
1385	SP8	SNORD87	0.595580664628067	1	activation
1386	SP8	AGR2	0.89363400889295	1	activation
1387	SPRED2	ZCCHC2	0.429570777474547	1	activation
1388	SPRED2	TP53INP2	0.707170552610954	1	activation
1389	SPRED2	BBS5	0.374008786287857	1	activation
1390	SPRED2	OR1J2	-0.323818101079323	1	inhibition
1391	SPRED2	SESN1	0.223685510119372	1	activation
1392	SPRED3	PCOTH	0.982425247862578	1	activation
1393	SPRED3	CKMT1A	-0.549877371202531	1	inhibition
1394	SPRY1	MYLK	0.902674949826464	1	activation
1395	SPRY1	EPHX4	0.544543822191829	1	activation
1396	SPRY1	NR5A2	-0.149279773851868	1	inhibition
1397	SPRY1	CSGALNACT1	0.297546974676093	1	activation
1398	SUPT4H1	WDR75	0.650451566882476	1	activation
1399	SUPT4H1	RPL24	0.33669935176958	1	activation
1400	SUPT4H1	KIAA0087	0.97401120165666	1	activation
1401	SUPT4H1	DPF1	0.858808272152354	1	activation
1402	SUPT4H1	ADAM15	0.745303158107077	1	activation
1403	SUPT4H1	KCNV2	0.985627555977073	1	activation
1404	SUPT4H1	PDE6C	0.999542576980615	1	activation
1405	SYDE2	EDA	0.958739588579876	1	activation
1406	SYDE2	BMX	0.986462629790466	1	activation
1407	SYDE2	IL2	-0.975505125756513	1	inhibition
1408	SYDE2	OR6C2	-0.405041115689842	1	inhibition
1409	TACR3	CRYBB3	0.966241728426792	1	activation
1410	TAL2	UCP3	0.867215868944894	1	activation
1411	TAL2	CALB2	0.343809836682806	1	activation
1412	TAL2	MGC16275	0.479258215285056	1	activation
1413	TAL2	POU4F1	0.330663552016804	1	activation
1414	TAL2	RIMBP3C	0.429570777474547	1	activation
1415	TAL2	ZNF211	0.233296344822566	1	activation
1416	TAL2	EFCAB5	0.754373567801029	1	activation
1417	TAL2	FAM89A	-0.22127777087414	1	inhibition
1418	TAOK2	ARV1	-0.232429006207618	1	inhibition
1419	TAOK2	SCYL1	0.724686030122346	1	activation
1420	TAOK2	CEACAM4	0.424009257599154	1	activation
1421	TAS2R1	GDPD2	0.812267503788818	1	activation
1422	TAS2R1	ISLR2	0.525068695932648	1	activation
1423	TAS2R1	MAPK11	0.911081968621884	1	activation
1424	TAS2R1	C10orf95	0.978955178010663	1	activation
1425	TAS2R1	SERPINI2	0.788681033406253	1	activation
1426	TAS2R19	TAS2R31	0.997319803531753	1	activation
1427	TAS2R19	TAS2R50	0.990433757235212	1	activation
1428	TAS2R19	TAS2R46	-0.18228943576549	1	inhibition
1429	TAS2R19	OR13F1	0.986462629790466	1	activation
1430	TAS2R19	C17orf78	0.999844711128827	1	activation
1431	TAS2R19	DDOST	0.983815063211274	1	activation
1432	TAS2R20	PRH2	0.96026241690738	1	activation
1433	TAS2R20	CPZ	-0.0598948763214609	1	inhibition
1434	TAS2R31	TAS2R19	0.997319803531753	1	activation
1435	TAS2R31	FKSG29	0.999506353340047	1	activation
1436	TAS2R31	OMD	0.993179933278886	1	activation
1437	TAS2R38	PCOTH	-0.212841826796725	1	inhibition
1438	TAS2R38	CCL24	0.597820541213229	1	activation
1439	TAS2R38	HES5	0.979435275050305	1	activation
1440	TAS2R39	DNAH7	0.998472210790431	1	activation
1441	TAS2R39	GPR39	0.648309060949098	1	activation
1442	TAS2R39	LRRC18	0.997935471195621	1	activation
1443	TAS2R39	OCM2	0.442999942819448	1	activation
1444	TAS2R46	KCTD4	0.339737749910206	1	activation
1445	TAS2R46	TAS2R19	-0.18228943576549	1	inhibition
1446	TAS2R46	ALMS1	-0.81252263372799	1	inhibition
1447	TAS2R46	ZNF678	0.350992301644665	1	activation
1448	TAS2R46	SLC6A4	0.968400439818923	1	activation
1449	TAS2R46	GPR179	-0.118595042596334	1	inhibition
1450	TAS2R46	MEGF11	0.35409198612334	1	activation
1451	TAS2R46	EYS	-0.573641517056019	1	inhibition
1452	TAS2R46	TNFSF12-TNFSF13	0.424009257599154	1	activation
1453	TAS2R5	EFCAB5	0.997150876896211	1	activation
1454	TAS2R5	ZNF30	0.981475508443275	1	activation
1455	TAS2R5	PLXNB3	-0.119374962340577	1	inhibition
1456	TAS2R5	ATP8B5P	0.948749842572434	1	activation
1457	TAS2R50	TAS2R19	0.990433757235212	1	activation
1458	TAS2R50	EYS	0.979435275050305	1	activation
1459	TAS2R50	ALMS1	0.953614716816621	1	activation
1460	TAS2R50	MTMR7	0.996847187826937	1	activation
1461	TAS2R50	PCDHGC5	0.885509805879984	1	activation
1462	TAS2R50	EYA1	-0.0749602238492946	1	inhibition
1463	TAS2R50	MICA	-0.0931190363171216	1	inhibition
1464	TBC1D22A	LGSN	-0.192120080654648	1	inhibition
1465	TBC1D3C	STEAP3	0.83328683454595	1	activation
1466	TBC1D3C	MMP23A	0.800707555332629	1	activation
1467	TBC1D3C	C2orf49	-0.316364846528949	1	inhibition
1468	TEAD1	OSMR	0.964343791157972	1	activation
1469	TEAD1	PLCE1	-0.551474188474463	1	inhibition
1470	TEAD1	PLAT	-0.875076529681943	1	inhibition
1471	TEAD1	ARV1	-0.14198929168382	1	inhibition
1472	TEAD1	PKLR	0.786220117117552	1	activation
1473	TEAD1	ALDH1A1	0.971408257178392	1	activation
1474	TEAD1	NPAS2	-0.135833921635825	1	inhibition
1475	TEAD1	IDO2	-0.117047282305813	1	inhibition
1476	TEAD1	OR13C4	-0.691942708762908	1	inhibition
1477	TEAD1	AHRR	-0.575210312442801	1	inhibition
1478	TFAP2D	SDS	0.933785460675259	1	activation
1479	TFAP2D	SI	0.693168665616411	1	activation
1480	TFAP2D	CLDN22	0.954102577316058	1	activation
1481	TFAP2D	EEF1D	-0.640353692761981	1	inhibition
1482	TFAP2D	APCS	-0.105235613604974	1	inhibition
1483	TFAP2D	CDH22	0.753475197873996	1	activation
1484	TFAP2D	ID2	0.890643066090064	1	activation
1485	TFAP2D	ISLR2	0.988146133943423	1	activation
1486	TGS1	ZNF420	-0.923913071281723	1	inhibition
1487	TGS1	WDR75	-0.209290702912129	1	inhibition
1488	TGS1	WDHD1	-0.186614760718372	1	inhibition
1489	TGS1	METTL8	0.96605605573613	1	activation
1490	TGS1	TTC21B	0.815270999180148	1	activation
1491	TLE2	LRRC56	0.820446795761356	1	activation
1492	TLE2	JAKMIP3	-0.0556292099577382	1	inhibition
1493	TLE2	CTAGE1	0.970762889800958	1	activation
1494	TLE2	EPS8L2	0.847416968095923	1	activation
1495	TLE2	KCNN4	0.996273448869225	1	activation
1496	TLE2	CAMK2N2	0.238204487246444	1	activation
1497	TLE2	SPDYE1	-0.831925718861629	1	inhibition
1498	TMEM9B	TMEM150C	0.990374458850476	1	activation
1499	TMEM9B	ADAMTS13	0.826236821191703	1	activation
1500	TMEM9B	RSPO4	-0.0625880330285904	1	inhibition
1501	TMEM9B	POTEE	-0.369964983478252	1	inhibition
1502	TMEM9B	KCNE3	-0.800217257193624	1	inhibition
1503	TNIP2	GPS2	0.545687570241931	1	activation
1504	TNIP2	KCNQ1	0.976129187363707	1	activation
1505	TRAFD1	DAPP1	0.440754246183313	1	activation
1506	TRAFD1	RNF213	-0.92308149786835	1	inhibition
1507	TRAFD1	RARG	0.985967063356582	1	activation
1508	TRAFD1	AATK	-0.973447098746647	1	inhibition
1509	TRAFD1	SPINK5	0.263761120082096	1	activation
1510	TRAFD1	L1TD1	0.905844595338222	1	activation
1511	TRAFD1	ACTA1	-0.0845100103466345	1	inhibition
1512	TRAFD1	SERPINF2	0.778727009298617	1	activation
1513	TRAFD1	RCBTB1	0.725642404486705	1	activation
1514	TRAFD1	PPFIA2	-0.198870825983726	1	inhibition
1515	TRAFD1	CMTM5	-0.980468851945681	1	inhibition
1516	TRIB2	GRAP2	0.796750370663942	1	activation
1517	TRIB2	UNC80	0.284476819506289	1	activation
1518	TRIB2	ZNF75A	-0.484999171465987	1	inhibition
1519	TRIB2	SH3RF1	-0.172814276621747	1	inhibition
1520	TSHZ3	LRP3	-0.0782211147059845	1	inhibition
1521	TSHZ3	KCNK5	0.914850849796415	1	activation
1522	TSHZ3	CCL19	0.506718632102373	1	activation
1523	TSHZ3	TM6SF1	0.240684140921574	1	activation
1524	TSHZ3	FAM107A	0.570760238529611	1	activation
1525	TSHZ3	MACC1	0.989762648897256	1	activation
1526	TSHZ3	RHOB	-0.0744280900138879	1	inhibition
1527	TSHZ3	OCM2	-0.145600244625853	1	inhibition
1528	TSHZ3	MASP1	0.856955427257868	1	activation
1529	TTL	GFI1B	-0.295914245152129	1	inhibition
1530	TTL	ZNF211	-0.945881129342252	1	inhibition
1531	TTN	FAM90A1	-0.430986336687731	1	inhibition
1532	TTN	CSMD2	0.497550850947696	1	activation
1533	TTN	MOGS	0.495260626743014	1	activation
1534	TULP3	DHRS1	-0.363685938340528	1	inhibition
1535	TULP3	EMILIN2	-0.475168992755606	1	inhibition
1536	TULP3	SYPL2	-0.124139646448823	1	inhibition
1537	UBC	OGN	0.739769428618441	1	activation
1538	UBC	ACE2	0.993641358811853	1	activation
1539	UBC	ANGPT2	0.989887790992486	1	activation
1540	UBC	ZNF562	-0.111755893234125	1	inhibition
1541	UBC	AP4S1	0.975019736410626	1	activation
1542	UBE2N	SMNDC1	0.441876737561348	1	activation
1543	UBE2N	MAP3K1	0.893140110198151	1	activation
1544	UBE2N	ATP8B1	-0.332858974304324	1	inhibition
1545	UBE2N	FOXE1	-0.3937918940033	1	inhibition
1546	USP6NL	C4BPB	0.969602129203356	1	activation
1547	USP6NL	SLC41A1	-0.863565974873124	1	inhibition
1548	USP6NL	RHBDL2	-0.0798959296095058	1	inhibition
1549	USP6NL	RGS7	-0.357442230905519	1	inhibition
1550	VAPB	SKA2	0.702206803331751	1	activation
1551	VAV1	RGS19	-0.975220703908557	1	inhibition
1552	VAV1	TBC1D22A	-0.993133451579713	1	inhibition
1553	VAV1	HIVEP3	-0.990553268647849	1	inhibition
1554	VAV1	SEH1L	0.782910235924835	1	activation
1555	VAV1	PTK2B	0.554826657131543	1	activation
1556	VAV1	MAP3K1	0.950591437562486	1	activation
1557	VAV1	CSMD3	0.928270937908989	1	activation
1558	WFS1	SLC41A1	0.928980795076402	1	activation
1559	WFS1	TPM2	0.89363400889295	1	activation
1560	WFS1	SDC3	0.718910360722776	1	activation
1561	WFS1	CYP2B6	0.809992987919258	1	activation
1562	WLS	GREB1	0.456530413646586	1	activation
1563	WLS	CHADL	0.62881285016959	1	activation
1564	WLS	LAMC1	-0.663228278057521	1	inhibition
1565	WLS	IL2RB	-0.0682887738085103	1	inhibition
1566	ZAP70	P2RX5	-0.889270065001244	1	inhibition
1567	ZAP70	ZDHHC13	0.35409198612334	1	activation
1568	ZAP70	NEUROD2	-0.480085112599723	1	inhibition
1569	ZAP70	HOXA13	0.316798768789064	1	activation
1570	ZAP70	FAM81B	-0.884506655581321	1	inhibition
1571	ZBBX	G6PC2	0.622234561912542	1	activation
1572	ZBBX	LCTL	0.963359836663838	1	activation
1573	ZBBX	IDO2	0.576427599943726	1	activation
1574	ZBBX	GPR180	0.999231598356324	1	activation
1575	ZBBX	GTF2IRD2B	0.825520366327532	1	activation
1576	ZBBX	PAGE2B	-0.966047491440722	1	inhibition
1577	ZCCHC2	JPH4	-0.983426442407072	1	inhibition
1578	ZCCHC2	ONECUT2	-0.209290702912129	1	inhibition
1579	ZCCHC2	SPRED2	0.429570777474547	1	activation
1580	ZCCHC2	FBN2	-0.0963639715994103	1	inhibition
1581	ZCCHC2	POU4F1	0.234924801296299	1	activation
1582	ZDHHC13	MTUS2	0.715998725653668	1	activation
1583	ZDHHC13	EEF1D	-0.936476688799666	1	inhibition
1584	ZDHHC13	ZAP70	0.35409198612334	1	activation
1585	ZDHHC13	TMEM126A	0.557107990826923	1	activation
1586	ZDHHC13	PDE6C	-0.218846168649124	1	inhibition
1587	ZDHHC13	IL12RB2	-0.295914245152129	1	inhibition
1588	ZDHHC13	GLYATL2	-0.153028238122888	1	inhibition
1589	ZDHHC13	GPR180	0.684001945672845	1	activation
1590	ZDHHC13	MST1	0.231675490800202	1	activation
1591	ZDHHC13	NR5A2	-0.134113265491164	1	inhibition
1592	ZDHHC13	NLGN1	0.376132760294334	1	activation
1593	ZDHHC3	CCDC102B	0.994371123146765	1	activation
1594	ZDHHC3	SDC4P	-0.96970474424895	1	inhibition
1595	ZDHHC3	DUOX2	-0.184443321562072	1	inhibition
1596	ZDHHC3	GFI1B	-0.166694957050176	1	inhibition
1597	ZFP30	ZNF823	0.925002162796413	1	activation
1598	ZNF107	KY	0.349961911719665	1	activation
1599	ZNF107	NDRG2	0.895104750011695	1	activation
1600	ZNF107	FAM41C	0.993048838823105	1	activation
1601	ZNF107	DDOST	0.937045807289485	1	activation
1602	ZNF107	MTA3	0.225268246603995	1	activation
1603	ZNF20	PPM1H	-0.972038345322368	1	inhibition
1604	ZNF20	STEAP3	-0.557844514671618	1	inhibition
1605	ZNF20	GPR55	0.648309060949098	1	activation
1606	ZNF213	RAD17	0.482682224716781	1	activation
1607	ZNF213	ZNF707	-0.511134447459251	1	inhibition
1608	ZNF213	OR6B2	0.428456791034732	1	activation
1609	ZNF213	KANK4	-0.057727820290611	1	inhibition
1610	ZNF223	MT1L	-0.0760341650242044	1	inhibition
1611	ZNF266	LCA5L	0.790311380574116	1	activation
1612	ZNF266	LOC153684	0.62881285016959	1	activation
1613	ZNF266	NDRG2	0.482682224716781	1	activation
1614	ZNF266	SYNC	0.260256711277685	1	activation
1615	ZNF266	XKRX	-0.780033419835852	1	inhibition
1616	ZNF281	RNF25	0.945171430067084	1	activation
1617	ZNF281	LCA5L	0.828373682984024	1	activation
1618	ZNF281	HSD17B8	0.939554483193762	1	activation
1619	ZNF281	PLEKHG5	0.312895217561227	1	activation
1620	ZNF281	CDC42BPB	-0.0976876507372449	1	inhibition
1621	ZNF30	GRIK5	-0.775812045535896	1	inhibition
1622	ZNF30	CRB1	0.293777851048904	1	activation
1623	ZNF311	LRCH2	0.603406375304589	1	activation
1624	ZNF311	RAET1G	0.546831041767449	1	activation
1625	ZNF311	BCL6B	-0.202305062795494	1	inhibition
1626	ZNF311	PLIN1	0.369776088906904	1	activation
1627	ZNF311	OR1N2	0.244016797679364	1	activation
1628	ZNF311	TTL	0.624431460008702	1	activation
1629	ZNF398	ESYT3	0.746218820862068	1	activation
1630	ZNF398	CRYBB3	0.60452108245799	1	activation
1631	ZNF398	PCDHGC5	0.222897006743215	1	activation
1632	ZNF398	ANGPT4	0.924259025020019	1	activation
1633	ZNF398	IFNA17	0.565079834624918	1	activation
1634	ZNF469	ANKS4B	0.472420462049143	1	activation
1635	ZNF469	DDOST	-0.780033419835852	1	inhibition
1636	ZNF469	LHFPL5	-0.807864773351142	1	inhibition
1637	ZNF469	PRTN3	-0.435878646402411	1	inhibition
1638	ZNF469	SIM2	-0.99426841202148	1	inhibition
1639	ZNF469	OCM2	-0.110279660504978	1	inhibition
1640	ZNF469	FAM83D	-0.0924809672152652	1	inhibition
1641	ZNF48	EPS8L2	-0.89158458154143	1	inhibition
1642	ZNF483	RASGRF2	0.5044258317634	1	activation
1643	ZNF483	DLK1	-0.0937607282219581	1	inhibition
1644	ZNF483	CRYBB3	0.33669935176958	1	activation
1645	ZNF483	ATP6V1G2	0.740696426845295	1	activation
1646	ZNF483	BHMT2	0.227656666311791	1	activation
1647	ZNF483	VWDE	0.570760238529611	1	activation
1648	ZNF496	SLC35A1	0.930034456955328	1	activation
1649	ZNF496	ACR	0.507865195948894	1	activation
1650	ZNF496	KCNE3	0.408556418127066	1	activation
1651	ZNF496	LPXN	-0.621184213240563	1	inhibition
1652	ZNF496	PIRT	0.725642404486705	1	activation
1653	ZNF496	APOC2	-0.726512399599195	1	inhibition
1654	ZNF496	ANKRD35	0.260256711277685	1	activation
1655	ZNF496	PIK3R6	-0.854889021654811	1	inhibition
1656	ZNF507	ZNF420	-0.7671832925476	1	inhibition
1657	ZNF507	ACER2	-0.285935035512069	1	inhibition
1658	ZNF549	ZNF829	0.50213354216711	1	activation
1659	ZNF549	AGBL2	0.265524363079498	1	activation
1660	ZNF562	RAB24	0.62881285016959	1	activation
1661	ZNF562	SERTAD1	-0.572070655158343	1	inhibition
1662	ZNF562	DDT	0.991498600061995	1	activation
1663	ZNF597	CNTNAP4	0.929684713730762	1	activation
1664	ZNF598	FOXH1	0.985192651368903	1	activation
1665	ZNF598	LRRC56	0.947942531779761	1	activation
1666	ZNF598	C7	0.990952551640456	1	activation
1667	ZNF598	SLC3A2	0.996017957130868	1	activation
1668	ZNF652	SERPIND1	0.578690584658153	1	activation
1669	ZNF652	CDC42BPB	-0.971225273278117	1	inhibition
1670	ZNF652	SPDYE1	0.744385594937228	1	activation
1671	ZNF652	ALG1	0.929684713730762	1	activation
1672	ZNF652	PIK3R6	0.912773648878785	1	activation
1673	ZNF652	ADCYAP1	0.747132578858435	1	activation
1674	ZNF652	SIM2	0.986134060572503	1	activation
1675	ZNF678	TAS2R46	0.350992301644665	1	activation
1676	ZNF678	ESYT3	0.249921422680531	1	activation
1677	ZNF678	DNAJB14	-0.0635086852349922	1	inhibition
1678	ZNF678	TNFSF12-TNFSF13	-0.0912156474908613	1	inhibition
1679	ZNF705D	FZD10	-0.905587411879844	1	inhibition
1680	ZNF705D	CELA3A	0.965869476995159	1	activation
1681	ZNF707	CPSF1	-0.0931190363171216	1	inhibition
1682	ZNF707	DMC1	0.84347267911214	1	activation
1683	ZNF707	PPP1R1A	0.750768478242508	1	activation
1684	ZNF707	UCHL5	0.765001520057614	1	activation
1685	ZNF707	KCNN4	0.426231322696866	1	activation
1686	ZNF75A	FRMD7	0.844795668652254	1	activation
1687	ZNF75A	TRIB2	-0.484999171465987	1	inhibition
1688	ZNF778	MMP20	-0.717812250602582	1	inhibition
1689	ZNF778	ZNF469	-0.774747025360817	1	inhibition
1690	ZNF778	ALOX12	0.647235948785244	1	activation
1691	ZNF791	NR2E3	-0.881436662524449	1	inhibition
1692	ZNF791	CNTF	0.786220117117552	1	activation
1693	ZNF791	C9orf131	0.256781865512288	1	activation
1694	ZNF823	ZFP30	0.925002162796413	1	activation
1695	ZNF823	RIMBP3C	-0.530596780984051	1	inhibition
1696	ZNF829	ZNF549	0.50213354216711	1	activation
1697	ZNF829	ABCG2	0.30420883507011	1	activation
1698	ZNF92	CDC42BPB	0.87298292067547	1	activation
1699	ZNF92	MORF4L1	0.954344821940021	1	activation
1700	ZNF92	ZNF823	-0.0573026756004249	1	inhibition
1701	ZNFX1	NPC1	-0.179091533412238	1	inhibition
1702	ZNFX1	MACC1	0.424009257599154	1	activation
1703	ZNFX1	AGMAT	-0.496452069539657	1	inhibition
